Workbook

Sheet Introduction
A1: Welcome to the ELO Mafia Rankings Leaderboard!
A3: How to use this sheet: Start with the Stats Summary tab. This will give you your win rates, your 'sigma' and 'mu' (see FAQ) and, most importantly, your Elo. The FAQ explains how the ratings are calculated, among other things, so if you want to figure out how to reverse engineer everything head over there to take a look. The MatchHistory tab shows how your stats are calculated on a game-by-game basis. The MafiaRatings tab is where we calculate your 'sigma' and 'mu', but probably isn't terribly useful unless you're really interested in getting down into the fine details.
A12: FAQ
A19: If you find an error, like two rankings for the same player, etc., tell Brown Kow in Discord

Sheet Stats Summary
A1: Name | B1: Town Games | C1: Town Wins | D1: Town Win % | E1: Mafia Games | F1: Mafia Wins | G1: Mafia Win % | H1: Total Games | I1: Total Win % | J1: Mu | K1: Sigma | L1: Rating
A2: Rocker | B2: =COUNTIFS(MatchHistory!$B:$B, $A2, MatchHistory!$C:$C, "Town") -> 68 | C2: =COUNTIFS(MatchHistory!B:B, A2, MatchHistory!C:C, "Town", MatchHistory!D:D, "Win") -> 31 | D2: =IFERROR(__xludf.DUMMYFUNCTION("IF(EQ($B2, 0), TO_PERCENT(0), TO_PERCENT($C2/$B2))"),0.45588235294117646) -> 0.45588235 | E2: =COUNTIFS(MatchHistory!$B:$B, $A2, MatchHistory!$C:$C, "Mafia") -> 22 | F2: =COUNTIFS(MatchHistory!$B:$B, $A2, MatchHistory!$C:$C, "Mafia", MatchHistory!$D:$D, "Win") -> 16 | G2: =IFERROR(__xludf.DUMMYFUNCTION("TO_PERCENT(IFERROR($F2/$E2, 0))"),0.7272727272727273) -> 0.72727273 | H2: =SUM(E2, B2) -> 90 | I2: =IFERROR(__xludf.DUMMYFUNCTION("TO_PERCENT(IFERROR(($F2+$C2)/($E2+$B2), 0))"),0.5222222222222223) -> 0.52222222 | J2: {=INDEX(MatchHistory!$G:$G,MATCH(1,(MatchHistory!$B:$B=$A2)*(MatchHistory!$G:$G<>""),0))} -> 36.736488 | K2: {=INDEX(MatchHistory!$H:$H,MATCH(1,(MatchHistory!$B:$B=$A2)*(MatchHistory!$H:$H<>""),0))} -> 5.3194585 | L2: {=INDEX(MatchHistory!$J:$J,MATCH(1,(MatchHistory!$B:$B=$A2)*(MatchHistory!$J:$J<>""),0))} -> 1955
A3: Laur | B3: =COUNTIFS(MatchHistory!$B:$B, $A3, MatchHistory!$C:$C, "Town") -> 48 | C3: =COUNTIFS(MatchHistory!B:B, A3, MatchHistory!C:C, "Town", MatchHistory!D:D, "Win") -> 23 | D3: =IFERROR(__xludf.DUMMYFUNCTION("IF(EQ($B3, 0), TO_PERCENT(0), TO_PERCENT($C3/$B3))"),0.4791666666666667) -> 0.47916667 | E3: =COUNTIFS(MatchHistory!$B:$B, $A3, MatchHistory!$C:$C, "Mafia") -> 11 | F3: =COUNTIFS(MatchHistory!$B:$B, $A3, MatchHistory!$C:$C, "Mafia", MatchHistory!$D:$D, "Win") -> 8 | G3: =IFERROR(__xludf.DUMMYFUNCTION("TO_PERCENT(IFERROR($F3/$E3, 0))"),0.7272727272727273) -> 0.72727273 | H3: =SUM(E3, B3) -> 59 | I3: =IFERROR(__xludf.DUMMYFUNCTION("TO_PERCENT(IFERROR(($F3+$C3)/($E3+$B3), 0))"),0.5254237288135594) -> 0.52542373 | J3: {=INDEX(MatchHistory!$G:$G,MATCH(1,(MatchHistory!$B:$B=$A3)*(MatchHistory!$G:$G<>""),0))} -> 35.476764 | K3: {=INDEX(MatchHistory!$H:$H,MATCH(1,(MatchHistory!$B:$B=$A3)*(MatchHistory!$H:$H<>""),0))} -> 5.8193791 | L3: {=INDEX(MatchHistory!$J:$J,MATCH(1,(MatchHistory!$B:$B=$A3)*(MatchHistory!$J:$J<>""),0))} -> 1819
A4: Noah | B4: =COUNTIFS(MatchHistory!$B:$B, $A4, MatchHistory!$C:$C, "Town") -> 41 | C4: =COUNTIFS(MatchHistory!B:B, A4, MatchHistory!C:C, "Town", MatchHistory!D:D, "Win") -> 19 | D4: =IFERROR(__xludf.DUMMYFUNCTION("IF(EQ($B4, 0), TO_PERCENT(0), TO_PERCENT($C4/$B4))"),0.4634146341463415) -> 0.46341463 | E4: =COUNTIFS(MatchHistory!$B:$B, $A4, MatchHistory!$C:$C, "Mafia") -> 16 | F4: =COUNTIFS(MatchHistory!$B:$B, $A4, MatchHistory!$C:$C, "Mafia", MatchHistory!$D:$D, "Win") -> 10 | G4: =IFERROR(__xludf.DUMMYFUNCTION("TO_PERCENT(IFERROR($F4/$E4, 0))"),0.625) -> 0.625 | H4: =SUM(E4, B4) -> 57 | I4: =IFERROR(__xludf.DUMMYFUNCTION("TO_PERCENT(IFERROR(($F4+$C4)/($E4+$B4), 0))"),0.5087719298245614) -> 0.50877193 | J4: {=INDEX(MatchHistory!$G:$G,MATCH(1,(MatchHistory!$B:$B=$A4)*(MatchHistory!$G:$G<>""),0))} -> 34.73979 | K4: {=INDEX(MatchHistory!$H:$H,MATCH(1,(MatchHistory!$B:$B=$A4)*(MatchHistory!$H:$H<>""),0))} -> 5.9820323 | L4: {=INDEX(MatchHistory!$J:$J,MATCH(1,(MatchHistory!$B:$B=$A4)*(MatchHistory!$J:$J<>""),0))} -> 1752
A5: Creatchee | B5: =COUNTIFS(MatchHistory!$B:$B, $A5, MatchHistory!$C:$C, "Town") -> 21 | C5: =COUNTIFS(MatchHistory!B:B, A5, MatchHistory!C:C, "Town", MatchHistory!D:D, "Win") -> 15 | D5: =IFERROR(__xludf.DUMMYFUNCTION("IF(EQ($B5, 0), TO_PERCENT(0), TO_PERCENT($C5/$B5))"),0.7142857142857143) -> 0.71428571 | E5: =COUNTIFS(MatchHistory!$B:$B, $A5, MatchHistory!$C:$C, "Mafia") -> 3 | F5: =COUNTIFS(MatchHistory!$B:$B, $A5, MatchHistory!$C:$C, "Mafia", MatchHistory!$D:$D, "Win") -> 2 | G5: =IFERROR(__xludf.DUMMYFUNCTION("TO_PERCENT(IFERROR($F5/$E5, 0))"),0.6666666666666666) -> 0.66666667 | H5: =SUM(E5, B5) -> 24 | I5: =IFERROR(__xludf.DUMMYFUNCTION("TO_PERCENT(IFERROR(($F5+$C5)/($E5+$B5), 0))"),0.7083333333333334) -> 0.70833333 | J5: {=INDEX(MatchHistory!$G:$G,MATCH(1,(MatchHistory!$B:$B=$A5)*(MatchHistory!$G:$G<>""),0))} -> 36.313279 | K5: {=INDEX(MatchHistory!$H:$H,MATCH(1,(MatchHistory!$B:$B=$A5)*(MatchHistory!$H:$H<>""),0))} -> 7.1623727 | L5: {=INDEX(MatchHistory!$J:$J,MATCH(1,(MatchHistory!$B:$B=$A5)*(MatchHistory!$J:$J<>""),0))} -> 1739
A6: Rollo | B6: =COUNTIFS(MatchHistory!$B:$B, $A6, MatchHistory!$C:$C, "Town") -> 23 | C6: =COUNTIFS(MatchHistory!B:B, A6, MatchHistory!C:C, "Town", MatchHistory!D:D, "Win") -> 16 | D6: =IFERROR(__xludf.DUMMYFUNCTION("IF(EQ($B6, 0), TO_PERCENT(0), TO_PERCENT($C6/$B6))"),0.6956521739130435) -> 0.69565217 | E6: =COUNTIFS(MatchHistory!$B:$B, $A6, MatchHistory!$C:$C, "Mafia") -> 9 | F6: =COUNTIFS(MatchHistory!$B:$B, $A6, MatchHistory!$C:$C, "Mafia", MatchHistory!$D:$D, "Win") -> 4 | G6: =IFERROR(__xludf.DUMMYFUNCTION("TO_PERCENT(IFERROR($F6/$E6, 0))"),0.4444444444444444) -> 0.44444444 | H6: =SUM(E6, B6) -> 32 | I6: =IFERROR(__xludf.DUMMYFUNCTION("TO_PERCENT(IFERROR(($F6+$C6)/($E6+$B6), 0))"),0.625) -> 0.625 | J6: {=INDEX(MatchHistory!$G:$G,MATCH(1,(MatchHistory!$B:$B=$A6)*(MatchHistory!$G:$G<>""),0))} -> 35.160791 | K6: {=INDEX(MatchHistory!$H:$H,MATCH(1,(MatchHistory!$B:$B=$A6)*(MatchHistory!$H:$H<>""),0))} -> 6.7721296 | L6: {=INDEX(MatchHistory!$J:$J,MATCH(1,(MatchHistory!$B:$B=$A6)*(MatchHistory!$J:$J<>""),0))} -> 1700
A7: Cyclone | B7: =COUNTIFS(MatchHistory!$B:$B, $A7, MatchHistory!$C:$C, "Town") -> 26 | C7: =COUNTIFS(MatchHistory!B:B, A7, MatchHistory!C:C, "Town", MatchHistory!D:D, "Win") -> 11 | D7: =IFERROR(__xludf.DUMMYFUNCTION("IF(EQ($B7, 0), TO_PERCENT(0), TO_PERCENT($C7/$B7))"),0.4230769230769231) -> 0.42307692 | E7: =COUNTIFS(MatchHistory!$B:$B, $A7, MatchHistory!$C:$C, "Mafia") -> 8 | F7: =COUNTIFS(MatchHistory!$B:$B, $A7, MatchHistory!$C:$C, "Mafia", MatchHistory!$D:$D, "Win") -> 7 | G7: =IFERROR(__xludf.DUMMYFUNCTION("TO_PERCENT(IFERROR($F7/$E7, 0))"),0.875) -> 0.875 | H7: =SUM(E7, B7) -> 34 | I7: =IFERROR(__xludf.DUMMYFUNCTION("TO_PERCENT(IFERROR(($F7+$C7)/($E7+$B7), 0))"),0.5294117647058824) -> 0.52941176 | J7: {=INDEX(MatchHistory!$G:$G,MATCH(1,(MatchHistory!$B:$B=$A7)*(MatchHistory!$G:$G<>""),0))} -> 33.996747 | K7: {=INDEX(MatchHistory!$H:$H,MATCH(1,(MatchHistory!$B:$B=$A7)*(MatchHistory!$H:$H<>""),0))} -> 6.6752051 | L7: {=INDEX(MatchHistory!$J:$J,MATCH(1,(MatchHistory!$B:$B=$A7)*(MatchHistory!$J:$J<>""),0))} -> 1631
A8: Iln | B8: =COUNTIFS(MatchHistory!$B:$B, $A8, MatchHistory!$C:$C, "Town") -> 69 | C8: =COUNTIFS(MatchHistory!B:B, A8, MatchHistory!C:C, "Town", MatchHistory!D:D, "Win") -> 28 | D8: =IFERROR(__xludf.DUMMYFUNCTION("IF(EQ($B8, 0), TO_PERCENT(0), TO_PERCENT($C8/$B8))"),0.4057971014492754) -> 0.4057971 | E8: =COUNTIFS(MatchHistory!$B:$B, $A8, MatchHistory!$C:$C, "Mafia") -> 18 | F8: =COUNTIFS(MatchHistory!$B:$B, $A8, MatchHistory!$C:$C, "Mafia", MatchHistory!$D:$D, "Win") -> 12 | G8: =IFERROR(__xludf.DUMMYFUNCTION("TO_PERCENT(IFERROR($F8/$E8, 0))"),0.6666666666666666) -> 0.66666667 | H8: =SUM(E8, B8) -> 87 | I8: =IFERROR(__xludf.DUMMYFUNCTION("TO_PERCENT(IFERROR(($F8+$C8)/($E8+$B8), 0))"),0.45977011494252873) -> 0.45977011 | J8: {=INDEX(MatchHistory!$G:$G,MATCH(1,(MatchHistory!$B:$B=$A8)*(MatchHistory!$G:$G<>""),0))} -> 31.816797 | K8: {=INDEX(MatchHistory!$H:$H,MATCH(1,(MatchHistory!$B:$B=$A8)*(MatchHistory!$H:$H<>""),0))} -> 5.238906 | L8: {=INDEX(MatchHistory!$J:$J,MATCH(1,(MatchHistory!$B:$B=$A8)*(MatchHistory!$J:$J<>""),0))} -> 1629
A9: Brownkow | B9: =COUNTIFS(MatchHistory!$B:$B, $A9, MatchHistory!$C:$C, "Town") -> 62 | C9: =COUNTIFS(MatchHistory!B:B, A9, MatchHistory!C:C, "Town", MatchHistory!D:D, "Win") -> 30 | D9: =IFERROR(__xludf.DUMMYFUNCTION("IF(EQ($B9, 0), TO_PERCENT(0), TO_PERCENT($C9/$B9))"),0.4838709677419355) -> 0.48387097 | E9: =COUNTIFS(MatchHistory!$B:$B, $A9, MatchHistory!$C:$C, "Mafia") -> 22 | F9: =COUNTIFS(MatchHistory!$B:$B, $A9, MatchHistory!$C:$C, "Mafia", MatchHistory!$D:$D, "Win") -> 12 | G9: =IFERROR(__xludf.DUMMYFUNCTION("TO_PERCENT(IFERROR($F9/$E9, 0))"),0.5454545454545454) -> 0.54545455 | H9: =SUM(E9, B9) -> 84 | I9: =IFERROR(__xludf.DUMMYFUNCTION("TO_PERCENT(IFERROR(($F9+$C9)/($E9+$B9), 0))"),0.5) -> 0.5 | J9: {=INDEX(MatchHistory!$G:$G,MATCH(1,(MatchHistory!$B:$B=$A9)*(MatchHistory!$G:$G<>""),0))} -> 31.363469 | K9: {=INDEX(MatchHistory!$H:$H,MATCH(1,(MatchHistory!$B:$B=$A9)*(MatchHistory!$H:$H<>""),0))} -> 5.3604515 | L9: {=INDEX(MatchHistory!$J:$J,MATCH(1,(MatchHistory!$B:$B=$A9)*(MatchHistory!$J:$J<>""),0))} -> 1586
A10: Chipper | B10: =COUNTIFS(MatchHistory!$B:$B, $A10, MatchHistory!$C:$C, "Town") -> 46 | C10: =COUNTIFS(MatchHistory!B:B, A10, MatchHistory!C:C, "Town", MatchHistory!D:D, "Win") -> 18 | D10: =IFERROR(__xludf.DUMMYFUNCTION("IF(EQ($B10, 0), TO_PERCENT(0), TO_PERCENT($C10/$B10))"),0.391304347826087) -> 0.39130435 | E10: =COUNTIFS(MatchHistory!$B:$B, $A10, MatchHistory!$C:$C, "Mafia") -> 18 | F10: =COUNTIFS(MatchHistory!$B:$B, $A10, MatchHistory!$C:$C, "Mafia", MatchHistory!$D:$D, "Win") -> 12 | G10: =IFERROR(__xludf.DUMMYFUNCTION("TO_PERCENT(IFERROR($F10/$E10, 0))"),0.6666666666666666) -> 0.66666667 | H10: =SUM(E10, B10) -> 64 | I10: =IFERROR(__xludf.DUMMYFUNCTION("TO_PERCENT(IFERROR(($F10+$C10)/($E10+$B10), 0))"),0.46875) -> 0.46875 | J10: {=INDEX(MatchHistory!$G:$G,MATCH(1,(MatchHistory!$B:$B=$A10)*(MatchHistory!$G:$G<>""),0))} -> 31.980698 | K10: {=INDEX(MatchHistory!$H:$H,MATCH(1,(MatchHistory!$B:$B=$A10)*(MatchHistory!$H:$H<>""),0))} -> 5.8149377 | L10: {=INDEX(MatchHistory!$J:$J,MATCH(1,(MatchHistory!$B:$B=$A10)*(MatchHistory!$J:$J<>""),0))} -> 1582
A11: Heckmuffins | B11: =COUNTIFS(MatchHistory!$B:$B, $A11, MatchHistory!$C:$C, "Town") -> 7 | C11: =COUNTIFS(MatchHistory!B:B, A11, MatchHistory!C:C, "Town", MatchHistory!D:D, "Win") -> 5 | D11: =IFERROR(__xludf.DUMMYFUNCTION("IF(EQ($B11, 0), TO_PERCENT(0), TO_PERCENT($C11/$B11))"),0.7142857142857143) -> 0.71428571 | E11: =COUNTIFS(MatchHistory!$B:$B, $A11, MatchHistory!$C:$C, "Mafia") -> 0 | F11: =COUNTIFS(MatchHistory!$B:$B, $A11, MatchHistory!$C:$C, "Mafia", MatchHistory!$D:$D, "Win") -> 0 | G11: =IFERROR(__xludf.DUMMYFUNCTION("TO_PERCENT(IFERROR($F11/$E11, 0))"),0.0) -> 0 | H11: =SUM(E11, B11) -> 7 | I11: =IFERROR(__xludf.DUMMYFUNCTION("TO_PERCENT(IFERROR(($F11+$C11)/($E11+$B11), 0))"),0.7142857142857143) -> 0.71428571 | J11: {=INDEX(MatchHistory!$G:$G,MATCH(1,(MatchHistory!$B:$B=$A11)*(MatchHistory!$G:$G<>""),0))} -> 34.52848 | K11: {=INDEX(MatchHistory!$H:$H,MATCH(1,(MatchHistory!$B:$B=$A11)*(MatchHistory!$H:$H<>""),0))} -> 7.7566785 | L11: {=INDEX(MatchHistory!$J:$J,MATCH(1,(MatchHistory!$B:$B=$A11)*(MatchHistory!$J:$J<>""),0))} -> 1557
A12: Lou | B12: =COUNTIFS(MatchHistory!$B:$B, $A12, MatchHistory!$C:$C, "Town") -> 52 | C12: =COUNTIFS(MatchHistory!B:B, A12, MatchHistory!C:C, "Town", MatchHistory!D:D, "Win") -> 23 | D12: =IFERROR(__xludf.DUMMYFUNCTION("IF(EQ($B12, 0), TO_PERCENT(0), TO_PERCENT($C12/$B12))"),0.4423076923076923) -> 0.44230769 | E12: =COUNTIFS(MatchHistory!$B:$B, $A12, MatchHistory!$C:$C, "Mafia") -> 10 | F12: =COUNTIFS(MatchHistory!$B:$B, $A12, MatchHistory!$C:$C, "Mafia", MatchHistory!$D:$D, "Win") -> 5 | G12: =IFERROR(__xludf.DUMMYFUNCTION("TO_PERCENT(IFERROR($F12/$E12, 0))"),0.5) -> 0.5 | H12: =SUM(E12, B12) -> 62 | I12: =IFERROR(__xludf.DUMMYFUNCTION("TO_PERCENT(IFERROR(($F12+$C12)/($E12+$B12), 0))"),0.45161290322580644) -> 0.4516129 | J12: {=INDEX(MatchHistory!$G:$G,MATCH(1,(MatchHistory!$B:$B=$A12)*(MatchHistory!$G:$G<>""),0))} -> 31.267898 | K12: {=INDEX(MatchHistory!$H:$H,MATCH(1,(MatchHistory!$B:$B=$A12)*(MatchHistory!$H:$H<>""),0))} -> 5.8569431 | L12: {=INDEX(MatchHistory!$J:$J,MATCH(1,(MatchHistory!$B:$B=$A12)*(MatchHistory!$J:$J<>""),0))} -> 1529
A13: Mintt | B13: =COUNTIFS(MatchHistory!$B:$B, $A13, MatchHistory!$C:$C, "Town") -> 38 | C13: =COUNTIFS(MatchHistory!B:B, A13, MatchHistory!C:C, "Town", MatchHistory!D:D, "Win") -> 20 | D13: =IFERROR(__xludf.DUMMYFUNCTION("IF(EQ($B13, 0), TO_PERCENT(0), TO_PERCENT($C13/$B13))"),0.5263157894736842) -> 0.52631579 | E13: =COUNTIFS(MatchHistory!$B:$B, $A13, MatchHistory!$C:$C, "Mafia") -> 10 | F13: =COUNTIFS(MatchHistory!$B:$B, $A13, MatchHistory!$C:$C, "Mafia", MatchHistory!$D:$D, "Win") -> 5 | G13: =IFERROR(__xludf.DUMMYFUNCTION("TO_PERCENT(IFERROR($F13/$E13, 0))"),0.5) -> 0.5 | H13: =SUM(E13, B13) -> 48 | I13: =IFERROR(__xludf.DUMMYFUNCTION("TO_PERCENT(IFERROR(($F13+$C13)/($E13+$B13), 0))"),0.5208333333333334) -> 0.52083333 | J13: {=INDEX(MatchHistory!$G:$G,MATCH(1,(MatchHistory!$B:$B=$A13)*(MatchHistory!$G:$G<>""),0))} -> 31.34669 | K13: {=INDEX(MatchHistory!$H:$H,MATCH(1,(MatchHistory!$B:$B=$A13)*(MatchHistory!$H:$H<>""),0))} -> 6.0979417 | L13: {=INDEX(MatchHistory!$J:$J,MATCH(1,(MatchHistory!$B:$B=$A13)*(MatchHistory!$J:$J<>""),0))} -> 1510
A14: Chester | B14: =COUNTIFS(MatchHistory!$B:$B, $A14, MatchHistory!$C:$C, "Town") -> 41 | C14: =COUNTIFS(MatchHistory!B:B, A14, MatchHistory!C:C, "Town", MatchHistory!D:D, "Win") -> 16 | D14: =IFERROR(__xludf.DUMMYFUNCTION("IF(EQ($B14, 0), TO_PERCENT(0), TO_PERCENT($C14/$B14))"),0.3902439024390244) -> 0.3902439 | E14: =COUNTIFS(MatchHistory!$B:$B, $A14, MatchHistory!$C:$C, "Mafia") -> 9 | F14: =COUNTIFS(MatchHistory!$B:$B, $A14, MatchHistory!$C:$C, "Mafia", MatchHistory!$D:$D, "Win") -> 6 | G14: =IFERROR(__xludf.DUMMYFUNCTION("TO_PERCENT(IFERROR($F14/$E14, 0))"),0.6666666666666666) -> 0.66666667 | H14: =SUM(E14, B14) -> 50 | I14: =IFERROR(__xludf.DUMMYFUNCTION("TO_PERCENT(IFERROR(($F14+$C14)/($E14+$B14), 0))"),0.44) -> 0.44 | J14: {=INDEX(MatchHistory!$G:$G,MATCH(1,(MatchHistory!$B:$B=$A14)*(MatchHistory!$G:$G<>""),0))} -> 31.269928 | K14: {=INDEX(MatchHistory!$H:$H,MATCH(1,(MatchHistory!$B:$B=$A14)*(MatchHistory!$H:$H<>""),0))} -> 6.1968095 | L14: {=INDEX(MatchHistory!$J:$J,MATCH(1,(MatchHistory!$B:$B=$A14)*(MatchHistory!$J:$J<>""),0))} -> 1494
A15: Carson | B15: =COUNTIFS(MatchHistory!$B:$B, $A15, MatchHistory!$C:$C, "Town") -> 52 | C15: =COUNTIFS(MatchHistory!B:B, A15, MatchHistory!C:C, "Town", MatchHistory!D:D, "Win") -> 24 | D15: =IFERROR(__xludf.DUMMYFUNCTION("IF(EQ($B15, 0), TO_PERCENT(0), TO_PERCENT($C15/$B15))"),0.46153846153846156) -> 0.46153846 | E15: =COUNTIFS(MatchHistory!$B:$B, $A15, MatchHistory!$C:$C, "Mafia") -> 9 | F15: =COUNTIFS(MatchHistory!$B:$B, $A15, MatchHistory!$C:$C, "Mafia", MatchHistory!$D:$D, "Win") -> 3 | G15: =IFERROR(__xludf.DUMMYFUNCTION("TO_PERCENT(IFERROR($F15/$E15, 0))"),0.3333333333333333) -> 0.33333333 | H15: =SUM(E15, B15) -> 61 | I15: =IFERROR(__xludf.DUMMYFUNCTION("TO_PERCENT(IFERROR(($F15+$C15)/($E15+$B15), 0))"),0.4426229508196721) -> 0.44262295 | J15: {=INDEX(MatchHistory!$G:$G,MATCH(1,(MatchHistory!$B:$B=$A15)*(MatchHistory!$G:$G<>""),0))} -> 30.325724 | K15: {=INDEX(MatchHistory!$H:$H,MATCH(1,(MatchHistory!$B:$B=$A15)*(MatchHistory!$H:$H<>""),0))} -> 5.7922464 | L15: {=INDEX(MatchHistory!$J:$J,MATCH(1,(MatchHistory!$B:$B=$A15)*(MatchHistory!$J:$J<>""),0))} -> 1471
A16: Matt | B16: =COUNTIFS(MatchHistory!$B:$B, $A16, MatchHistory!$C:$C, "Town") -> 11 | C16: =COUNTIFS(MatchHistory!B:B, A16, MatchHistory!C:C, "Town", MatchHistory!D:D, "Win") -> 5 | D16: =IFERROR(__xludf.DUMMYFUNCTION("IF(EQ($B16, 0), TO_PERCENT(0), TO_PERCENT($C16/$B16))"),0.45454545454545453) -> 0.45454545 | E16: =COUNTIFS(MatchHistory!$B:$B, $A16, MatchHistory!$C:$C, "Mafia") -> 0 | F16: =COUNTIFS(MatchHistory!$B:$B, $A16, MatchHistory!$C:$C, "Mafia", MatchHistory!$D:$D, "Win") -> 0 | G16: =IFERROR(__xludf.DUMMYFUNCTION("TO_PERCENT(IFERROR($F16/$E16, 0))"),0.0) -> 0 | H16: =SUM(E16, B16) -> 11 | I16: =IFERROR(__xludf.DUMMYFUNCTION("TO_PERCENT(IFERROR(($F16+$C16)/($E16+$B16), 0))"),0.45454545454545453) -> 0.45454545 | J16: {=INDEX(MatchHistory!$G:$G,MATCH(1,(MatchHistory!$B:$B=$A16)*(MatchHistory!$G:$G<>""),0))} -> 32.960848 | K16: {=INDEX(MatchHistory!$H:$H,MATCH(1,(MatchHistory!$B:$B=$A16)*(MatchHistory!$H:$H<>""),0))} -> 7.6433982 | L16: {=INDEX(MatchHistory!$J:$J,MATCH(1,(MatchHistory!$B:$B=$A16)*(MatchHistory!$J:$J<>""),0))} -> 1462
A17: Streety | B17: =COUNTIFS(MatchHistory!$B:$B, $A17, MatchHistory!$C:$C, "Town") -> 28 | C17: =COUNTIFS(MatchHistory!B:B, A17, MatchHistory!C:C, "Town", MatchHistory!D:D, "Win") -> 13 | D17: =IFERROR(__xludf.DUMMYFUNCTION("IF(EQ($B17, 0), TO_PERCENT(0), TO_PERCENT($C17/$B17))"),0.4642857142857143) -> 0.46428571 | E17: =COUNTIFS(MatchHistory!$B:$B, $A17, MatchHistory!$C:$C, "Mafia") -> 8 | F17: =COUNTIFS(MatchHistory!$B:$B, $A17, MatchHistory!$C:$C, "Mafia", MatchHistory!$D:$D, "Win") -> 5 | G17: =IFERROR(__xludf.DUMMYFUNCTION("TO_PERCENT(IFERROR($F17/$E17, 0))"),0.625) -> 0.625 | H17: =SUM(E17, B17) -> 36 | I17: =IFERROR(__xludf.DUMMYFUNCTION("TO_PERCENT(IFERROR(($F17+$C17)/($E17+$B17), 0))"),0.5) -> 0.5 | J17: {=INDEX(MatchHistory!$G:$G,MATCH(1,(MatchHistory!$B:$B=$A17)*(MatchHistory!$G:$G<>""),0))} -> 31.0274 | K17: {=INDEX(MatchHistory!$H:$H,MATCH(1,(MatchHistory!$B:$B=$A17)*(MatchHistory!$H:$H<>""),0))} -> 6.5269233 | L17: {=INDEX(MatchHistory!$J:$J,MATCH(1,(MatchHistory!$B:$B=$A17)*(MatchHistory!$J:$J<>""),0))} -> 1444
A18: Whyin | B18: =COUNTIFS(MatchHistory!$B:$B, $A18, MatchHistory!$C:$C, "Town") -> 34 | C18: =COUNTIFS(MatchHistory!B:B, A18, MatchHistory!C:C, "Town", MatchHistory!D:D, "Win") -> 15 | D18: =IFERROR(__xludf.DUMMYFUNCTION("IF(EQ($B18, 0), TO_PERCENT(0), TO_PERCENT($C18/$B18))"),0.4411764705882353) -> 0.44117647 | E18: =COUNTIFS(MatchHistory!$B:$B, $A18, MatchHistory!$C:$C, "Mafia") -> 10 | F18: =COUNTIFS(MatchHistory!$B:$B, $A18, MatchHistory!$C:$C, "Mafia", MatchHistory!$D:$D, "Win") -> 5 | G18: =IFERROR(__xludf.DUMMYFUNCTION("TO_PERCENT(IFERROR($F18/$E18, 0))"),0.5) -> 0.5 | H18: =SUM(E18, B18) -> 44 | I18: =IFERROR(__xludf.DUMMYFUNCTION("TO_PERCENT(IFERROR(($F18+$C18)/($E18+$B18), 0))"),0.45454545454545453) -> 0.45454545 | J18: {=INDEX(MatchHistory!$G:$G,MATCH(1,(MatchHistory!$B:$B=$A18)*(MatchHistory!$G:$G<>""),0))} -> 30.431018 | K18: {=INDEX(MatchHistory!$H:$H,MATCH(1,(MatchHistory!$B:$B=$A18)*(MatchHistory!$H:$H<>""),0))} -> 6.3408373 | L18: {=INDEX(MatchHistory!$J:$J,MATCH(1,(MatchHistory!$B:$B=$A18)*(MatchHistory!$J:$J<>""),0))} -> 1423
A19: Chelsea | B19: =COUNTIFS(MatchHistory!$B:$B, $A19, MatchHistory!$C:$C, "Town") -> 38 | C19: =COUNTIFS(MatchHistory!B:B, A19, MatchHistory!C:C, "Town", MatchHistory!D:D, "Win") -> 15 | D19: =IFERROR(__xludf.DUMMYFUNCTION("IF(EQ($B19, 0), TO_PERCENT(0), TO_PERCENT($C19/$B19))"),0.39473684210526316) -> 0.39473684 | E19: =COUNTIFS(MatchHistory!$B:$B, $A19, MatchHistory!$C:$C, "Mafia") -> 6 | F19: =COUNTIFS(MatchHistory!$B:$B, $A19, MatchHistory!$C:$C, "Mafia", MatchHistory!$D:$D, "Win") -> 2 | G19: =IFERROR(__xludf.DUMMYFUNCTION("TO_PERCENT(IFERROR($F19/$E19, 0))"),0.3333333333333333) -> 0.33333333 | H19: =SUM(E19, B19) -> 44 | I19: =IFERROR(__xludf.DUMMYFUNCTION("TO_PERCENT(IFERROR(($F19+$C19)/($E19+$B19), 0))"),0.38636363636363635) -> 0.38636364 | J19: {=INDEX(MatchHistory!$G:$G,MATCH(1,(MatchHistory!$B:$B=$A19)*(MatchHistory!$G:$G<>""),0))} -> 30.385304 | K19: {=INDEX(MatchHistory!$H:$H,MATCH(1,(MatchHistory!$B:$B=$A19)*(MatchHistory!$H:$H<>""),0))} -> 6.3232698 | L19: {=INDEX(MatchHistory!$J:$J,MATCH(1,(MatchHistory!$B:$B=$A19)*(MatchHistory!$J:$J<>""),0))} -> 1421
A20: Gilbert | B20: =COUNTIFS(MatchHistory!$B:$B, $A20, MatchHistory!$C:$C, "Town") -> 30 | C20: =COUNTIFS(MatchHistory!B:B, A20, MatchHistory!C:C, "Town", MatchHistory!D:D, "Win") -> 15 | D20: =IFERROR(__xludf.DUMMYFUNCTION("IF(EQ($B20, 0), TO_PERCENT(0), TO_PERCENT($C20/$B20))"),0.5) -> 0.5 | E20: =COUNTIFS(MatchHistory!$B:$B, $A20, MatchHistory!$C:$C, "Mafia") -> 8 | F20: =COUNTIFS(MatchHistory!$B:$B, $A20, MatchHistory!$C:$C, "Mafia", MatchHistory!$D:$D, "Win") -> 3 | G20: =IFERROR(__xludf.DUMMYFUNCTION("TO_PERCENT(IFERROR($F20/$E20, 0))"),0.375) -> 0.375 | H20: =SUM(E20, B20) -> 38 | I20: =IFERROR(__xludf.DUMMYFUNCTION("TO_PERCENT(IFERROR(($F20+$C20)/($E20+$B20), 0))"),0.47368421052631576) -> 0.47368421 | J20: {=INDEX(MatchHistory!$G:$G,MATCH(1,(MatchHistory!$B:$B=$A20)*(MatchHistory!$G:$G<>""),0))} -> 30.32656 | K20: {=INDEX(MatchHistory!$H:$H,MATCH(1,(MatchHistory!$B:$B=$A20)*(MatchHistory!$H:$H<>""),0))} -> 6.471524 | L20: {=INDEX(MatchHistory!$J:$J,MATCH(1,(MatchHistory!$B:$B=$A20)*(MatchHistory!$J:$J<>""),0))} -> 1402
A21: Rick | B21: =COUNTIFS(MatchHistory!$B:$B, $A21, MatchHistory!$C:$C, "Town") -> 20 | C21: =COUNTIFS(MatchHistory!B:B, A21, MatchHistory!C:C, "Town", MatchHistory!D:D, "Win") -> 7 | D21: =IFERROR(__xludf.DUMMYFUNCTION("IF(EQ($B21, 0), TO_PERCENT(0), TO_PERCENT($C21/$B21))"),0.35) -> 0.35 | E21: =COUNTIFS(MatchHistory!$B:$B, $A21, MatchHistory!$C:$C, "Mafia") -> 6 | F21: =COUNTIFS(MatchHistory!$B:$B, $A21, MatchHistory!$C:$C, "Mafia", MatchHistory!$D:$D, "Win") -> 6 | G21: =IFERROR(__xludf.DUMMYFUNCTION("TO_PERCENT(IFERROR($F21/$E21, 0))"),1.0) -> 1 | H21: =SUM(E21, B21) -> 26 | I21: =IFERROR(__xludf.DUMMYFUNCTION("TO_PERCENT(IFERROR(($F21+$C21)/($E21+$B21), 0))"),0.5) -> 0.5 | J21: {=INDEX(MatchHistory!$G:$G,MATCH(1,(MatchHistory!$B:$B=$A21)*(MatchHistory!$G:$G<>""),0))} -> 30.354063 | K21: {=INDEX(MatchHistory!$H:$H,MATCH(1,(MatchHistory!$B:$B=$A21)*(MatchHistory!$H:$H<>""),0))} -> 6.9244329 | L21: {=INDEX(MatchHistory!$J:$J,MATCH(1,(MatchHistory!$B:$B=$A21)*(MatchHistory!$J:$J<>""),0))} -> 1358
A22: Cj | B22: =COUNTIFS(MatchHistory!$B:$B, $A22, MatchHistory!$C:$C, "Town") -> 14 | C22: =COUNTIFS(MatchHistory!B:B, A22, MatchHistory!C:C, "Town", MatchHistory!D:D, "Win") -> 7 | D22: =IFERROR(__xludf.DUMMYFUNCTION("IF(EQ($B22, 0), TO_PERCENT(0), TO_PERCENT($C22/$B22))"),0.5) -> 0.5 | E22: =COUNTIFS(MatchHistory!$B:$B, $A22, MatchHistory!$C:$C, "Mafia") -> 3 | F22: =COUNTIFS(MatchHistory!$B:$B, $A22, MatchHistory!$C:$C, "Mafia", MatchHistory!$D:$D, "Win") -> 1 | G22: =IFERROR(__xludf.DUMMYFUNCTION("TO_PERCENT(IFERROR($F22/$E22, 0))"),0.3333333333333333) -> 0.33333333 | H22: =SUM(E22, B22) -> 17 | I22: =IFERROR(__xludf.DUMMYFUNCTION("TO_PERCENT(IFERROR(($F22+$C22)/($E22+$B22), 0))"),0.47058823529411764) -> 0.47058824 | J22: {=INDEX(MatchHistory!$G:$G,MATCH(1,(MatchHistory!$B:$B=$A22)*(MatchHistory!$G:$G<>""),0))} -> 30.34947 | K22: {=INDEX(MatchHistory!$H:$H,MATCH(1,(MatchHistory!$B:$B=$A22)*(MatchHistory!$H:$H<>""),0))} -> 7.2862664 | L22: {=INDEX(MatchHistory!$J:$J,MATCH(1,(MatchHistory!$B:$B=$A22)*(MatchHistory!$J:$J<>""),0))} -> 1321
A23: Siggy | B23: =COUNTIFS(MatchHistory!$B:$B, $A23, MatchHistory!$C:$C, "Town") -> 8 | C23: =COUNTIFS(MatchHistory!B:B, A23, MatchHistory!C:C, "Town", MatchHistory!D:D, "Win") -> 6 | D23: =IFERROR(__xludf.DUMMYFUNCTION("IF(EQ($B23, 0), TO_PERCENT(0), TO_PERCENT($C23/$B23))"),0.75) -> 0.75 | E23: =COUNTIFS(MatchHistory!$B:$B, $A23, MatchHistory!$C:$C, "Mafia") -> 2 | F23: =COUNTIFS(MatchHistory!$B:$B, $A23, MatchHistory!$C:$C, "Mafia", MatchHistory!$D:$D, "Win") -> 1 | G23: =IFERROR(__xludf.DUMMYFUNCTION("TO_PERCENT(IFERROR($F23/$E23, 0))"),0.5) -> 0.5 | H23: =SUM(E23, B23) -> 10 | I23: =IFERROR(__xludf.DUMMYFUNCTION("TO_PERCENT(IFERROR(($F23+$C23)/($E23+$B23), 0))"),0.7) -> 0.7 | J23: {=INDEX(MatchHistory!$G:$G,MATCH(1,(MatchHistory!$B:$B=$A23)*(MatchHistory!$G:$G<>""),0))} -> 30.685932 | K23: {=INDEX(MatchHistory!$H:$H,MATCH(1,(MatchHistory!$B:$B=$A23)*(MatchHistory!$H:$H<>""),0))} -> 7.5954336 | L23: {=INDEX(MatchHistory!$J:$J,MATCH(1,(MatchHistory!$B:$B=$A23)*(MatchHistory!$J:$J<>""),0))} -> 1312
A24: Badpants | B24: =COUNTIFS(MatchHistory!$B:$B, $A24, MatchHistory!$C:$C, "Town") -> 61 | C24: =COUNTIFS(MatchHistory!B:B, A24, MatchHistory!C:C, "Town", MatchHistory!D:D, "Win") -> 22 | D24: =IFERROR(__xludf.DUMMYFUNCTION("IF(EQ($B24, 0), TO_PERCENT(0), TO_PERCENT($C24/$B24))"),0.36065573770491804) -> 0.36065574 | E24: =COUNTIFS(MatchHistory!$B:$B, $A24, MatchHistory!$C:$C, "Mafia") -> 18 | F24: =COUNTIFS(MatchHistory!$B:$B, $A24, MatchHistory!$C:$C, "Mafia", MatchHistory!$D:$D, "Win") -> 9 | G24: =IFERROR(__xludf.DUMMYFUNCTION("TO_PERCENT(IFERROR($F24/$E24, 0))"),0.5) -> 0.5 | H24: =SUM(E24, B24) -> 79 | I24: =IFERROR(__xludf.DUMMYFUNCTION("TO_PERCENT(IFERROR(($F24+$C24)/($E24+$B24), 0))"),0.3924050632911392) -> 0.39240506 | J24: {=INDEX(MatchHistory!$G:$G,MATCH(1,(MatchHistory!$B:$B=$A24)*(MatchHistory!$G:$G<>""),0))} -> 27.412338 | K24: {=INDEX(MatchHistory!$H:$H,MATCH(1,(MatchHistory!$B:$B=$A24)*(MatchHistory!$H:$H<>""),0))} -> 5.4212107 | L24: {=INDEX(MatchHistory!$J:$J,MATCH(1,(MatchHistory!$B:$B=$A24)*(MatchHistory!$J:$J<>""),0))} -> 1311
A25: Keegan | B25: =COUNTIFS(MatchHistory!$B:$B, $A25, MatchHistory!$C:$C, "Town") -> 16 | C25: =COUNTIFS(MatchHistory!B:B, A25, MatchHistory!C:C, "Town", MatchHistory!D:D, "Win") -> 7 | D25: =IFERROR(__xludf.DUMMYFUNCTION("IF(EQ($B25, 0), TO_PERCENT(0), TO_PERCENT($C25/$B25))"),0.4375) -> 0.4375 | E25: =COUNTIFS(MatchHistory!$B:$B, $A25, MatchHistory!$C:$C, "Mafia") -> 4 | F25: =COUNTIFS(MatchHistory!$B:$B, $A25, MatchHistory!$C:$C, "Mafia", MatchHistory!$D:$D, "Win") -> 3 | G25: =IFERROR(__xludf.DUMMYFUNCTION("TO_PERCENT(IFERROR($F25/$E25, 0))"),0.75) -> 0.75 | H25: =SUM(E25, B25) -> 20 | I25: =IFERROR(__xludf.DUMMYFUNCTION("TO_PERCENT(IFERROR(($F25+$C25)/($E25+$B25), 0))"),0.5) -> 0.5 | J25: {=INDEX(MatchHistory!$G:$G,MATCH(1,(MatchHistory!$B:$B=$A25)*(MatchHistory!$G:$G<>""),0))} -> 30.105009 | K25: {=INDEX(MatchHistory!$H:$H,MATCH(1,(MatchHistory!$B:$B=$A25)*(MatchHistory!$H:$H<>""),0))} -> 7.2456647 | L25: {=INDEX(MatchHistory!$J:$J,MATCH(1,(MatchHistory!$B:$B=$A25)*(MatchHistory!$J:$J<>""),0))} -> 1308
A26: Xcync | B26: =COUNTIFS(MatchHistory!$B:$B, $A26, MatchHistory!$C:$C, "Town") -> 14 | C26: =COUNTIFS(MatchHistory!B:B, A26, MatchHistory!C:C, "Town", MatchHistory!D:D, "Win") -> 7 | D26: =IFERROR(__xludf.DUMMYFUNCTION("IF(EQ($B26, 0), TO_PERCENT(0), TO_PERCENT($C26/$B26))"),0.5) -> 0.5 | E26: =COUNTIFS(MatchHistory!$B:$B, $A26, MatchHistory!$C:$C, "Mafia") -> 5 | F26: =COUNTIFS(MatchHistory!$B:$B, $A26, MatchHistory!$C:$C, "Mafia", MatchHistory!$D:$D, "Win") -> 3 | G26: =IFERROR(__xludf.DUMMYFUNCTION("TO_PERCENT(IFERROR($F26/$E26, 0))"),0.6) -> 0.6 | H26: =SUM(E26, B26) -> 19 | I26: =IFERROR(__xludf.DUMMYFUNCTION("TO_PERCENT(IFERROR(($F26+$C26)/($E26+$B26), 0))"),0.5263157894736842) -> 0.52631579 | J26: {=INDEX(MatchHistory!$G:$G,MATCH(1,(MatchHistory!$B:$B=$A26)*(MatchHistory!$G:$G<>""),0))} -> 30.180624 | K26: {=INDEX(MatchHistory!$H:$H,MATCH(1,(MatchHistory!$B:$B=$A26)*(MatchHistory!$H:$H<>""),0))} -> 7.3048589 | L26: {=INDEX(MatchHistory!$J:$J,MATCH(1,(MatchHistory!$B:$B=$A26)*(MatchHistory!$J:$J<>""),0))} -> 1307
A27: Kden | B27: =COUNTIFS(MatchHistory!$B:$B, $A27, MatchHistory!$C:$C, "Town") -> 44 | C27: =COUNTIFS(MatchHistory!B:B, A27, MatchHistory!C:C, "Town", MatchHistory!D:D, "Win") -> 14 | D27: =IFERROR(__xludf.DUMMYFUNCTION("IF(EQ($B27, 0), TO_PERCENT(0), TO_PERCENT($C27/$B27))"),0.3181818181818182) -> 0.31818182 | E27: =COUNTIFS(MatchHistory!$B:$B, $A27, MatchHistory!$C:$C, "Mafia") -> 9 | F27: =COUNTIFS(MatchHistory!$B:$B, $A27, MatchHistory!$C:$C, "Mafia", MatchHistory!$D:$D, "Win") -> 5 | G27: =IFERROR(__xludf.DUMMYFUNCTION("TO_PERCENT(IFERROR($F27/$E27, 0))"),0.5555555555555556) -> 0.55555556 | H27: =SUM(E27, B27) -> 53 | I27: =IFERROR(__xludf.DUMMYFUNCTION("TO_PERCENT(IFERROR(($F27+$C27)/($E27+$B27), 0))"),0.3584905660377358) -> 0.35849057 | J27: {=INDEX(MatchHistory!$G:$G,MATCH(1,(MatchHistory!$B:$B=$A27)*(MatchHistory!$G:$G<>""),0))} -> 28.313355 | K27: {=INDEX(MatchHistory!$H:$H,MATCH(1,(MatchHistory!$B:$B=$A27)*(MatchHistory!$H:$H<>""),0))} -> 6.0672109 | L27: {=INDEX(MatchHistory!$J:$J,MATCH(1,(MatchHistory!$B:$B=$A27)*(MatchHistory!$J:$J<>""),0))} -> 1306
A28: Strik3r | B28: =COUNTIFS(MatchHistory!$B:$B, $A28, MatchHistory!$C:$C, "Town") -> 22 | C28: =COUNTIFS(MatchHistory!B:B, A28, MatchHistory!C:C, "Town", MatchHistory!D:D, "Win") -> 8 | D28: =IFERROR(__xludf.DUMMYFUNCTION("IF(EQ($B28, 0), TO_PERCENT(0), TO_PERCENT($C28/$B28))"),0.36363636363636365) -> 0.36363636 | E28: =COUNTIFS(MatchHistory!$B:$B, $A28, MatchHistory!$C:$C, "Mafia") -> 11 | F28: =COUNTIFS(MatchHistory!$B:$B, $A28, MatchHistory!$C:$C, "Mafia", MatchHistory!$D:$D, "Win") -> 7 | G28: =IFERROR(__xludf.DUMMYFUNCTION("TO_PERCENT(IFERROR($F28/$E28, 0))"),0.6363636363636364) -> 0.63636364 | H28: =SUM(E28, B28) -> 33 | I28: =IFERROR(__xludf.DUMMYFUNCTION("TO_PERCENT(IFERROR(($F28+$C28)/($E28+$B28), 0))"),0.45454545454545453) -> 0.45454545 | J28: {=INDEX(MatchHistory!$G:$G,MATCH(1,(MatchHistory!$B:$B=$A28)*(MatchHistory!$G:$G<>""),0))} -> 28.631602 | K28: {=INDEX(MatchHistory!$H:$H,MATCH(1,(MatchHistory!$B:$B=$A28)*(MatchHistory!$H:$H<>""),0))} -> 6.5821928 | L28: {=INDEX(MatchHistory!$J:$J,MATCH(1,(MatchHistory!$B:$B=$A28)*(MatchHistory!$J:$J<>""),0))} -> 1276
A29: Josh | B29: =COUNTIFS(MatchHistory!$B:$B, $A29, MatchHistory!$C:$C, "Town") -> 12 | C29: =COUNTIFS(MatchHistory!B:B, A29, MatchHistory!C:C, "Town", MatchHistory!D:D, "Win") -> 8 | D29: =IFERROR(__xludf.DUMMYFUNCTION("IF(EQ($B29, 0), TO_PERCENT(0), TO_PERCENT($C29/$B29))"),0.6666666666666666) -> 0.66666667 | E29: =COUNTIFS(MatchHistory!$B:$B, $A29, MatchHistory!$C:$C, "Mafia") -> 6 | F29: =COUNTIFS(MatchHistory!$B:$B, $A29, MatchHistory!$C:$C, "Mafia", MatchHistory!$D:$D, "Win") -> 3 | G29: =IFERROR(__xludf.DUMMYFUNCTION("TO_PERCENT(IFERROR($F29/$E29, 0))"),0.5) -> 0.5 | H29: =SUM(E29, B29) -> 18 | I29: =IFERROR(__xludf.DUMMYFUNCTION("TO_PERCENT(IFERROR(($F29+$C29)/($E29+$B29), 0))"),0.6111111111111112) -> 0.61111111 | J29: {=INDEX(MatchHistory!$G:$G,MATCH(1,(MatchHistory!$B:$B=$A29)*(MatchHistory!$G:$G<>""),0))} -> 28.979614 | K29: {=INDEX(MatchHistory!$H:$H,MATCH(1,(MatchHistory!$B:$B=$A29)*(MatchHistory!$H:$H<>""),0))} -> 7.2783272 | L29: {=INDEX(MatchHistory!$J:$J,MATCH(1,(MatchHistory!$B:$B=$A29)*(MatchHistory!$J:$J<>""),0))} -> 1228
A30: Motr | B30: =COUNTIFS(MatchHistory!$B:$B, $A30, MatchHistory!$C:$C, "Town") -> 20 | C30: =COUNTIFS(MatchHistory!B:B, A30, MatchHistory!C:C, "Town", MatchHistory!D:D, "Win") -> 10 | D30: =IFERROR(__xludf.DUMMYFUNCTION("IF(EQ($B30, 0), TO_PERCENT(0), TO_PERCENT($C30/$B30))"),0.5) -> 0.5 | E30: =COUNTIFS(MatchHistory!$B:$B, $A30, MatchHistory!$C:$C, "Mafia") -> 11 | F30: =COUNTIFS(MatchHistory!$B:$B, $A30, MatchHistory!$C:$C, "Mafia", MatchHistory!$D:$D, "Win") -> 5 | G30: =IFERROR(__xludf.DUMMYFUNCTION("TO_PERCENT(IFERROR($F30/$E30, 0))"),0.45454545454545453) -> 0.45454545 | H30: =SUM(E30, B30) -> 31 | I30: =IFERROR(__xludf.DUMMYFUNCTION("TO_PERCENT(IFERROR(($F30+$C30)/($E30+$B30), 0))"),0.4838709677419355) -> 0.48387097 | J30: {=INDEX(MatchHistory!$G:$G,MATCH(1,(MatchHistory!$B:$B=$A30)*(MatchHistory!$G:$G<>""),0))} -> 27.910313 | K30: {=INDEX(MatchHistory!$H:$H,MATCH(1,(MatchHistory!$B:$B=$A30)*(MatchHistory!$H:$H<>""),0))} -> 6.6196349 | L30: {=INDEX(MatchHistory!$J:$J,MATCH(1,(MatchHistory!$B:$B=$A30)*(MatchHistory!$J:$J<>""),0))} -> 1223
A31: Vincent | B31: =COUNTIFS(MatchHistory!$B:$B, $A31, MatchHistory!$C:$C, "Town") -> 4 | C31: =COUNTIFS(MatchHistory!B:B, A31, MatchHistory!C:C, "Town", MatchHistory!D:D, "Win") -> 3 | D31: =IFERROR(__xludf.DUMMYFUNCTION("IF(EQ($B31, 0), TO_PERCENT(0), TO_PERCENT($C31/$B31))"),0.75) -> 0.75 | E31: =COUNTIFS(MatchHistory!$B:$B, $A31, MatchHistory!$C:$C, "Mafia") -> 0 | F31: =COUNTIFS(MatchHistory!$B:$B, $A31, MatchHistory!$C:$C, "Mafia", MatchHistory!$D:$D, "Win") -> 0 | G31: =IFERROR(__xludf.DUMMYFUNCTION("TO_PERCENT(IFERROR($F31/$E31, 0))"),0.0) -> 0 | H31: =SUM(E31, B31) -> 4 | I31: =IFERROR(__xludf.DUMMYFUNCTION("TO_PERCENT(IFERROR(($F31+$C31)/($E31+$B31), 0))"),0.75) -> 0.75 | J31: {=INDEX(MatchHistory!$G:$G,MATCH(1,(MatchHistory!$B:$B=$A31)*(MatchHistory!$G:$G<>""),0))} -> 29.963729 | K31: {=INDEX(MatchHistory!$H:$H,MATCH(1,(MatchHistory!$B:$B=$A31)*(MatchHistory!$H:$H<>""),0))} -> 8.0292572 | L31: {=INDEX(MatchHistory!$J:$J,MATCH(1,(MatchHistory!$B:$B=$A31)*(MatchHistory!$J:$J<>""),0))} -> 1219
A32: Svaan | B32: =COUNTIFS(MatchHistory!$B:$B, $A32, MatchHistory!$C:$C, "Town") -> 24 | C32: =COUNTIFS(MatchHistory!B:B, A32, MatchHistory!C:C, "Town", MatchHistory!D:D, "Win") -> 9 | D32: =IFERROR(__xludf.DUMMYFUNCTION("IF(EQ($B32, 0), TO_PERCENT(0), TO_PERCENT($C32/$B32))"),0.375) -> 0.375 | E32: =COUNTIFS(MatchHistory!$B:$B, $A32, MatchHistory!$C:$C, "Mafia") -> 8 | F32: =COUNTIFS(MatchHistory!$B:$B, $A32, MatchHistory!$C:$C, "Mafia", MatchHistory!$D:$D, "Win") -> 4 | G32: =IFERROR(__xludf.DUMMYFUNCTION("TO_PERCENT(IFERROR($F32/$E32, 0))"),0.5) -> 0.5 | H32: =SUM(E32, B32) -> 32 | I32: =IFERROR(__xludf.DUMMYFUNCTION("TO_PERCENT(IFERROR(($F32+$C32)/($E32+$B32), 0))"),0.40625) -> 0.40625 | J32: {=INDEX(MatchHistory!$G:$G,MATCH(1,(MatchHistory!$B:$B=$A32)*(MatchHistory!$G:$G<>""),0))} -> 27.920206 | K32: {=INDEX(MatchHistory!$H:$H,MATCH(1,(MatchHistory!$B:$B=$A32)*(MatchHistory!$H:$H<>""),0))} -> 6.7017035 | L32: {=INDEX(MatchHistory!$J:$J,MATCH(1,(MatchHistory!$B:$B=$A32)*(MatchHistory!$J:$J<>""),0))} -> 1215
A33: Plen | B33: =COUNTIFS(MatchHistory!$B:$B, $A33, MatchHistory!$C:$C, "Town") -> 62 | C33: =COUNTIFS(MatchHistory!B:B, A33, MatchHistory!C:C, "Town", MatchHistory!D:D, "Win") -> 23 | D33: =IFERROR(__xludf.DUMMYFUNCTION("IF(EQ($B33, 0), TO_PERCENT(0), TO_PERCENT($C33/$B33))"),0.3709677419354839) -> 0.37096774 | E33: =COUNTIFS(MatchHistory!$B:$B, $A33, MatchHistory!$C:$C, "Mafia") -> 11 | F33: =COUNTIFS(MatchHistory!$B:$B, $A33, MatchHistory!$C:$C, "Mafia", MatchHistory!$D:$D, "Win") -> 4 | G33: =IFERROR(__xludf.DUMMYFUNCTION("TO_PERCENT(IFERROR($F33/$E33, 0))"),0.36363636363636365) -> 0.36363636 | H33: =SUM(E33, B33) -> 73 | I33: =IFERROR(__xludf.DUMMYFUNCTION("TO_PERCENT(IFERROR(($F33+$C33)/($E33+$B33), 0))"),0.3698630136986301) -> 0.36986301 | J33: {=INDEX(MatchHistory!$G:$G,MATCH(1,(MatchHistory!$B:$B=$A33)*(MatchHistory!$G:$G<>""),0))} -> 25.765842 | K33: {=INDEX(MatchHistory!$H:$H,MATCH(1,(MatchHistory!$B:$B=$A33)*(MatchHistory!$H:$H<>""),0))} -> 5.5795004 | L33: {=INDEX(MatchHistory!$J:$J,MATCH(1,(MatchHistory!$B:$B=$A33)*(MatchHistory!$J:$J<>""),0))} -> 1183
A34: Crispy | B34: =COUNTIFS(MatchHistory!$B:$B, $A34, MatchHistory!$C:$C, "Town") -> 3 | C34: =COUNTIFS(MatchHistory!B:B, A34, MatchHistory!C:C, "Town", MatchHistory!D:D, "Win") -> 2 | D34: =IFERROR(__xludf.DUMMYFUNCTION("IF(EQ($B34, 0), TO_PERCENT(0), TO_PERCENT($C34/$B34))"),0.6666666666666666) -> 0.66666667 | E34: =COUNTIFS(MatchHistory!$B:$B, $A34, MatchHistory!$C:$C, "Mafia") -> 1 | F34: =COUNTIFS(MatchHistory!$B:$B, $A34, MatchHistory!$C:$C, "Mafia", MatchHistory!$D:$D, "Win") -> 1 | G34: =IFERROR(__xludf.DUMMYFUNCTION("TO_PERCENT(IFERROR($F34/$E34, 0))"),1.0) -> 1 | H34: =SUM(E34, B34) -> 4 | I34: =IFERROR(__xludf.DUMMYFUNCTION("TO_PERCENT(IFERROR(($F34+$C34)/($E34+$B34), 0))"),0.75) -> 0.75 | J34: {=INDEX(MatchHistory!$G:$G,MATCH(1,(MatchHistory!$B:$B=$A34)*(MatchHistory!$G:$G<>""),0))} -> 29.135973 | K34: {=INDEX(MatchHistory!$H:$H,MATCH(1,(MatchHistory!$B:$B=$A34)*(MatchHistory!$H:$H<>""),0))} -> 8.0048127 | L34: {=INDEX(MatchHistory!$J:$J,MATCH(1,(MatchHistory!$B:$B=$A34)*(MatchHistory!$J:$J<>""),0))} -> 1165
A35: Cody | B35: =COUNTIFS(MatchHistory!$B:$B, $A35, MatchHistory!$C:$C, "Town") -> 3 | C35: =COUNTIFS(MatchHistory!B:B, A35, MatchHistory!C:C, "Town", MatchHistory!D:D, "Win") -> 3 | D35: =IFERROR(__xludf.DUMMYFUNCTION("IF(EQ($B35, 0), TO_PERCENT(0), TO_PERCENT($C35/$B35))"),1.0) -> 1 | E35: =COUNTIFS(MatchHistory!$B:$B, $A35, MatchHistory!$C:$C, "Mafia") -> 0 | F35: =COUNTIFS(MatchHistory!$B:$B, $A35, MatchHistory!$C:$C, "Mafia", MatchHistory!$D:$D, "Win") -> 0 | G35: =IFERROR(__xludf.DUMMYFUNCTION("TO_PERCENT(IFERROR($F35/$E35, 0))"),0.0) -> 0 | H35: =SUM(E35, B35) -> 3 | I35: =IFERROR(__xludf.DUMMYFUNCTION("TO_PERCENT(IFERROR(($F35+$C35)/($E35+$B35), 0))"),1.0) -> 1 | J35: {=INDEX(MatchHistory!$G:$G,MATCH(1,(MatchHistory!$B:$B=$A35)*(MatchHistory!$G:$G<>""),0))} -> 29.249108 | K35: {=INDEX(MatchHistory!$H:$H,MATCH(1,(MatchHistory!$B:$B=$A35)*(MatchHistory!$H:$H<>""),0))} -> 8.1282995 | L35: {=INDEX(MatchHistory!$J:$J,MATCH(1,(MatchHistory!$B:$B=$A35)*(MatchHistory!$J:$J<>""),0))} -> 1160
A36: Ken | B36: =COUNTIFS(MatchHistory!$B:$B, $A36, MatchHistory!$C:$C, "Town") -> 31 | C36: =COUNTIFS(MatchHistory!B:B, A36, MatchHistory!C:C, "Town", MatchHistory!D:D, "Win") -> 11 | D36: =IFERROR(__xludf.DUMMYFUNCTION("IF(EQ($B36, 0), TO_PERCENT(0), TO_PERCENT($C36/$B36))"),0.3548387096774194) -> 0.35483871 | E36: =COUNTIFS(MatchHistory!$B:$B, $A36, MatchHistory!$C:$C, "Mafia") -> 7 | F36: =COUNTIFS(MatchHistory!$B:$B, $A36, MatchHistory!$C:$C, "Mafia", MatchHistory!$D:$D, "Win") -> 2 | G36: =IFERROR(__xludf.DUMMYFUNCTION("TO_PERCENT(IFERROR($F36/$E36, 0))"),0.2857142857142857) -> 0.28571429 | H36: =SUM(E36, B36) -> 38 | I36: =IFERROR(__xludf.DUMMYFUNCTION("TO_PERCENT(IFERROR(($F36+$C36)/($E36+$B36), 0))"),0.34210526315789475) -> 0.34210526 | J36: {=INDEX(MatchHistory!$G:$G,MATCH(1,(MatchHistory!$B:$B=$A36)*(MatchHistory!$G:$G<>""),0))} -> 26.680961 | K36: {=INDEX(MatchHistory!$H:$H,MATCH(1,(MatchHistory!$B:$B=$A36)*(MatchHistory!$H:$H<>""),0))} -> 6.4845692 | L36: {=INDEX(MatchHistory!$J:$J,MATCH(1,(MatchHistory!$B:$B=$A36)*(MatchHistory!$J:$J<>""),0))} -> 1153
A37: Pinkee | B37: =COUNTIFS(MatchHistory!$B:$B, $A37, MatchHistory!$C:$C, "Town") -> 4 | C37: =COUNTIFS(MatchHistory!B:B, A37, MatchHistory!C:C, "Town", MatchHistory!D:D, "Win") -> 3 | D37: =IFERROR(__xludf.DUMMYFUNCTION("IF(EQ($B37, 0), TO_PERCENT(0), TO_PERCENT($C37/$B37))"),0.75) -> 0.75 | E37: =COUNTIFS(MatchHistory!$B:$B, $A37, MatchHistory!$C:$C, "Mafia") -> 0 | F37: =COUNTIFS(MatchHistory!$B:$B, $A37, MatchHistory!$C:$C, "Mafia", MatchHistory!$D:$D, "Win") -> 0 | G37: =IFERROR(__xludf.DUMMYFUNCTION("TO_PERCENT(IFERROR($F37/$E37, 0))"),0.0) -> 0 | H37: =SUM(E37, B37) -> 4 | I37: =IFERROR(__xludf.DUMMYFUNCTION("TO_PERCENT(IFERROR(($F37+$C37)/($E37+$B37), 0))"),0.75) -> 0.75 | J37: {=INDEX(MatchHistory!$G:$G,MATCH(1,(MatchHistory!$B:$B=$A37)*(MatchHistory!$G:$G<>""),0))} -> 28.706429 | K37: {=INDEX(MatchHistory!$H:$H,MATCH(1,(MatchHistory!$B:$B=$A37)*(MatchHistory!$H:$H<>""),0))} -> 8.0474698 | L37: {=INDEX(MatchHistory!$J:$J,MATCH(1,(MatchHistory!$B:$B=$A37)*(MatchHistory!$J:$J<>""),0))} -> 1131
A38: Starv | B38: =COUNTIFS(MatchHistory!$B:$B, $A38, MatchHistory!$C:$C, "Town") -> 4 | C38: =COUNTIFS(MatchHistory!B:B, A38, MatchHistory!C:C, "Town", MatchHistory!D:D, "Win") -> 3 | D38: =IFERROR(__xludf.DUMMYFUNCTION("IF(EQ($B38, 0), TO_PERCENT(0), TO_PERCENT($C38/$B38))"),0.75) -> 0.75 | E38: =COUNTIFS(MatchHistory!$B:$B, $A38, MatchHistory!$C:$C, "Mafia") -> 1 | F38: =COUNTIFS(MatchHistory!$B:$B, $A38, MatchHistory!$C:$C, "Mafia", MatchHistory!$D:$D, "Win") -> 1 | G38: =IFERROR(__xludf.DUMMYFUNCTION("TO_PERCENT(IFERROR($F38/$E38, 0))"),1.0) -> 1 | H38: =SUM(E38, B38) -> 5 | I38: =IFERROR(__xludf.DUMMYFUNCTION("TO_PERCENT(IFERROR(($F38+$C38)/($E38+$B38), 0))"),0.8) -> 0.8 | J38: {=INDEX(MatchHistory!$G:$G,MATCH(1,(MatchHistory!$B:$B=$A38)*(MatchHistory!$G:$G<>""),0))} -> 28.686871 | K38: {=INDEX(MatchHistory!$H:$H,MATCH(1,(MatchHistory!$B:$B=$A38)*(MatchHistory!$H:$H<>""),0))} -> 8.0497355 | L38: {=INDEX(MatchHistory!$J:$J,MATCH(1,(MatchHistory!$B:$B=$A38)*(MatchHistory!$J:$J<>""),0))} -> 1130
A39: Kny | B39: =COUNTIFS(MatchHistory!$B:$B, $A39, MatchHistory!$C:$C, "Town") -> 5 | C39: =COUNTIFS(MatchHistory!B:B, A39, MatchHistory!C:C, "Town", MatchHistory!D:D, "Win") -> 3 | D39: =IFERROR(__xludf.DUMMYFUNCTION("IF(EQ($B39, 0), TO_PERCENT(0), TO_PERCENT($C39/$B39))"),0.6) -> 0.6 | E39: =COUNTIFS(MatchHistory!$B:$B, $A39, MatchHistory!$C:$C, "Mafia") -> 1 | F39: =COUNTIFS(MatchHistory!$B:$B, $A39, MatchHistory!$C:$C, "Mafia", MatchHistory!$D:$D, "Win") -> 1 | G39: =IFERROR(__xludf.DUMMYFUNCTION("TO_PERCENT(IFERROR($F39/$E39, 0))"),1.0) -> 1 | H39: =SUM(E39, B39) -> 6 | I39: =IFERROR(__xludf.DUMMYFUNCTION("TO_PERCENT(IFERROR(($F39+$C39)/($E39+$B39), 0))"),0.6666666666666666) -> 0.66666667 | J39: {=INDEX(MatchHistory!$G:$G,MATCH(1,(MatchHistory!$B:$B=$A39)*(MatchHistory!$G:$G<>""),0))} -> 28.397631 | K39: {=INDEX(MatchHistory!$H:$H,MATCH(1,(MatchHistory!$B:$B=$A39)*(MatchHistory!$H:$H<>""),0))} -> 7.9967455 | L39: {=INDEX(MatchHistory!$J:$J,MATCH(1,(MatchHistory!$B:$B=$A39)*(MatchHistory!$J:$J<>""),0))} -> 1115
A40: striker | B40: =COUNTIFS(MatchHistory!$B:$B, $A40, MatchHistory!$C:$C, "Town") -> 5 | C40: =COUNTIFS(MatchHistory!B:B, A40, MatchHistory!C:C, "Town", MatchHistory!D:D, "Win") -> 2 | D40: =IFERROR(__xludf.DUMMYFUNCTION("IF(EQ($B40, 0), TO_PERCENT(0), TO_PERCENT($C40/$B40))"),0.4) -> 0.4 | E40: =COUNTIFS(MatchHistory!$B:$B, $A40, MatchHistory!$C:$C, "Mafia") -> 1 | F40: =COUNTIFS(MatchHistory!$B:$B, $A40, MatchHistory!$C:$C, "Mafia", MatchHistory!$D:$D, "Win") -> 1 | G40: =IFERROR(__xludf.DUMMYFUNCTION("TO_PERCENT(IFERROR($F40/$E40, 0))"),1.0) -> 1 | H40: =SUM(E40, B40) -> 6 | I40: =IFERROR(__xludf.DUMMYFUNCTION("TO_PERCENT(IFERROR(($F40+$C40)/($E40+$B40), 0))"),0.5) -> 0.5 | J40: {=INDEX(MatchHistory!$G:$G,MATCH(1,(MatchHistory!$B:$B=$A40)*(MatchHistory!$G:$G<>""),0))} -> 28.098609 | K40: {=INDEX(MatchHistory!$H:$H,MATCH(1,(MatchHistory!$B:$B=$A40)*(MatchHistory!$H:$H<>""),0))} -> 7.8968515 | L40: {=INDEX(MatchHistory!$J:$J,MATCH(1,(MatchHistory!$B:$B=$A40)*(MatchHistory!$J:$J<>""),0))} -> 1105
A41: Boobles | B41: =COUNTIFS(MatchHistory!$B:$B, $A41, MatchHistory!$C:$C, "Town") -> 6 | C41: =COUNTIFS(MatchHistory!B:B, A41, MatchHistory!C:C, "Town", MatchHistory!D:D, "Win") -> 4 | D41: =IFERROR(__xludf.DUMMYFUNCTION("IF(EQ($B41, 0), TO_PERCENT(0), TO_PERCENT($C41/$B41))"),0.6666666666666666) -> 0.66666667 | E41: =COUNTIFS(MatchHistory!$B:$B, $A41, MatchHistory!$C:$C, "Mafia") -> 2 | F41: =COUNTIFS(MatchHistory!$B:$B, $A41, MatchHistory!$C:$C, "Mafia", MatchHistory!$D:$D, "Win") -> 1 | G41: =IFERROR(__xludf.DUMMYFUNCTION("TO_PERCENT(IFERROR($F41/$E41, 0))"),0.5) -> 0.5 | H41: =SUM(E41, B41) -> 8 | I41: =IFERROR(__xludf.DUMMYFUNCTION("TO_PERCENT(IFERROR(($F41+$C41)/($E41+$B41), 0))"),0.625) -> 0.625 | J41: {=INDEX(MatchHistory!$G:$G,MATCH(1,(MatchHistory!$B:$B=$A41)*(MatchHistory!$G:$G<>""),0))} -> 28.045981 | K41: {=INDEX(MatchHistory!$H:$H,MATCH(1,(MatchHistory!$B:$B=$A41)*(MatchHistory!$H:$H<>""),0))} -> 7.8794217 | L41: {=INDEX(MatchHistory!$J:$J,MATCH(1,(MatchHistory!$B:$B=$A41)*(MatchHistory!$J:$J<>""),0))} -> 1103
A42: Lofty | B42: =COUNTIFS(MatchHistory!$B:$B, $A42, MatchHistory!$C:$C, "Town") -> 13 | C42: =COUNTIFS(MatchHistory!B:B, A42, MatchHistory!C:C, "Town", MatchHistory!D:D, "Win") -> 3 | D42: =IFERROR(__xludf.DUMMYFUNCTION("IF(EQ($B42, 0), TO_PERCENT(0), TO_PERCENT($C42/$B42))"),0.23076923076923078) -> 0.23076923 | E42: =COUNTIFS(MatchHistory!$B:$B, $A42, MatchHistory!$C:$C, "Mafia") -> 3 | F42: =COUNTIFS(MatchHistory!$B:$B, $A42, MatchHistory!$C:$C, "Mafia", MatchHistory!$D:$D, "Win") -> 3 | G42: =IFERROR(__xludf.DUMMYFUNCTION("TO_PERCENT(IFERROR($F42/$E42, 0))"),1.0) -> 1 | H42: =SUM(E42, B42) -> 16 | I42: =IFERROR(__xludf.DUMMYFUNCTION("TO_PERCENT(IFERROR(($F42+$C42)/($E42+$B42), 0))"),0.375) -> 0.375 | J42: {=INDEX(MatchHistory!$G:$G,MATCH(1,(MatchHistory!$B:$B=$A42)*(MatchHistory!$G:$G<>""),0))} -> 27.21859 | K42: {=INDEX(MatchHistory!$H:$H,MATCH(1,(MatchHistory!$B:$B=$A42)*(MatchHistory!$H:$H<>""),0))} -> 7.368481 | L42: {=INDEX(MatchHistory!$J:$J,MATCH(1,(MatchHistory!$B:$B=$A42)*(MatchHistory!$J:$J<>""),0))} -> 1099
A43: Sylvia | B43: =COUNTIFS(MatchHistory!$B:$B, $A43, MatchHistory!$C:$C, "Town") -> 4 | C43: =COUNTIFS(MatchHistory!B:B, A43, MatchHistory!C:C, "Town", MatchHistory!D:D, "Win") -> 2 | D43: =IFERROR(__xludf.DUMMYFUNCTION("IF(EQ($B43, 0), TO_PERCENT(0), TO_PERCENT($C43/$B43))"),0.5) -> 0.5 | E43: =COUNTIFS(MatchHistory!$B:$B, $A43, MatchHistory!$C:$C, "Mafia") -> 1 | F43: =COUNTIFS(MatchHistory!$B:$B, $A43, MatchHistory!$C:$C, "Mafia", MatchHistory!$D:$D, "Win") -> 1 | G43: =IFERROR(__xludf.DUMMYFUNCTION("TO_PERCENT(IFERROR($F43/$E43, 0))"),1.0) -> 1 | H43: =SUM(E43, B43) -> 5 | I43: =IFERROR(__xludf.DUMMYFUNCTION("TO_PERCENT(IFERROR(($F43+$C43)/($E43+$B43), 0))"),0.6) -> 0.6 | J43: {=INDEX(MatchHistory!$G:$G,MATCH(1,(MatchHistory!$B:$B=$A43)*(MatchHistory!$G:$G<>""),0))} -> 27.884109 | K43: {=INDEX(MatchHistory!$H:$H,MATCH(1,(MatchHistory!$B:$B=$A43)*(MatchHistory!$H:$H<>""),0))} -> 7.9725609 | L43: {=INDEX(MatchHistory!$J:$J,MATCH(1,(MatchHistory!$B:$B=$A43)*(MatchHistory!$J:$J<>""),0))} -> 1083
A44: Snazz | B44: =COUNTIFS(MatchHistory!$B:$B, $A44, MatchHistory!$C:$C, "Town") -> 7 | C44: =COUNTIFS(MatchHistory!B:B, A44, MatchHistory!C:C, "Town", MatchHistory!D:D, "Win") -> 2 | D44: =IFERROR(__xludf.DUMMYFUNCTION("IF(EQ($B44, 0), TO_PERCENT(0), TO_PERCENT($C44/$B44))"),0.2857142857142857) -> 0.28571429 | E44: =COUNTIFS(MatchHistory!$B:$B, $A44, MatchHistory!$C:$C, "Mafia") -> 3 | F44: =COUNTIFS(MatchHistory!$B:$B, $A44, MatchHistory!$C:$C, "Mafia", MatchHistory!$D:$D, "Win") -> 3 | G44: =IFERROR(__xludf.DUMMYFUNCTION("TO_PERCENT(IFERROR($F44/$E44, 0))"),1.0) -> 1 | H44: =SUM(E44, B44) -> 10 | I44: =IFERROR(__xludf.DUMMYFUNCTION("TO_PERCENT(IFERROR(($F44+$C44)/($E44+$B44), 0))"),0.5) -> 0.5 | J44: {=INDEX(MatchHistory!$G:$G,MATCH(1,(MatchHistory!$B:$B=$A44)*(MatchHistory!$G:$G<>""),0))} -> 27.38113 | K44: {=INDEX(MatchHistory!$H:$H,MATCH(1,(MatchHistory!$B:$B=$A44)*(MatchHistory!$H:$H<>""),0))} -> 7.6620394 | L44: {=INDEX(MatchHistory!$J:$J,MATCH(1,(MatchHistory!$B:$B=$A44)*(MatchHistory!$J:$J<>""),0))} -> 1080
A45: Jake | B45: =COUNTIFS(MatchHistory!$B:$B, $A45, MatchHistory!$C:$C, "Town") -> 3 | C45: =COUNTIFS(MatchHistory!B:B, A45, MatchHistory!C:C, "Town", MatchHistory!D:D, "Win") -> 2 | D45: =IFERROR(__xludf.DUMMYFUNCTION("IF(EQ($B45, 0), TO_PERCENT(0), TO_PERCENT($C45/$B45))"),0.6666666666666666) -> 0.66666667 | E45: =COUNTIFS(MatchHistory!$B:$B, $A45, MatchHistory!$C:$C, "Mafia") -> 0 | F45: =COUNTIFS(MatchHistory!$B:$B, $A45, MatchHistory!$C:$C, "Mafia", MatchHistory!$D:$D, "Win") -> 0 | G45: =IFERROR(__xludf.DUMMYFUNCTION("TO_PERCENT(IFERROR($F45/$E45, 0))"),0.0) -> 0 | H45: =SUM(E45, B45) -> 3 | I45: =IFERROR(__xludf.DUMMYFUNCTION("TO_PERCENT(IFERROR(($F45+$C45)/($E45+$B45), 0))"),0.6666666666666666) -> 0.66666667 | J45: {=INDEX(MatchHistory!$G:$G,MATCH(1,(MatchHistory!$B:$B=$A45)*(MatchHistory!$G:$G<>""),0))} -> 28.003534 | K45: {=INDEX(MatchHistory!$H:$H,MATCH(1,(MatchHistory!$B:$B=$A45)*(MatchHistory!$H:$H<>""),0))} -> 8.1263685 | L45: {=INDEX(MatchHistory!$J:$J,MATCH(1,(MatchHistory!$B:$B=$A45)*(MatchHistory!$J:$J<>""),0))} -> 1075
A46: Qe | B46: =COUNTIFS(MatchHistory!$B:$B, $A46, MatchHistory!$C:$C, "Town") -> 2 | C46: =COUNTIFS(MatchHistory!B:B, A46, MatchHistory!C:C, "Town", MatchHistory!D:D, "Win") -> 2 | D46: =IFERROR(__xludf.DUMMYFUNCTION("IF(EQ($B46, 0), TO_PERCENT(0), TO_PERCENT($C46/$B46))"),1.0) -> 1 | E46: =COUNTIFS(MatchHistory!$B:$B, $A46, MatchHistory!$C:$C, "Mafia") -> 0 | F46: =COUNTIFS(MatchHistory!$B:$B, $A46, MatchHistory!$C:$C, "Mafia", MatchHistory!$D:$D, "Win") -> 0 | G46: =IFERROR(__xludf.DUMMYFUNCTION("TO_PERCENT(IFERROR($F46/$E46, 0))"),0.0) -> 0 | H46: =SUM(E46, B46) -> 2 | I46: =IFERROR(__xludf.DUMMYFUNCTION("TO_PERCENT(IFERROR(($F46+$C46)/($E46+$B46), 0))"),1.0) -> 1 | J46: {=INDEX(MatchHistory!$G:$G,MATCH(1,(MatchHistory!$B:$B=$A46)*(MatchHistory!$G:$G<>""),0))} -> 27.864618 | K46: {=INDEX(MatchHistory!$H:$H,MATCH(1,(MatchHistory!$B:$B=$A46)*(MatchHistory!$H:$H<>""),0))} -> 8.177631 | L46: {=INDEX(MatchHistory!$J:$J,MATCH(1,(MatchHistory!$B:$B=$A46)*(MatchHistory!$J:$J<>""),0))} -> 1061
A47: 5up | B47: =COUNTIFS(MatchHistory!$B:$B, $A47, MatchHistory!$C:$C, "Town") -> 1 | C47: =COUNTIFS(MatchHistory!B:B, A47, MatchHistory!C:C, "Town", MatchHistory!D:D, "Win") -> 1 | D47: =IFERROR(__xludf.DUMMYFUNCTION("IF(EQ($B47, 0), TO_PERCENT(0), TO_PERCENT($C47/$B47))"),1.0) -> 1 | E47: =COUNTIFS(MatchHistory!$B:$B, $A47, MatchHistory!$C:$C, "Mafia") -> 1 | F47: =COUNTIFS(MatchHistory!$B:$B, $A47, MatchHistory!$C:$C, "Mafia", MatchHistory!$D:$D, "Win") -> 1 | G47: =IFERROR(__xludf.DUMMYFUNCTION("TO_PERCENT(IFERROR($F47/$E47, 0))"),1.0) -> 1 | H47: =SUM(E47, B47) -> 2 | I47: =IFERROR(__xludf.DUMMYFUNCTION("TO_PERCENT(IFERROR(($F47+$C47)/($E47+$B47), 0))"),1.0) -> 1 | J47: {=INDEX(MatchHistory!$G:$G,MATCH(1,(MatchHistory!$B:$B=$A47)*(MatchHistory!$G:$G<>""),0))} -> 27.576392 | K47: {=INDEX(MatchHistory!$H:$H,MATCH(1,(MatchHistory!$B:$B=$A47)*(MatchHistory!$H:$H<>""),0))} -> 8.2084444 | L47: {=INDEX(MatchHistory!$J:$J,MATCH(1,(MatchHistory!$B:$B=$A47)*(MatchHistory!$J:$J<>""),0))} -> 1038
A48: Jonas | B48: =COUNTIFS(MatchHistory!$B:$B, $A48, MatchHistory!$C:$C, "Town") -> 4 | C48: =COUNTIFS(MatchHistory!B:B, A48, MatchHistory!C:C, "Town", MatchHistory!D:D, "Win") -> 1 | D48: =IFERROR(__xludf.DUMMYFUNCTION("IF(EQ($B48, 0), TO_PERCENT(0), TO_PERCENT($C48/$B48))"),0.25) -> 0.25 | E48: =COUNTIFS(MatchHistory!$B:$B, $A48, MatchHistory!$C:$C, "Mafia") -> 1 | F48: =COUNTIFS(MatchHistory!$B:$B, $A48, MatchHistory!$C:$C, "Mafia", MatchHistory!$D:$D, "Win") -> 1 | G48: =IFERROR(__xludf.DUMMYFUNCTION("TO_PERCENT(IFERROR($F48/$E48, 0))"),1.0) -> 1 | H48: =SUM(E48, B48) -> 5 | I48: =IFERROR(__xludf.DUMMYFUNCTION("TO_PERCENT(IFERROR(($F48+$C48)/($E48+$B48), 0))"),0.4) -> 0.4 | J48: {=INDEX(MatchHistory!$G:$G,MATCH(1,(MatchHistory!$B:$B=$A48)*(MatchHistory!$G:$G<>""),0))} -> 27.138778 | K48: {=INDEX(MatchHistory!$H:$H,MATCH(1,(MatchHistory!$B:$B=$A48)*(MatchHistory!$H:$H<>""),0))} -> 7.9839527 | L48: {=INDEX(MatchHistory!$J:$J,MATCH(1,(MatchHistory!$B:$B=$A48)*(MatchHistory!$J:$J<>""),0))} -> 1031
A49: Ryadom | B49: =COUNTIFS(MatchHistory!$B:$B, $A49, MatchHistory!$C:$C, "Town") -> 3 | C49: =COUNTIFS(MatchHistory!B:B, A49, MatchHistory!C:C, "Town", MatchHistory!D:D, "Win") -> 1 | D49: =IFERROR(__xludf.DUMMYFUNCTION("IF(EQ($B49, 0), TO_PERCENT(0), TO_PERCENT($C49/$B49))"),0.3333333333333333) -> 0.33333333 | E49: =COUNTIFS(MatchHistory!$B:$B, $A49, MatchHistory!$C:$C, "Mafia") -> 1 | F49: =COUNTIFS(MatchHistory!$B:$B, $A49, MatchHistory!$C:$C, "Mafia", MatchHistory!$D:$D, "Win") -> 1 | G49: =IFERROR(__xludf.DUMMYFUNCTION("TO_PERCENT(IFERROR($F49/$E49, 0))"),1.0) -> 1 | H49: =SUM(E49, B49) -> 4 | I49: =IFERROR(__xludf.DUMMYFUNCTION("TO_PERCENT(IFERROR(($F49+$C49)/($E49+$B49), 0))"),0.5) -> 0.5 | J49: {=INDEX(MatchHistory!$G:$G,MATCH(1,(MatchHistory!$B:$B=$A49)*(MatchHistory!$G:$G<>""),0))} -> 27.175318 | K49: {=INDEX(MatchHistory!$H:$H,MATCH(1,(MatchHistory!$B:$B=$A49)*(MatchHistory!$H:$H<>""),0))} -> 8.105221 | L49: {=INDEX(MatchHistory!$J:$J,MATCH(1,(MatchHistory!$B:$B=$A49)*(MatchHistory!$J:$J<>""),0))} -> 1021
A50: Machop | B50: =COUNTIFS(MatchHistory!$B:$B, $A50, MatchHistory!$C:$C, "Town") -> 29 | C50: =COUNTIFS(MatchHistory!B:B, A50, MatchHistory!C:C, "Town", MatchHistory!D:D, "Win") -> 12 | D50: =IFERROR(__xludf.DUMMYFUNCTION("IF(EQ($B50, 0), TO_PERCENT(0), TO_PERCENT($C50/$B50))"),0.41379310344827586) -> 0.4137931 | E50: =COUNTIFS(MatchHistory!$B:$B, $A50, MatchHistory!$C:$C, "Mafia") -> 9 | F50: =COUNTIFS(MatchHistory!$B:$B, $A50, MatchHistory!$C:$C, "Mafia", MatchHistory!$D:$D, "Win") -> 4 | G50: =IFERROR(__xludf.DUMMYFUNCTION("TO_PERCENT(IFERROR($F50/$E50, 0))"),0.4444444444444444) -> 0.44444444 | H50: =SUM(E50, B50) -> 38 | I50: =IFERROR(__xludf.DUMMYFUNCTION("TO_PERCENT(IFERROR(($F50+$C50)/($E50+$B50), 0))"),0.42105263157894735) -> 0.42105263 | J50: {=INDEX(MatchHistory!$G:$G,MATCH(1,(MatchHistory!$B:$B=$A50)*(MatchHistory!$G:$G<>""),0))} -> 24.676032 | K50: {=INDEX(MatchHistory!$H:$H,MATCH(1,(MatchHistory!$B:$B=$A50)*(MatchHistory!$H:$H<>""),0))} -> 6.6723845 | L50: {=INDEX(MatchHistory!$J:$J,MATCH(1,(MatchHistory!$B:$B=$A50)*(MatchHistory!$J:$J<>""),0))} -> 997
A51: Hunter | B51: =COUNTIFS(MatchHistory!$B:$B, $A51, MatchHistory!$C:$C, "Town") -> 7 | C51: =COUNTIFS(MatchHistory!B:B, A51, MatchHistory!C:C, "Town", MatchHistory!D:D, "Win") -> 3 | D51: =IFERROR(__xludf.DUMMYFUNCTION("IF(EQ($B51, 0), TO_PERCENT(0), TO_PERCENT($C51/$B51))"),0.42857142857142855) -> 0.42857143 | E51: =COUNTIFS(MatchHistory!$B:$B, $A51, MatchHistory!$C:$C, "Mafia") -> 3 | F51: =COUNTIFS(MatchHistory!$B:$B, $A51, MatchHistory!$C:$C, "Mafia", MatchHistory!$D:$D, "Win") -> 2 | G51: =IFERROR(__xludf.DUMMYFUNCTION("TO_PERCENT(IFERROR($F51/$E51, 0))"),0.6666666666666666) -> 0.66666667 | H51: =SUM(E51, B51) -> 10 | I51: =IFERROR(__xludf.DUMMYFUNCTION("TO_PERCENT(IFERROR(($F51+$C51)/($E51+$B51), 0))"),0.5) -> 0.5 | J51: {=INDEX(MatchHistory!$G:$G,MATCH(1,(MatchHistory!$B:$B=$A51)*(MatchHistory!$G:$G<>""),0))} -> 26.038543 | K51: {=INDEX(MatchHistory!$H:$H,MATCH(1,(MatchHistory!$B:$B=$A51)*(MatchHistory!$H:$H<>""),0))} -> 7.5973829 | L51: {=INDEX(MatchHistory!$J:$J,MATCH(1,(MatchHistory!$B:$B=$A51)*(MatchHistory!$J:$J<>""),0))} -> 996
A52: Nick | B52: =COUNTIFS(MatchHistory!$B:$B, $A52, MatchHistory!$C:$C, "Town") -> 6 | C52: =COUNTIFS(MatchHistory!B:B, A52, MatchHistory!C:C, "Town", MatchHistory!D:D, "Win") -> 3 | D52: =IFERROR(__xludf.DUMMYFUNCTION("IF(EQ($B52, 0), TO_PERCENT(0), TO_PERCENT($C52/$B52))"),0.5) -> 0.5 | E52: =COUNTIFS(MatchHistory!$B:$B, $A52, MatchHistory!$C:$C, "Mafia") -> 0 | F52: =COUNTIFS(MatchHistory!$B:$B, $A52, MatchHistory!$C:$C, "Mafia", MatchHistory!$D:$D, "Win") -> 0 | G52: =IFERROR(__xludf.DUMMYFUNCTION("TO_PERCENT(IFERROR($F52/$E52, 0))"),0.0) -> 0 | H52: =SUM(E52, B52) -> 6 | I52: =IFERROR(__xludf.DUMMYFUNCTION("TO_PERCENT(IFERROR(($F52+$C52)/($E52+$B52), 0))"),0.5) -> 0.5 | J52: {=INDEX(MatchHistory!$G:$G,MATCH(1,(MatchHistory!$B:$B=$A52)*(MatchHistory!$G:$G<>""),0))} -> 26.595768 | K52: {=INDEX(MatchHistory!$H:$H,MATCH(1,(MatchHistory!$B:$B=$A52)*(MatchHistory!$H:$H<>""),0))} -> 7.9753899 | L52: {=INDEX(MatchHistory!$J:$J,MATCH(1,(MatchHistory!$B:$B=$A52)*(MatchHistory!$J:$J<>""),0))} -> 995
A53: Kwix | B53: =COUNTIFS(MatchHistory!$B:$B, $A53, MatchHistory!$C:$C, "Town") -> 31 | C53: =COUNTIFS(MatchHistory!B:B, A53, MatchHistory!C:C, "Town", MatchHistory!D:D, "Win") -> 13 | D53: =IFERROR(__xludf.DUMMYFUNCTION("IF(EQ($B53, 0), TO_PERCENT(0), TO_PERCENT($C53/$B53))"),0.41935483870967744) -> 0.41935484 | E53: =COUNTIFS(MatchHistory!$B:$B, $A53, MatchHistory!$C:$C, "Mafia") -> 9 | F53: =COUNTIFS(MatchHistory!$B:$B, $A53, MatchHistory!$C:$C, "Mafia", MatchHistory!$D:$D, "Win") -> 4 | G53: =IFERROR(__xludf.DUMMYFUNCTION("TO_PERCENT(IFERROR($F53/$E53, 0))"),0.4444444444444444) -> 0.44444444 | H53: =SUM(E53, B53) -> 40 | I53: =IFERROR(__xludf.DUMMYFUNCTION("TO_PERCENT(IFERROR(($F53+$C53)/($E53+$B53), 0))"),0.425) -> 0.425 | J53: {=INDEX(MatchHistory!$G:$G,MATCH(1,(MatchHistory!$B:$B=$A53)*(MatchHistory!$G:$G<>""),0))} -> 24.106869 | K53: {=INDEX(MatchHistory!$H:$H,MATCH(1,(MatchHistory!$B:$B=$A53)*(MatchHistory!$H:$H<>""),0))} -> 6.3329078 | L53: {=INDEX(MatchHistory!$J:$J,MATCH(1,(MatchHistory!$B:$B=$A53)*(MatchHistory!$J:$J<>""),0))} -> 993
A54: BK | B54: =COUNTIFS(MatchHistory!$B:$B, $A54, MatchHistory!$C:$C, "Town") -> 3 | C54: =COUNTIFS(MatchHistory!B:B, A54, MatchHistory!C:C, "Town", MatchHistory!D:D, "Win") -> 1 | D54: =IFERROR(__xludf.DUMMYFUNCTION("IF(EQ($B54, 0), TO_PERCENT(0), TO_PERCENT($C54/$B54))"),0.3333333333333333) -> 0.33333333 | E54: =COUNTIFS(MatchHistory!$B:$B, $A54, MatchHistory!$C:$C, "Mafia") -> 1 | F54: =COUNTIFS(MatchHistory!$B:$B, $A54, MatchHistory!$C:$C, "Mafia", MatchHistory!$D:$D, "Win") -> 1 | G54: =IFERROR(__xludf.DUMMYFUNCTION("TO_PERCENT(IFERROR($F54/$E54, 0))"),1.0) -> 1 | H54: =SUM(E54, B54) -> 4 | I54: =IFERROR(__xludf.DUMMYFUNCTION("TO_PERCENT(IFERROR(($F54+$C54)/($E54+$B54), 0))"),0.5) -> 0.5 | J54: {=INDEX(MatchHistory!$G:$G,MATCH(1,(MatchHistory!$B:$B=$A54)*(MatchHistory!$G:$G<>""),0))} -> 26.704405 | K54: {=INDEX(MatchHistory!$H:$H,MATCH(1,(MatchHistory!$B:$B=$A54)*(MatchHistory!$H:$H<>""),0))} -> 8.0658709 | L54: {=INDEX(MatchHistory!$J:$J,MATCH(1,(MatchHistory!$B:$B=$A54)*(MatchHistory!$J:$J<>""),0))} -> 993
A55: Paradox | B55: =COUNTIFS(MatchHistory!$B:$B, $A55, MatchHistory!$C:$C, "Town") -> 6 | C55: =COUNTIFS(MatchHistory!B:B, A55, MatchHistory!C:C, "Town", MatchHistory!D:D, "Win") -> 3 | D55: =IFERROR(__xludf.DUMMYFUNCTION("IF(EQ($B55, 0), TO_PERCENT(0), TO_PERCENT($C55/$B55))"),0.5) -> 0.5 | E55: =COUNTIFS(MatchHistory!$B:$B, $A55, MatchHistory!$C:$C, "Mafia") -> 1 | F55: =COUNTIFS(MatchHistory!$B:$B, $A55, MatchHistory!$C:$C, "Mafia", MatchHistory!$D:$D, "Win") -> 0 | G55: =IFERROR(__xludf.DUMMYFUNCTION("TO_PERCENT(IFERROR($F55/$E55, 0))"),0.0) -> 0 | H55: =SUM(E55, B55) -> 7 | I55: =IFERROR(__xludf.DUMMYFUNCTION("TO_PERCENT(IFERROR(($F55+$C55)/($E55+$B55), 0))"),0.42857142857142855) -> 0.42857143 | J55: {=INDEX(MatchHistory!$G:$G,MATCH(1,(MatchHistory!$B:$B=$A55)*(MatchHistory!$G:$G<>""),0))} -> 26.252429 | K55: {=INDEX(MatchHistory!$H:$H,MATCH(1,(MatchHistory!$B:$B=$A55)*(MatchHistory!$H:$H<>""),0))} -> 7.8064124 | L55: {=INDEX(MatchHistory!$J:$J,MATCH(1,(MatchHistory!$B:$B=$A55)*(MatchHistory!$J:$J<>""),0))} -> 989
A56: Siggywiggy | B56: =COUNTIFS(MatchHistory!$B:$B, $A56, MatchHistory!$C:$C, "Town") -> 0 | C56: =COUNTIFS(MatchHistory!B:B, A56, MatchHistory!C:C, "Town", MatchHistory!D:D, "Win") -> 0 | D56: =IFERROR(__xludf.DUMMYFUNCTION("IF(EQ($B56, 0), TO_PERCENT(0), TO_PERCENT($C56/$B56))"),0.0) -> 0 | E56: =COUNTIFS(MatchHistory!$B:$B, $A56, MatchHistory!$C:$C, "Mafia") -> 1 | F56: =COUNTIFS(MatchHistory!$B:$B, $A56, MatchHistory!$C:$C, "Mafia", MatchHistory!$D:$D, "Win") -> 1 | G56: =IFERROR(__xludf.DUMMYFUNCTION("TO_PERCENT(IFERROR($F56/$E56, 0))"),1.0) -> 1 | H56: =SUM(E56, B56) -> 1 | I56: =IFERROR(__xludf.DUMMYFUNCTION("TO_PERCENT(IFERROR(($F56+$C56)/($E56+$B56), 0))"),1.0) -> 1 | J56: {=INDEX(MatchHistory!$G:$G,MATCH(1,(MatchHistory!$B:$B=$A56)*(MatchHistory!$G:$G<>""),0))} -> 26.813244 | K56: {=INDEX(MatchHistory!$H:$H,MATCH(1,(MatchHistory!$B:$B=$A56)*(MatchHistory!$H:$H<>""),0))} -> 8.2349325 | L56: {=INDEX(MatchHistory!$J:$J,MATCH(1,(MatchHistory!$B:$B=$A56)*(MatchHistory!$J:$J<>""),0))} -> 983
A57: Dani | B57: =COUNTIFS(MatchHistory!$B:$B, $A57, MatchHistory!$C:$C, "Town") -> 12 | C57: =COUNTIFS(MatchHistory!B:B, A57, MatchHistory!C:C, "Town", MatchHistory!D:D, "Win") -> 3 | D57: =IFERROR(__xludf.DUMMYFUNCTION("IF(EQ($B57, 0), TO_PERCENT(0), TO_PERCENT($C57/$B57))"),0.25) -> 0.25 | E57: =COUNTIFS(MatchHistory!$B:$B, $A57, MatchHistory!$C:$C, "Mafia") -> 1 | F57: =COUNTIFS(MatchHistory!$B:$B, $A57, MatchHistory!$C:$C, "Mafia", MatchHistory!$D:$D, "Win") -> 1 | G57: =IFERROR(__xludf.DUMMYFUNCTION("TO_PERCENT(IFERROR($F57/$E57, 0))"),1.0) -> 1 | H57: =SUM(E57, B57) -> 13 | I57: =IFERROR(__xludf.DUMMYFUNCTION("TO_PERCENT(IFERROR(($F57+$C57)/($E57+$B57), 0))"),0.3076923076923077) -> 0.30769231 | J57: {=INDEX(MatchHistory!$G:$G,MATCH(1,(MatchHistory!$B:$B=$A57)*(MatchHistory!$G:$G<>""),0))} -> 25.676926 | K57: {=INDEX(MatchHistory!$H:$H,MATCH(1,(MatchHistory!$B:$B=$A57)*(MatchHistory!$H:$H<>""),0))} -> 7.5322863 | L57: {=INDEX(MatchHistory!$J:$J,MATCH(1,(MatchHistory!$B:$B=$A57)*(MatchHistory!$J:$J<>""),0))} -> 978
A58: Wiggly | B58: =COUNTIFS(MatchHistory!$B:$B, $A58, MatchHistory!$C:$C, "Town") -> 1 | C58: =COUNTIFS(MatchHistory!B:B, A58, MatchHistory!C:C, "Town", MatchHistory!D:D, "Win") -> 1 | D58: =IFERROR(__xludf.DUMMYFUNCTION("IF(EQ($B58, 0), TO_PERCENT(0), TO_PERCENT($C58/$B58))"),1.0) -> 1 | E58: =COUNTIFS(MatchHistory!$B:$B, $A58, MatchHistory!$C:$C, "Mafia") -> 0 | F58: =COUNTIFS(MatchHistory!$B:$B, $A58, MatchHistory!$C:$C, "Mafia", MatchHistory!$D:$D, "Win") -> 0 | G58: =IFERROR(__xludf.DUMMYFUNCTION("TO_PERCENT(IFERROR($F58/$E58, 0))"),0.0) -> 0 | H58: =SUM(E58, B58) -> 1 | I58: =IFERROR(__xludf.DUMMYFUNCTION("TO_PERCENT(IFERROR(($F58+$C58)/($E58+$B58), 0))"),1.0) -> 1 | J58: {=INDEX(MatchHistory!$G:$G,MATCH(1,(MatchHistory!$B:$B=$A58)*(MatchHistory!$G:$G<>""),0))} -> 26.530439 | K58: {=INDEX(MatchHistory!$H:$H,MATCH(1,(MatchHistory!$B:$B=$A58)*(MatchHistory!$H:$H<>""),0))} -> 8.2399403 | L58: {=INDEX(MatchHistory!$J:$J,MATCH(1,(MatchHistory!$B:$B=$A58)*(MatchHistory!$J:$J<>""),0))} -> 964
A59: Sam | B59: =COUNTIFS(MatchHistory!$B:$B, $A59, MatchHistory!$C:$C, "Town") -> 5 | C59: =COUNTIFS(MatchHistory!B:B, A59, MatchHistory!C:C, "Town", MatchHistory!D:D, "Win") -> 3 | D59: =IFERROR(__xludf.DUMMYFUNCTION("IF(EQ($B59, 0), TO_PERCENT(0), TO_PERCENT($C59/$B59))"),0.6) -> 0.6 | E59: =COUNTIFS(MatchHistory!$B:$B, $A59, MatchHistory!$C:$C, "Mafia") -> 3 | F59: =COUNTIFS(MatchHistory!$B:$B, $A59, MatchHistory!$C:$C, "Mafia", MatchHistory!$D:$D, "Win") -> 1 | G59: =IFERROR(__xludf.DUMMYFUNCTION("TO_PERCENT(IFERROR($F59/$E59, 0))"),0.3333333333333333) -> 0.33333333 | H59: =SUM(E59, B59) -> 8 | I59: =IFERROR(__xludf.DUMMYFUNCTION("TO_PERCENT(IFERROR(($F59+$C59)/($E59+$B59), 0))"),0.5) -> 0.5 | J59: {=INDEX(MatchHistory!$G:$G,MATCH(1,(MatchHistory!$B:$B=$A59)*(MatchHistory!$G:$G<>""),0))} -> 25.877722 | K59: {=INDEX(MatchHistory!$H:$H,MATCH(1,(MatchHistory!$B:$B=$A59)*(MatchHistory!$H:$H<>""),0))} -> 7.8237557 | L59: {=INDEX(MatchHistory!$J:$J,MATCH(1,(MatchHistory!$B:$B=$A59)*(MatchHistory!$J:$J<>""),0))} -> 962
A60: Jerm | B60: =COUNTIFS(MatchHistory!$B:$B, $A60, MatchHistory!$C:$C, "Town") -> 1 | C60: =COUNTIFS(MatchHistory!B:B, A60, MatchHistory!C:C, "Town", MatchHistory!D:D, "Win") -> 1 | D60: =IFERROR(__xludf.DUMMYFUNCTION("IF(EQ($B60, 0), TO_PERCENT(0), TO_PERCENT($C60/$B60))"),1.0) -> 1 | E60: =COUNTIFS(MatchHistory!$B:$B, $A60, MatchHistory!$C:$C, "Mafia") -> 0 | F60: =COUNTIFS(MatchHistory!$B:$B, $A60, MatchHistory!$C:$C, "Mafia", MatchHistory!$D:$D, "Win") -> 0 | G60: =IFERROR(__xludf.DUMMYFUNCTION("TO_PERCENT(IFERROR($F60/$E60, 0))"),0.0) -> 0 | H60: =SUM(E60, B60) -> 1 | I60: =IFERROR(__xludf.DUMMYFUNCTION("TO_PERCENT(IFERROR(($F60+$C60)/($E60+$B60), 0))"),1.0) -> 1 | J60: {=INDEX(MatchHistory!$G:$G,MATCH(1,(MatchHistory!$B:$B=$A60)*(MatchHistory!$G:$G<>""),0))} -> 26.500348 | K60: {=INDEX(MatchHistory!$H:$H,MATCH(1,(MatchHistory!$B:$B=$A60)*(MatchHistory!$H:$H<>""),0))} -> 8.266193 | L60: {=INDEX(MatchHistory!$J:$J,MATCH(1,(MatchHistory!$B:$B=$A60)*(MatchHistory!$J:$J<>""),0))} -> 959
A61: Gunny | B61: =COUNTIFS(MatchHistory!$B:$B, $A61, MatchHistory!$C:$C, "Town") -> 1 | C61: =COUNTIFS(MatchHistory!B:B, A61, MatchHistory!C:C, "Town", MatchHistory!D:D, "Win") -> 1 | D61: =IFERROR(__xludf.DUMMYFUNCTION("IF(EQ($B61, 0), TO_PERCENT(0), TO_PERCENT($C61/$B61))"),1.0) -> 1 | E61: =COUNTIFS(MatchHistory!$B:$B, $A61, MatchHistory!$C:$C, "Mafia") -> 0 | F61: =COUNTIFS(MatchHistory!$B:$B, $A61, MatchHistory!$C:$C, "Mafia", MatchHistory!$D:$D, "Win") -> 0 | G61: =IFERROR(__xludf.DUMMYFUNCTION("TO_PERCENT(IFERROR($F61/$E61, 0))"),0.0) -> 0 | H61: =SUM(E61, B61) -> 1 | I61: =IFERROR(__xludf.DUMMYFUNCTION("TO_PERCENT(IFERROR(($F61+$C61)/($E61+$B61), 0))"),1.0) -> 1 | J61: {=INDEX(MatchHistory!$G:$G,MATCH(1,(MatchHistory!$B:$B=$A61)*(MatchHistory!$G:$G<>""),0))} -> 26.342043 | K61: {=INDEX(MatchHistory!$H:$H,MATCH(1,(MatchHistory!$B:$B=$A61)*(MatchHistory!$H:$H<>""),0))} -> 8.2678578 | L61: {=INDEX(MatchHistory!$J:$J,MATCH(1,(MatchHistory!$B:$B=$A61)*(MatchHistory!$J:$J<>""),0))} -> 948
A62: Insomnia | B62: =COUNTIFS(MatchHistory!$B:$B, $A62, MatchHistory!$C:$C, "Town") -> 2 | C62: =COUNTIFS(MatchHistory!B:B, A62, MatchHistory!C:C, "Town", MatchHistory!D:D, "Win") -> 1 | D62: =IFERROR(__xludf.DUMMYFUNCTION("IF(EQ($B62, 0), TO_PERCENT(0), TO_PERCENT($C62/$B62))"),0.5) -> 0.5 | E62: =COUNTIFS(MatchHistory!$B:$B, $A62, MatchHistory!$C:$C, "Mafia") -> 0 | F62: =COUNTIFS(MatchHistory!$B:$B, $A62, MatchHistory!$C:$C, "Mafia", MatchHistory!$D:$D, "Win") -> 0 | G62: =IFERROR(__xludf.DUMMYFUNCTION("TO_PERCENT(IFERROR($F62/$E62, 0))"),0.0) -> 0 | H62: =SUM(E62, B62) -> 2 | I62: =IFERROR(__xludf.DUMMYFUNCTION("TO_PERCENT(IFERROR(($F62+$C62)/($E62+$B62), 0))"),0.5) -> 0.5 | J62: {=INDEX(MatchHistory!$G:$G,MATCH(1,(MatchHistory!$B:$B=$A62)*(MatchHistory!$G:$G<>""),0))} -> 26.140029 | K62: {=INDEX(MatchHistory!$H:$H,MATCH(1,(MatchHistory!$B:$B=$A62)*(MatchHistory!$H:$H<>""),0))} -> 8.2460818 | L62: {=INDEX(MatchHistory!$J:$J,MATCH(1,(MatchHistory!$B:$B=$A62)*(MatchHistory!$J:$J<>""),0))} -> 936
A63: Torharo | B63: =COUNTIFS(MatchHistory!$B:$B, $A63, MatchHistory!$C:$C, "Town") -> 4 | C63: =COUNTIFS(MatchHistory!B:B, A63, MatchHistory!C:C, "Town", MatchHistory!D:D, "Win") -> 2 | D63: =IFERROR(__xludf.DUMMYFUNCTION("IF(EQ($B63, 0), TO_PERCENT(0), TO_PERCENT($C63/$B63))"),0.5) -> 0.5 | E63: =COUNTIFS(MatchHistory!$B:$B, $A63, MatchHistory!$C:$C, "Mafia") -> 1 | F63: =COUNTIFS(MatchHistory!$B:$B, $A63, MatchHistory!$C:$C, "Mafia", MatchHistory!$D:$D, "Win") -> 0 | G63: =IFERROR(__xludf.DUMMYFUNCTION("TO_PERCENT(IFERROR($F63/$E63, 0))"),0.0) -> 0 | H63: =SUM(E63, B63) -> 5 | I63: =IFERROR(__xludf.DUMMYFUNCTION("TO_PERCENT(IFERROR(($F63+$C63)/($E63+$B63), 0))"),0.4) -> 0.4 | J63: {=INDEX(MatchHistory!$G:$G,MATCH(1,(MatchHistory!$B:$B=$A63)*(MatchHistory!$G:$G<>""),0))} -> 25.776802 | K63: {=INDEX(MatchHistory!$H:$H,MATCH(1,(MatchHistory!$B:$B=$A63)*(MatchHistory!$H:$H<>""),0))} -> 8.0693159 | L63: {=INDEX(MatchHistory!$J:$J,MATCH(1,(MatchHistory!$B:$B=$A63)*(MatchHistory!$J:$J<>""),0))} -> 930
A64: Levi | B64: =COUNTIFS(MatchHistory!$B:$B, $A64, MatchHistory!$C:$C, "Town") -> 4 | C64: =COUNTIFS(MatchHistory!B:B, A64, MatchHistory!C:C, "Town", MatchHistory!D:D, "Win") -> 2 | D64: =IFERROR(__xludf.DUMMYFUNCTION("IF(EQ($B64, 0), TO_PERCENT(0), TO_PERCENT($C64/$B64))"),0.5) -> 0.5 | E64: =COUNTIFS(MatchHistory!$B:$B, $A64, MatchHistory!$C:$C, "Mafia") -> 2 | F64: =COUNTIFS(MatchHistory!$B:$B, $A64, MatchHistory!$C:$C, "Mafia", MatchHistory!$D:$D, "Win") -> 1 | G64: =IFERROR(__xludf.DUMMYFUNCTION("TO_PERCENT(IFERROR($F64/$E64, 0))"),0.5) -> 0.5 | H64: =SUM(E64, B64) -> 6 | I64: =IFERROR(__xludf.DUMMYFUNCTION("TO_PERCENT(IFERROR(($F64+$C64)/($E64+$B64), 0))"),0.5) -> 0.5 | J64: {=INDEX(MatchHistory!$G:$G,MATCH(1,(MatchHistory!$B:$B=$A64)*(MatchHistory!$G:$G<>""),0))} -> 25.570623 | K64: {=INDEX(MatchHistory!$H:$H,MATCH(1,(MatchHistory!$B:$B=$A64)*(MatchHistory!$H:$H<>""),0))} -> 7.9535653 | L64: {=INDEX(MatchHistory!$J:$J,MATCH(1,(MatchHistory!$B:$B=$A64)*(MatchHistory!$J:$J<>""),0))} -> 928
A65: Jared | B65: =COUNTIFS(MatchHistory!$B:$B, $A65, MatchHistory!$C:$C, "Town") -> 0 | C65: =COUNTIFS(MatchHistory!B:B, A65, MatchHistory!C:C, "Town", MatchHistory!D:D, "Win") -> 0 | D65: =IFERROR(__xludf.DUMMYFUNCTION("IF(EQ($B65, 0), TO_PERCENT(0), TO_PERCENT($C65/$B65))"),0.0) -> 0 | E65: =COUNTIFS(MatchHistory!$B:$B, $A65, MatchHistory!$C:$C, "Mafia") -> 1 | F65: =COUNTIFS(MatchHistory!$B:$B, $A65, MatchHistory!$C:$C, "Mafia", MatchHistory!$D:$D, "Win") -> 1 | G65: =IFERROR(__xludf.DUMMYFUNCTION("TO_PERCENT(IFERROR($F65/$E65, 0))"),1.0) -> 1 | H65: =SUM(E65, B65) -> 1 | I65: =IFERROR(__xludf.DUMMYFUNCTION("TO_PERCENT(IFERROR(($F65+$C65)/($E65+$B65), 0))"),1.0) -> 1 | J65: {=INDEX(MatchHistory!$G:$G,MATCH(1,(MatchHistory!$B:$B=$A65)*(MatchHistory!$G:$G<>""),0))} -> 25.917764 | K65: {=INDEX(MatchHistory!$H:$H,MATCH(1,(MatchHistory!$B:$B=$A65)*(MatchHistory!$H:$H<>""),0))} -> 8.2633661 | L65: {=INDEX(MatchHistory!$J:$J,MATCH(1,(MatchHistory!$B:$B=$A65)*(MatchHistory!$J:$J<>""),0))} -> 920
A66: Doublea | B66: =COUNTIFS(MatchHistory!$B:$B, $A66, MatchHistory!$C:$C, "Town") -> 15 | C66: =COUNTIFS(MatchHistory!B:B, A66, MatchHistory!C:C, "Town", MatchHistory!D:D, "Win") -> 6 | D66: =IFERROR(__xludf.DUMMYFUNCTION("IF(EQ($B66, 0), TO_PERCENT(0), TO_PERCENT($C66/$B66))"),0.4) -> 0.4 | E66: =COUNTIFS(MatchHistory!$B:$B, $A66, MatchHistory!$C:$C, "Mafia") -> 4 | F66: =COUNTIFS(MatchHistory!$B:$B, $A66, MatchHistory!$C:$C, "Mafia", MatchHistory!$D:$D, "Win") -> 2 | G66: =IFERROR(__xludf.DUMMYFUNCTION("TO_PERCENT(IFERROR($F66/$E66, 0))"),0.5) -> 0.5 | H66: =SUM(E66, B66) -> 19 | I66: =IFERROR(__xludf.DUMMYFUNCTION("TO_PERCENT(IFERROR(($F66+$C66)/($E66+$B66), 0))"),0.42105263157894735) -> 0.42105263 | J66: {=INDEX(MatchHistory!$G:$G,MATCH(1,(MatchHistory!$B:$B=$A66)*(MatchHistory!$G:$G<>""),0))} -> 24.151833 | K66: {=INDEX(MatchHistory!$H:$H,MATCH(1,(MatchHistory!$B:$B=$A66)*(MatchHistory!$H:$H<>""),0))} -> 7.2097694 | L66: {=INDEX(MatchHistory!$J:$J,MATCH(1,(MatchHistory!$B:$B=$A66)*(MatchHistory!$J:$J<>""),0))} -> 907
A67: Dlgn | B67: =COUNTIFS(MatchHistory!$B:$B, $A67, MatchHistory!$C:$C, "Town") -> 0 | C67: =COUNTIFS(MatchHistory!B:B, A67, MatchHistory!C:C, "Town", MatchHistory!D:D, "Win") -> 0 | D67: =IFERROR(__xludf.DUMMYFUNCTION("IF(EQ($B67, 0), TO_PERCENT(0), TO_PERCENT($C67/$B67))"),0.0) -> 0 | E67: =COUNTIFS(MatchHistory!$B:$B, $A67, MatchHistory!$C:$C, "Mafia") -> 1 | F67: =COUNTIFS(MatchHistory!$B:$B, $A67, MatchHistory!$C:$C, "Mafia", MatchHistory!$D:$D, "Win") -> 1 | G67: =IFERROR(__xludf.DUMMYFUNCTION("TO_PERCENT(IFERROR($F67/$E67, 0))"),1.0) -> 1 | H67: =SUM(E67, B67) -> 1 | I67: =IFERROR(__xludf.DUMMYFUNCTION("TO_PERCENT(IFERROR(($F67+$C67)/($E67+$B67), 0))"),1.0) -> 1 | J67: {=INDEX(MatchHistory!$G:$G,MATCH(1,(MatchHistory!$B:$B=$A67)*(MatchHistory!$G:$G<>""),0))} -> 25.558288 | K67: {=INDEX(MatchHistory!$H:$H,MATCH(1,(MatchHistory!$B:$B=$A67)*(MatchHistory!$H:$H<>""),0))} -> 8.2900692 | L67: {=INDEX(MatchHistory!$J:$J,MATCH(1,(MatchHistory!$B:$B=$A67)*(MatchHistory!$J:$J<>""),0))} -> 892
A68: Vandy | B68: =COUNTIFS(MatchHistory!$B:$B, $A68, MatchHistory!$C:$C, "Town") -> 2 | C68: =COUNTIFS(MatchHistory!B:B, A68, MatchHistory!C:C, "Town", MatchHistory!D:D, "Win") -> 1 | D68: =IFERROR(__xludf.DUMMYFUNCTION("IF(EQ($B68, 0), TO_PERCENT(0), TO_PERCENT($C68/$B68))"),0.5) -> 0.5 | E68: =COUNTIFS(MatchHistory!$B:$B, $A68, MatchHistory!$C:$C, "Mafia") -> 0 | F68: =COUNTIFS(MatchHistory!$B:$B, $A68, MatchHistory!$C:$C, "Mafia", MatchHistory!$D:$D, "Win") -> 0 | G68: =IFERROR(__xludf.DUMMYFUNCTION("TO_PERCENT(IFERROR($F68/$E68, 0))"),0.0) -> 0 | H68: =SUM(E68, B68) -> 2 | I68: =IFERROR(__xludf.DUMMYFUNCTION("TO_PERCENT(IFERROR(($F68+$C68)/($E68+$B68), 0))"),0.5) -> 0.5 | J68: {=INDEX(MatchHistory!$G:$G,MATCH(1,(MatchHistory!$B:$B=$A68)*(MatchHistory!$G:$G<>""),0))} -> 25.389545 | K68: {=INDEX(MatchHistory!$H:$H,MATCH(1,(MatchHistory!$B:$B=$A68)*(MatchHistory!$H:$H<>""),0))} -> 8.2002755 | L68: {=INDEX(MatchHistory!$J:$J,MATCH(1,(MatchHistory!$B:$B=$A68)*(MatchHistory!$J:$J<>""),0))} -> 890
A69: Aipha | B69: =COUNTIFS(MatchHistory!$B:$B, $A69, MatchHistory!$C:$C, "Town") -> 25 | C69: =COUNTIFS(MatchHistory!B:B, A69, MatchHistory!C:C, "Town", MatchHistory!D:D, "Win") -> 7 | D69: =IFERROR(__xludf.DUMMYFUNCTION("IF(EQ($B69, 0), TO_PERCENT(0), TO_PERCENT($C69/$B69))"),0.28) -> 0.28 | E69: =COUNTIFS(MatchHistory!$B:$B, $A69, MatchHistory!$C:$C, "Mafia") -> 7 | F69: =COUNTIFS(MatchHistory!$B:$B, $A69, MatchHistory!$C:$C, "Mafia", MatchHistory!$D:$D, "Win") -> 4 | G69: =IFERROR(__xludf.DUMMYFUNCTION("TO_PERCENT(IFERROR($F69/$E69, 0))"),0.5714285714285714) -> 0.57142857 | H69: =SUM(E69, B69) -> 32 | I69: =IFERROR(__xludf.DUMMYFUNCTION("TO_PERCENT(IFERROR(($F69+$C69)/($E69+$B69), 0))"),0.34375) -> 0.34375 | J69: {=INDEX(MatchHistory!$G:$G,MATCH(1,(MatchHistory!$B:$B=$A69)*(MatchHistory!$G:$G<>""),0))} -> 23.017726 | K69: {=INDEX(MatchHistory!$H:$H,MATCH(1,(MatchHistory!$B:$B=$A69)*(MatchHistory!$H:$H<>""),0))} -> 6.6195653 | L69: {=INDEX(MatchHistory!$J:$J,MATCH(1,(MatchHistory!$B:$B=$A69)*(MatchHistory!$J:$J<>""),0))} -> 890
A70: Ryan | B70: =COUNTIFS(MatchHistory!$B:$B, $A70, MatchHistory!$C:$C, "Town") -> 0 | C70: =COUNTIFS(MatchHistory!B:B, A70, MatchHistory!C:C, "Town", MatchHistory!D:D, "Win") -> 0 | D70: =IFERROR(__xludf.DUMMYFUNCTION("IF(EQ($B70, 0), TO_PERCENT(0), TO_PERCENT($C70/$B70))"),0.0) -> 0 | E70: =COUNTIFS(MatchHistory!$B:$B, $A70, MatchHistory!$C:$C, "Mafia") -> 1 | F70: =COUNTIFS(MatchHistory!$B:$B, $A70, MatchHistory!$C:$C, "Mafia", MatchHistory!$D:$D, "Win") -> 1 | G70: =IFERROR(__xludf.DUMMYFUNCTION("TO_PERCENT(IFERROR($F70/$E70, 0))"),1.0) -> 1 | H70: =SUM(E70, B70) -> 1 | I70: =IFERROR(__xludf.DUMMYFUNCTION("TO_PERCENT(IFERROR(($F70+$C70)/($E70+$B70), 0))"),1.0) -> 1 | J70: {=INDEX(MatchHistory!$G:$G,MATCH(1,(MatchHistory!$B:$B=$A70)*(MatchHistory!$G:$G<>""),0))} -> 25.49029 | K70: {=INDEX(MatchHistory!$H:$H,MATCH(1,(MatchHistory!$B:$B=$A70)*(MatchHistory!$H:$H<>""),0))} -> 8.2811125 | L70: {=INDEX(MatchHistory!$J:$J,MATCH(1,(MatchHistory!$B:$B=$A70)*(MatchHistory!$J:$J<>""),0))} -> 889
A71: Laura | B71: =COUNTIFS(MatchHistory!$B:$B, $A71, MatchHistory!$C:$C, "Town") -> 2 | C71: =COUNTIFS(MatchHistory!B:B, A71, MatchHistory!C:C, "Town", MatchHistory!D:D, "Win") -> 1 | D71: =IFERROR(__xludf.DUMMYFUNCTION("IF(EQ($B71, 0), TO_PERCENT(0), TO_PERCENT($C71/$B71))"),0.5) -> 0.5 | E71: =COUNTIFS(MatchHistory!$B:$B, $A71, MatchHistory!$C:$C, "Mafia") -> 0 | F71: =COUNTIFS(MatchHistory!$B:$B, $A71, MatchHistory!$C:$C, "Mafia", MatchHistory!$D:$D, "Win") -> 0 | G71: =IFERROR(__xludf.DUMMYFUNCTION("TO_PERCENT(IFERROR($F71/$E71, 0))"),0.0) -> 0 | H71: =SUM(E71, B71) -> 2 | I71: =IFERROR(__xludf.DUMMYFUNCTION("TO_PERCENT(IFERROR(($F71+$C71)/($E71+$B71), 0))"),0.5) -> 0.5 | J71: {=INDEX(MatchHistory!$G:$G,MATCH(1,(MatchHistory!$B:$B=$A71)*(MatchHistory!$G:$G<>""),0))} -> 25.291365 | K71: {=INDEX(MatchHistory!$H:$H,MATCH(1,(MatchHistory!$B:$B=$A71)*(MatchHistory!$H:$H<>""),0))} -> 8.2122383 | L71: {=INDEX(MatchHistory!$J:$J,MATCH(1,(MatchHistory!$B:$B=$A71)*(MatchHistory!$J:$J<>""),0))} -> 882
A72: Steep | B72: =COUNTIFS(MatchHistory!$B:$B, $A72, MatchHistory!$C:$C, "Town") -> 3 | C72: =COUNTIFS(MatchHistory!B:B, A72, MatchHistory!C:C, "Town", MatchHistory!D:D, "Win") -> 1 | D72: =IFERROR(__xludf.DUMMYFUNCTION("IF(EQ($B72, 0), TO_PERCENT(0), TO_PERCENT($C72/$B72))"),0.3333333333333333) -> 0.33333333 | E72: =COUNTIFS(MatchHistory!$B:$B, $A72, MatchHistory!$C:$C, "Mafia") -> 2 | F72: =COUNTIFS(MatchHistory!$B:$B, $A72, MatchHistory!$C:$C, "Mafia", MatchHistory!$D:$D, "Win") -> 1 | G72: =IFERROR(__xludf.DUMMYFUNCTION("TO_PERCENT(IFERROR($F72/$E72, 0))"),0.5) -> 0.5 | H72: =SUM(E72, B72) -> 5 | I72: =IFERROR(__xludf.DUMMYFUNCTION("TO_PERCENT(IFERROR(($F72+$C72)/($E72+$B72), 0))"),0.4) -> 0.4 | J72: {=INDEX(MatchHistory!$G:$G,MATCH(1,(MatchHistory!$B:$B=$A72)*(MatchHistory!$G:$G<>""),0))} -> 24.925128 | K72: {=INDEX(MatchHistory!$H:$H,MATCH(1,(MatchHistory!$B:$B=$A72)*(MatchHistory!$H:$H<>""),0))} -> 7.9825885 | L72: {=INDEX(MatchHistory!$J:$J,MATCH(1,(MatchHistory!$B:$B=$A72)*(MatchHistory!$J:$J<>""),0))} -> 881
A73: 23flash | B73: =COUNTIFS(MatchHistory!$B:$B, $A73, MatchHistory!$C:$C, "Town") -> 5 | C73: =COUNTIFS(MatchHistory!B:B, A73, MatchHistory!C:C, "Town", MatchHistory!D:D, "Win") -> 2 | D73: =IFERROR(__xludf.DUMMYFUNCTION("IF(EQ($B73, 0), TO_PERCENT(0), TO_PERCENT($C73/$B73))"),0.4) -> 0.4 | E73: =COUNTIFS(MatchHistory!$B:$B, $A73, MatchHistory!$C:$C, "Mafia") -> 2 | F73: =COUNTIFS(MatchHistory!$B:$B, $A73, MatchHistory!$C:$C, "Mafia", MatchHistory!$D:$D, "Win") -> 1 | G73: =IFERROR(__xludf.DUMMYFUNCTION("TO_PERCENT(IFERROR($F73/$E73, 0))"),0.5) -> 0.5 | H73: =SUM(E73, B73) -> 7 | I73: =IFERROR(__xludf.DUMMYFUNCTION("TO_PERCENT(IFERROR(($F73+$C73)/($E73+$B73), 0))"),0.42857142857142855) -> 0.42857143 | J73: {=INDEX(MatchHistory!$G:$G,MATCH(1,(MatchHistory!$B:$B=$A73)*(MatchHistory!$G:$G<>""),0))} -> 24.793039 | K73: {=INDEX(MatchHistory!$H:$H,MATCH(1,(MatchHistory!$B:$B=$A73)*(MatchHistory!$H:$H<>""),0))} -> 7.9445551 | L73: {=INDEX(MatchHistory!$J:$J,MATCH(1,(MatchHistory!$B:$B=$A73)*(MatchHistory!$J:$J<>""),0))} -> 876
A74: Wyz | B74: =COUNTIFS(MatchHistory!$B:$B, $A74, MatchHistory!$C:$C, "Town") -> 2 | C74: =COUNTIFS(MatchHistory!B:B, A74, MatchHistory!C:C, "Town", MatchHistory!D:D, "Win") -> 1 | D74: =IFERROR(__xludf.DUMMYFUNCTION("IF(EQ($B74, 0), TO_PERCENT(0), TO_PERCENT($C74/$B74))"),0.5) -> 0.5 | E74: =COUNTIFS(MatchHistory!$B:$B, $A74, MatchHistory!$C:$C, "Mafia") -> 0 | F74: =COUNTIFS(MatchHistory!$B:$B, $A74, MatchHistory!$C:$C, "Mafia", MatchHistory!$D:$D, "Win") -> 0 | G74: =IFERROR(__xludf.DUMMYFUNCTION("TO_PERCENT(IFERROR($F74/$E74, 0))"),0.0) -> 0 | H74: =SUM(E74, B74) -> 2 | I74: =IFERROR(__xludf.DUMMYFUNCTION("TO_PERCENT(IFERROR(($F74+$C74)/($E74+$B74), 0))"),0.5) -> 0.5 | J74: {=INDEX(MatchHistory!$G:$G,MATCH(1,(MatchHistory!$B:$B=$A74)*(MatchHistory!$G:$G<>""),0))} -> 25.191626 | K74: {=INDEX(MatchHistory!$H:$H,MATCH(1,(MatchHistory!$B:$B=$A74)*(MatchHistory!$H:$H<>""),0))} -> 8.2091933 | L74: {=INDEX(MatchHistory!$J:$J,MATCH(1,(MatchHistory!$B:$B=$A74)*(MatchHistory!$J:$J<>""),0))} -> 876
A75: Coffee | B75: =COUNTIFS(MatchHistory!$B:$B, $A75, MatchHistory!$C:$C, "Town") -> 2 | C75: =COUNTIFS(MatchHistory!B:B, A75, MatchHistory!C:C, "Town", MatchHistory!D:D, "Win") -> 1 | D75: =IFERROR(__xludf.DUMMYFUNCTION("IF(EQ($B75, 0), TO_PERCENT(0), TO_PERCENT($C75/$B75))"),0.5) -> 0.5 | E75: =COUNTIFS(MatchHistory!$B:$B, $A75, MatchHistory!$C:$C, "Mafia") -> 0 | F75: =COUNTIFS(MatchHistory!$B:$B, $A75, MatchHistory!$C:$C, "Mafia", MatchHistory!$D:$D, "Win") -> 0 | G75: =IFERROR(__xludf.DUMMYFUNCTION("TO_PERCENT(IFERROR($F75/$E75, 0))"),0.0) -> 0 | H75: =SUM(E75, B75) -> 2 | I75: =IFERROR(__xludf.DUMMYFUNCTION("TO_PERCENT(IFERROR(($F75+$C75)/($E75+$B75), 0))"),0.5) -> 0.5 | J75: {=INDEX(MatchHistory!$G:$G,MATCH(1,(MatchHistory!$B:$B=$A75)*(MatchHistory!$G:$G<>""),0))} -> 25.068329 | K75: {=INDEX(MatchHistory!$H:$H,MATCH(1,(MatchHistory!$B:$B=$A75)*(MatchHistory!$H:$H<>""),0))} -> 8.1677533 | L75: {=INDEX(MatchHistory!$J:$J,MATCH(1,(MatchHistory!$B:$B=$A75)*(MatchHistory!$J:$J<>""),0))} -> 872
A76: Asiansam | B76: =COUNTIFS(MatchHistory!$B:$B, $A76, MatchHistory!$C:$C, "Town") -> 2 | C76: =COUNTIFS(MatchHistory!B:B, A76, MatchHistory!C:C, "Town", MatchHistory!D:D, "Win") -> 1 | D76: =IFERROR(__xludf.DUMMYFUNCTION("IF(EQ($B76, 0), TO_PERCENT(0), TO_PERCENT($C76/$B76))"),0.5) -> 0.5 | E76: =COUNTIFS(MatchHistory!$B:$B, $A76, MatchHistory!$C:$C, "Mafia") -> 2 | F76: =COUNTIFS(MatchHistory!$B:$B, $A76, MatchHistory!$C:$C, "Mafia", MatchHistory!$D:$D, "Win") -> 1 | G76: =IFERROR(__xludf.DUMMYFUNCTION("TO_PERCENT(IFERROR($F76/$E76, 0))"),0.5) -> 0.5 | H76: =SUM(E76, B76) -> 4 | I76: =IFERROR(__xludf.DUMMYFUNCTION("TO_PERCENT(IFERROR(($F76+$C76)/($E76+$B76), 0))"),0.5) -> 0.5 | J76: {=INDEX(MatchHistory!$G:$G,MATCH(1,(MatchHistory!$B:$B=$A76)*(MatchHistory!$G:$G<>""),0))} -> 24.889516 | K76: {=INDEX(MatchHistory!$H:$H,MATCH(1,(MatchHistory!$B:$B=$A76)*(MatchHistory!$H:$H<>""),0))} -> 8.0959082 | L76: {=INDEX(MatchHistory!$J:$J,MATCH(1,(MatchHistory!$B:$B=$A76)*(MatchHistory!$J:$J<>""),0))} -> 867
A77: Heck | B77: =COUNTIFS(MatchHistory!$B:$B, $A77, MatchHistory!$C:$C, "Town") -> 3 | C77: =COUNTIFS(MatchHistory!B:B, A77, MatchHistory!C:C, "Town", MatchHistory!D:D, "Win") -> 1 | D77: =IFERROR(__xludf.DUMMYFUNCTION("IF(EQ($B77, 0), TO_PERCENT(0), TO_PERCENT($C77/$B77))"),0.3333333333333333) -> 0.33333333 | E77: =COUNTIFS(MatchHistory!$B:$B, $A77, MatchHistory!$C:$C, "Mafia") -> 0 | F77: =COUNTIFS(MatchHistory!$B:$B, $A77, MatchHistory!$C:$C, "Mafia", MatchHistory!$D:$D, "Win") -> 0 | G77: =IFERROR(__xludf.DUMMYFUNCTION("TO_PERCENT(IFERROR($F77/$E77, 0))"),0.0) -> 0 | H77: =SUM(E77, B77) -> 3 | I77: =IFERROR(__xludf.DUMMYFUNCTION("TO_PERCENT(IFERROR(($F77+$C77)/($E77+$B77), 0))"),0.3333333333333333) -> 0.33333333 | J77: {=INDEX(MatchHistory!$G:$G,MATCH(1,(MatchHistory!$B:$B=$A77)*(MatchHistory!$G:$G<>""),0))} -> 24.654863 | K77: {=INDEX(MatchHistory!$H:$H,MATCH(1,(MatchHistory!$B:$B=$A77)*(MatchHistory!$H:$H<>""),0))} -> 8.0976901 | L77: {=INDEX(MatchHistory!$J:$J,MATCH(1,(MatchHistory!$B:$B=$A77)*(MatchHistory!$J:$J<>""),0))} -> 851
A78: Vert | B78: =COUNTIFS(MatchHistory!$B:$B, $A78, MatchHistory!$C:$C, "Town") -> 7 | C78: =COUNTIFS(MatchHistory!B:B, A78, MatchHistory!C:C, "Town", MatchHistory!D:D, "Win") -> 1 | D78: =IFERROR(__xludf.DUMMYFUNCTION("IF(EQ($B78, 0), TO_PERCENT(0), TO_PERCENT($C78/$B78))"),0.14285714285714285) -> 0.14285714 | E78: =COUNTIFS(MatchHistory!$B:$B, $A78, MatchHistory!$C:$C, "Mafia") -> 2 | F78: =COUNTIFS(MatchHistory!$B:$B, $A78, MatchHistory!$C:$C, "Mafia", MatchHistory!$D:$D, "Win") -> 2 | G78: =IFERROR(__xludf.DUMMYFUNCTION("TO_PERCENT(IFERROR($F78/$E78, 0))"),1.0) -> 1 | H78: =SUM(E78, B78) -> 9 | I78: =IFERROR(__xludf.DUMMYFUNCTION("TO_PERCENT(IFERROR(($F78+$C78)/($E78+$B78), 0))"),0.3333333333333333) -> 0.33333333 | J78: {=INDEX(MatchHistory!$G:$G,MATCH(1,(MatchHistory!$B:$B=$A78)*(MatchHistory!$G:$G<>""),0))} -> 24.192673 | K78: {=INDEX(MatchHistory!$H:$H,MATCH(1,(MatchHistory!$B:$B=$A78)*(MatchHistory!$H:$H<>""),0))} -> 7.8008152 | L78: {=INDEX(MatchHistory!$J:$J,MATCH(1,(MatchHistory!$B:$B=$A78)*(MatchHistory!$J:$J<>""),0))} -> 849
A79: HeftyDuck | B79: =COUNTIFS(MatchHistory!$B:$B, $A79, MatchHistory!$C:$C, "Town") -> 5 | C79: =COUNTIFS(MatchHistory!B:B, A79, MatchHistory!C:C, "Town", MatchHistory!D:D, "Win") -> 1 | D79: =IFERROR(__xludf.DUMMYFUNCTION("IF(EQ($B79, 0), TO_PERCENT(0), TO_PERCENT($C79/$B79))"),0.2) -> 0.2 | E79: =COUNTIFS(MatchHistory!$B:$B, $A79, MatchHistory!$C:$C, "Mafia") -> 2 | F79: =COUNTIFS(MatchHistory!$B:$B, $A79, MatchHistory!$C:$C, "Mafia", MatchHistory!$D:$D, "Win") -> 2 | G79: =IFERROR(__xludf.DUMMYFUNCTION("TO_PERCENT(IFERROR($F79/$E79, 0))"),1.0) -> 1 | H79: =SUM(E79, B79) -> 7 | I79: =IFERROR(__xludf.DUMMYFUNCTION("TO_PERCENT(IFERROR(($F79+$C79)/($E79+$B79), 0))"),0.42857142857142855) -> 0.42857143 | J79: {=INDEX(MatchHistory!$G:$G,MATCH(1,(MatchHistory!$B:$B=$A79)*(MatchHistory!$G:$G<>""),0))} -> 24.201162 | K79: {=INDEX(MatchHistory!$H:$H,MATCH(1,(MatchHistory!$B:$B=$A79)*(MatchHistory!$H:$H<>""),0))} -> 7.8460911 | L79: {=INDEX(MatchHistory!$J:$J,MATCH(1,(MatchHistory!$B:$B=$A79)*(MatchHistory!$J:$J<>""),0))} -> 845
A80: Meiwolf | B80: =COUNTIFS(MatchHistory!$B:$B, $A80, MatchHistory!$C:$C, "Town") -> 1 | C80: =COUNTIFS(MatchHistory!B:B, A80, MatchHistory!C:C, "Town", MatchHistory!D:D, "Win") -> 0 | D80: =IFERROR(__xludf.DUMMYFUNCTION("IF(EQ($B80, 0), TO_PERCENT(0), TO_PERCENT($C80/$B80))"),0.0) -> 0 | E80: =COUNTIFS(MatchHistory!$B:$B, $A80, MatchHistory!$C:$C, "Mafia") -> 0 | F80: =COUNTIFS(MatchHistory!$B:$B, $A80, MatchHistory!$C:$C, "Mafia", MatchHistory!$D:$D, "Win") -> 0 | G80: =IFERROR(__xludf.DUMMYFUNCTION("TO_PERCENT(IFERROR($F80/$E80, 0))"),0.0) -> 0 | H80: =SUM(E80, B80) -> 1 | I80: =IFERROR(__xludf.DUMMYFUNCTION("TO_PERCENT(IFERROR(($F80+$C80)/($E80+$B80), 0))"),0.0) -> 0 | J80: {=INDEX(MatchHistory!$G:$G,MATCH(1,(MatchHistory!$B:$B=$A80)*(MatchHistory!$G:$G<>""),0))} -> 24.86821 | K80: {=INDEX(MatchHistory!$H:$H,MATCH(1,(MatchHistory!$B:$B=$A80)*(MatchHistory!$H:$H<>""),0))} -> 8.3122095 | L80: {=INDEX(MatchHistory!$J:$J,MATCH(1,(MatchHistory!$B:$B=$A80)*(MatchHistory!$J:$J<>""),0))} -> 843
A81: Wood | B81: =COUNTIFS(MatchHistory!$B:$B, $A81, MatchHistory!$C:$C, "Town") -> 1 | C81: =COUNTIFS(MatchHistory!B:B, A81, MatchHistory!C:C, "Town", MatchHistory!D:D, "Win") -> 0 | D81: =IFERROR(__xludf.DUMMYFUNCTION("IF(EQ($B81, 0), TO_PERCENT(0), TO_PERCENT($C81/$B81))"),0.0) -> 0 | E81: =COUNTIFS(MatchHistory!$B:$B, $A81, MatchHistory!$C:$C, "Mafia") -> 0 | F81: =COUNTIFS(MatchHistory!$B:$B, $A81, MatchHistory!$C:$C, "Mafia", MatchHistory!$D:$D, "Win") -> 0 | G81: =IFERROR(__xludf.DUMMYFUNCTION("TO_PERCENT(IFERROR($F81/$E81, 0))"),0.0) -> 0 | H81: =SUM(E81, B81) -> 1 | I81: =IFERROR(__xludf.DUMMYFUNCTION("TO_PERCENT(IFERROR(($F81+$C81)/($E81+$B81), 0))"),0.0) -> 0 | J81: {=INDEX(MatchHistory!$G:$G,MATCH(1,(MatchHistory!$B:$B=$A81)*(MatchHistory!$G:$G<>""),0))} -> 24.86821 | K81: {=INDEX(MatchHistory!$H:$H,MATCH(1,(MatchHistory!$B:$B=$A81)*(MatchHistory!$H:$H<>""),0))} -> 8.3122095 | L81: {=INDEX(MatchHistory!$J:$J,MATCH(1,(MatchHistory!$B:$B=$A81)*(MatchHistory!$J:$J<>""),0))} -> 843
A82: Hank | B82: =COUNTIFS(MatchHistory!$B:$B, $A82, MatchHistory!$C:$C, "Town") -> 1 | C82: =COUNTIFS(MatchHistory!B:B, A82, MatchHistory!C:C, "Town", MatchHistory!D:D, "Win") -> 0 | D82: =IFERROR(__xludf.DUMMYFUNCTION("IF(EQ($B82, 0), TO_PERCENT(0), TO_PERCENT($C82/$B82))"),0.0) -> 0 | E82: =COUNTIFS(MatchHistory!$B:$B, $A82, MatchHistory!$C:$C, "Mafia") -> 0 | F82: =COUNTIFS(MatchHistory!$B:$B, $A82, MatchHistory!$C:$C, "Mafia", MatchHistory!$D:$D, "Win") -> 0 | G82: =IFERROR(__xludf.DUMMYFUNCTION("TO_PERCENT(IFERROR($F82/$E82, 0))"),0.0) -> 0 | H82: =SUM(E82, B82) -> 1 | I82: =IFERROR(__xludf.DUMMYFUNCTION("TO_PERCENT(IFERROR(($F82+$C82)/($E82+$B82), 0))"),0.0) -> 0 | J82: {=INDEX(MatchHistory!$G:$G,MATCH(1,(MatchHistory!$B:$B=$A82)*(MatchHistory!$G:$G<>""),0))} -> 24.802779 | K82: {=INDEX(MatchHistory!$H:$H,MATCH(1,(MatchHistory!$B:$B=$A82)*(MatchHistory!$H:$H<>""),0))} -> 8.3061446 | L82: {=INDEX(MatchHistory!$J:$J,MATCH(1,(MatchHistory!$B:$B=$A82)*(MatchHistory!$J:$J<>""),0))} -> 839
A83: Smit | B83: =COUNTIFS(MatchHistory!$B:$B, $A83, MatchHistory!$C:$C, "Town") -> 47 | C83: =COUNTIFS(MatchHistory!B:B, A83, MatchHistory!C:C, "Town", MatchHistory!D:D, "Win") -> 14 | D83: =IFERROR(__xludf.DUMMYFUNCTION("IF(EQ($B83, 0), TO_PERCENT(0), TO_PERCENT($C83/$B83))"),0.2978723404255319) -> 0.29787234 | E83: =COUNTIFS(MatchHistory!$B:$B, $A83, MatchHistory!$C:$C, "Mafia") -> 12 | F83: =COUNTIFS(MatchHistory!$B:$B, $A83, MatchHistory!$C:$C, "Mafia", MatchHistory!$D:$D, "Win") -> 5 | G83: =IFERROR(__xludf.DUMMYFUNCTION("TO_PERCENT(IFERROR($F83/$E83, 0))"),0.4166666666666667) -> 0.41666667 | H83: =SUM(E83, B83) -> 59 | I83: =IFERROR(__xludf.DUMMYFUNCTION("TO_PERCENT(IFERROR(($F83+$C83)/($E83+$B83), 0))"),0.3220338983050847) -> 0.3220339 | J83: {=INDEX(MatchHistory!$G:$G,MATCH(1,(MatchHistory!$B:$B=$A83)*(MatchHistory!$G:$G<>""),0))} -> 21.22932 | K83: {=INDEX(MatchHistory!$H:$H,MATCH(1,(MatchHistory!$B:$B=$A83)*(MatchHistory!$H:$H<>""),0))} -> 5.9611702 | L83: {=INDEX(MatchHistory!$J:$J,MATCH(1,(MatchHistory!$B:$B=$A83)*(MatchHistory!$J:$J<>""),0))} -> 836
A84: MATTHEW | B84: =COUNTIFS(MatchHistory!$B:$B, $A84, MatchHistory!$C:$C, "Town") -> 1 | C84: =COUNTIFS(MatchHistory!B:B, A84, MatchHistory!C:C, "Town", MatchHistory!D:D, "Win") -> 0 | D84: =IFERROR(__xludf.DUMMYFUNCTION("IF(EQ($B84, 0), TO_PERCENT(0), TO_PERCENT($C84/$B84))"),0.0) -> 0 | E84: =COUNTIFS(MatchHistory!$B:$B, $A84, MatchHistory!$C:$C, "Mafia") -> 0 | F84: =COUNTIFS(MatchHistory!$B:$B, $A84, MatchHistory!$C:$C, "Mafia", MatchHistory!$D:$D, "Win") -> 0 | G84: =IFERROR(__xludf.DUMMYFUNCTION("TO_PERCENT(IFERROR($F84/$E84, 0))"),0.0) -> 0 | H84: =SUM(E84, B84) -> 1 | I84: =IFERROR(__xludf.DUMMYFUNCTION("TO_PERCENT(IFERROR(($F84+$C84)/($E84+$B84), 0))"),0.0) -> 0 | J84: {=INDEX(MatchHistory!$G:$G,MATCH(1,(MatchHistory!$B:$B=$A84)*(MatchHistory!$G:$G<>""),0))} -> 24.489903 | K84: {=INDEX(MatchHistory!$H:$H,MATCH(1,(MatchHistory!$B:$B=$A84)*(MatchHistory!$H:$H<>""),0))} -> 8.2800932 | L84: {=INDEX(MatchHistory!$J:$J,MATCH(1,(MatchHistory!$B:$B=$A84)*(MatchHistory!$J:$J<>""),0))} -> 821
A85: Lombax | B85: =COUNTIFS(MatchHistory!$B:$B, $A85, MatchHistory!$C:$C, "Town") -> 5 | C85: =COUNTIFS(MatchHistory!B:B, A85, MatchHistory!C:C, "Town", MatchHistory!D:D, "Win") -> 1 | D85: =IFERROR(__xludf.DUMMYFUNCTION("IF(EQ($B85, 0), TO_PERCENT(0), TO_PERCENT($C85/$B85))"),0.2) -> 0.2 | E85: =COUNTIFS(MatchHistory!$B:$B, $A85, MatchHistory!$C:$C, "Mafia") -> 3 | F85: =COUNTIFS(MatchHistory!$B:$B, $A85, MatchHistory!$C:$C, "Mafia", MatchHistory!$D:$D, "Win") -> 2 | G85: =IFERROR(__xludf.DUMMYFUNCTION("TO_PERCENT(IFERROR($F85/$E85, 0))"),0.6666666666666666) -> 0.66666667 | H85: =SUM(E85, B85) -> 8 | I85: =IFERROR(__xludf.DUMMYFUNCTION("TO_PERCENT(IFERROR(($F85+$C85)/($E85+$B85), 0))"),0.375) -> 0.375 | J85: {=INDEX(MatchHistory!$G:$G,MATCH(1,(MatchHistory!$B:$B=$A85)*(MatchHistory!$G:$G<>""),0))} -> 24.014984 | K85: {=INDEX(MatchHistory!$H:$H,MATCH(1,(MatchHistory!$B:$B=$A85)*(MatchHistory!$H:$H<>""),0))} -> 7.9737718 | L85: {=INDEX(MatchHistory!$J:$J,MATCH(1,(MatchHistory!$B:$B=$A85)*(MatchHistory!$J:$J<>""),0))} -> 820
A86: ptb | B86: =COUNTIFS(MatchHistory!$B:$B, $A86, MatchHistory!$C:$C, "Town") -> 1 | C86: =COUNTIFS(MatchHistory!B:B, A86, MatchHistory!C:C, "Town", MatchHistory!D:D, "Win") -> 0 | D86: =IFERROR(__xludf.DUMMYFUNCTION("IF(EQ($B86, 0), TO_PERCENT(0), TO_PERCENT($C86/$B86))"),0.0) -> 0 | E86: =COUNTIFS(MatchHistory!$B:$B, $A86, MatchHistory!$C:$C, "Mafia") -> 0 | F86: =COUNTIFS(MatchHistory!$B:$B, $A86, MatchHistory!$C:$C, "Mafia", MatchHistory!$D:$D, "Win") -> 0 | G86: =IFERROR(__xludf.DUMMYFUNCTION("TO_PERCENT(IFERROR($F86/$E86, 0))"),0.0) -> 0 | H86: =SUM(E86, B86) -> 1 | I86: =IFERROR(__xludf.DUMMYFUNCTION("TO_PERCENT(IFERROR(($F86+$C86)/($E86+$B86), 0))"),0.0) -> 0 | J86: {=INDEX(MatchHistory!$G:$G,MATCH(1,(MatchHistory!$B:$B=$A86)*(MatchHistory!$G:$G<>""),0))} -> 24.243612 | K86: {=INDEX(MatchHistory!$H:$H,MATCH(1,(MatchHistory!$B:$B=$A86)*(MatchHistory!$H:$H<>""),0))} -> 8.2642395 | L86: {=INDEX(MatchHistory!$J:$J,MATCH(1,(MatchHistory!$B:$B=$A86)*(MatchHistory!$J:$J<>""),0))} -> 806
A87: Sunspot | B87: =COUNTIFS(MatchHistory!$B:$B, $A87, MatchHistory!$C:$C, "Town") -> 1 | C87: =COUNTIFS(MatchHistory!B:B, A87, MatchHistory!C:C, "Town", MatchHistory!D:D, "Win") -> 0 | D87: =IFERROR(__xludf.DUMMYFUNCTION("IF(EQ($B87, 0), TO_PERCENT(0), TO_PERCENT($C87/$B87))"),0.0) -> 0 | E87: =COUNTIFS(MatchHistory!$B:$B, $A87, MatchHistory!$C:$C, "Mafia") -> 0 | F87: =COUNTIFS(MatchHistory!$B:$B, $A87, MatchHistory!$C:$C, "Mafia", MatchHistory!$D:$D, "Win") -> 0 | G87: =IFERROR(__xludf.DUMMYFUNCTION("TO_PERCENT(IFERROR($F87/$E87, 0))"),0.0) -> 0 | H87: =SUM(E87, B87) -> 1 | I87: =IFERROR(__xludf.DUMMYFUNCTION("TO_PERCENT(IFERROR(($F87+$C87)/($E87+$B87), 0))"),0.0) -> 0 | J87: {=INDEX(MatchHistory!$G:$G,MATCH(1,(MatchHistory!$B:$B=$A87)*(MatchHistory!$G:$G<>""),0))} -> 24.267818 | K87: {=INDEX(MatchHistory!$H:$H,MATCH(1,(MatchHistory!$B:$B=$A87)*(MatchHistory!$H:$H<>""),0))} -> 8.2819868 | L87: {=INDEX(MatchHistory!$J:$J,MATCH(1,(MatchHistory!$B:$B=$A87)*(MatchHistory!$J:$J<>""),0))} -> 805
A88: Zesta | B88: =COUNTIFS(MatchHistory!$B:$B, $A88, MatchHistory!$C:$C, "Town") -> 1 | C88: =COUNTIFS(MatchHistory!B:B, A88, MatchHistory!C:C, "Town", MatchHistory!D:D, "Win") -> 0 | D88: =IFERROR(__xludf.DUMMYFUNCTION("IF(EQ($B88, 0), TO_PERCENT(0), TO_PERCENT($C88/$B88))"),0.0) -> 0 | E88: =COUNTIFS(MatchHistory!$B:$B, $A88, MatchHistory!$C:$C, "Mafia") -> 0 | F88: =COUNTIFS(MatchHistory!$B:$B, $A88, MatchHistory!$C:$C, "Mafia", MatchHistory!$D:$D, "Win") -> 0 | G88: =IFERROR(__xludf.DUMMYFUNCTION("TO_PERCENT(IFERROR($F88/$E88, 0))"),0.0) -> 0 | H88: =SUM(E88, B88) -> 1 | I88: =IFERROR(__xludf.DUMMYFUNCTION("TO_PERCENT(IFERROR(($F88+$C88)/($E88+$B88), 0))"),0.0) -> 0 | J88: {=INDEX(MatchHistory!$G:$G,MATCH(1,(MatchHistory!$B:$B=$A88)*(MatchHistory!$G:$G<>""),0))} -> 24.243767 | K88: {=INDEX(MatchHistory!$H:$H,MATCH(1,(MatchHistory!$B:$B=$A88)*(MatchHistory!$H:$H<>""),0))} -> 8.2802349 | L88: {=INDEX(MatchHistory!$J:$J,MATCH(1,(MatchHistory!$B:$B=$A88)*(MatchHistory!$J:$J<>""),0))} -> 804
A89: Relm | B89: =COUNTIFS(MatchHistory!$B:$B, $A89, MatchHistory!$C:$C, "Town") -> 1 | C89: =COUNTIFS(MatchHistory!B:B, A89, MatchHistory!C:C, "Town", MatchHistory!D:D, "Win") -> 0 | D89: =IFERROR(__xludf.DUMMYFUNCTION("IF(EQ($B89, 0), TO_PERCENT(0), TO_PERCENT($C89/$B89))"),0.0) -> 0 | E89: =COUNTIFS(MatchHistory!$B:$B, $A89, MatchHistory!$C:$C, "Mafia") -> 0 | F89: =COUNTIFS(MatchHistory!$B:$B, $A89, MatchHistory!$C:$C, "Mafia", MatchHistory!$D:$D, "Win") -> 0 | G89: =IFERROR(__xludf.DUMMYFUNCTION("TO_PERCENT(IFERROR($F89/$E89, 0))"),0.0) -> 0 | H89: =SUM(E89, B89) -> 1 | I89: =IFERROR(__xludf.DUMMYFUNCTION("TO_PERCENT(IFERROR(($F89+$C89)/($E89+$B89), 0))"),0.0) -> 0 | J89: {=INDEX(MatchHistory!$G:$G,MATCH(1,(MatchHistory!$B:$B=$A89)*(MatchHistory!$G:$G<>""),0))} -> 24.187294 | K89: {=INDEX(MatchHistory!$H:$H,MATCH(1,(MatchHistory!$B:$B=$A89)*(MatchHistory!$H:$H<>""),0))} -> 8.2806188 | L89: {=INDEX(MatchHistory!$J:$J,MATCH(1,(MatchHistory!$B:$B=$A89)*(MatchHistory!$J:$J<>""),0))} -> 800
A90: Jan | B90: =COUNTIFS(MatchHistory!$B:$B, $A90, MatchHistory!$C:$C, "Town") -> 2 | C90: =COUNTIFS(MatchHistory!B:B, A90, MatchHistory!C:C, "Town", MatchHistory!D:D, "Win") -> 0 | D90: =IFERROR(__xludf.DUMMYFUNCTION("IF(EQ($B90, 0), TO_PERCENT(0), TO_PERCENT($C90/$B90))"),0.0) -> 0 | E90: =COUNTIFS(MatchHistory!$B:$B, $A90, MatchHistory!$C:$C, "Mafia") -> 0 | F90: =COUNTIFS(MatchHistory!$B:$B, $A90, MatchHistory!$C:$C, "Mafia", MatchHistory!$D:$D, "Win") -> 0 | G90: =IFERROR(__xludf.DUMMYFUNCTION("TO_PERCENT(IFERROR($F90/$E90, 0))"),0.0) -> 0 | H90: =SUM(E90, B90) -> 2 | I90: =IFERROR(__xludf.DUMMYFUNCTION("TO_PERCENT(IFERROR(($F90+$C90)/($E90+$B90), 0))"),0.0) -> 0 | J90: {=INDEX(MatchHistory!$G:$G,MATCH(1,(MatchHistory!$B:$B=$A90)*(MatchHistory!$G:$G<>""),0))} -> 24.128057 | K90: {=INDEX(MatchHistory!$H:$H,MATCH(1,(MatchHistory!$B:$B=$A90)*(MatchHistory!$H:$H<>""),0))} -> 8.2478127 | L90: {=INDEX(MatchHistory!$J:$J,MATCH(1,(MatchHistory!$B:$B=$A90)*(MatchHistory!$J:$J<>""),0))} -> 799
A91: Pie | B91: =COUNTIFS(MatchHistory!$B:$B, $A91, MatchHistory!$C:$C, "Town") -> 0 | C91: =COUNTIFS(MatchHistory!B:B, A91, MatchHistory!C:C, "Town", MatchHistory!D:D, "Win") -> 0 | D91: =IFERROR(__xludf.DUMMYFUNCTION("IF(EQ($B91, 0), TO_PERCENT(0), TO_PERCENT($C91/$B91))"),0.0) -> 0 | E91: =COUNTIFS(MatchHistory!$B:$B, $A91, MatchHistory!$C:$C, "Mafia") -> 1 | F91: =COUNTIFS(MatchHistory!$B:$B, $A91, MatchHistory!$C:$C, "Mafia", MatchHistory!$D:$D, "Win") -> 0 | G91: =IFERROR(__xludf.DUMMYFUNCTION("TO_PERCENT(IFERROR($F91/$E91, 0))"),0.0) -> 0 | H91: =SUM(E91, B91) -> 1 | I91: =IFERROR(__xludf.DUMMYFUNCTION("TO_PERCENT(IFERROR(($F91+$C91)/($E91+$B91), 0))"),0.0) -> 0 | J91: {=INDEX(MatchHistory!$G:$G,MATCH(1,(MatchHistory!$B:$B=$A91)*(MatchHistory!$G:$G<>""),0))} -> 24.142071 | K91: {=INDEX(MatchHistory!$H:$H,MATCH(1,(MatchHistory!$B:$B=$A91)*(MatchHistory!$H:$H<>""),0))} -> 8.2747378 | L91: {=INDEX(MatchHistory!$J:$J,MATCH(1,(MatchHistory!$B:$B=$A91)*(MatchHistory!$J:$J<>""),0))} -> 798
A92: Brystin/Carson | B92: =COUNTIFS(MatchHistory!$B:$B, $A92, MatchHistory!$C:$C, "Town") -> 1 | C92: =COUNTIFS(MatchHistory!B:B, A92, MatchHistory!C:C, "Town", MatchHistory!D:D, "Win") -> 0 | D92: =IFERROR(__xludf.DUMMYFUNCTION("IF(EQ($B92, 0), TO_PERCENT(0), TO_PERCENT($C92/$B92))"),0.0) -> 0 | E92: =COUNTIFS(MatchHistory!$B:$B, $A92, MatchHistory!$C:$C, "Mafia") -> 0 | F92: =COUNTIFS(MatchHistory!$B:$B, $A92, MatchHistory!$C:$C, "Mafia", MatchHistory!$D:$D, "Win") -> 0 | G92: =IFERROR(__xludf.DUMMYFUNCTION("TO_PERCENT(IFERROR($F92/$E92, 0))"),0.0) -> 0 | H92: =SUM(E92, B92) -> 1 | I92: =IFERROR(__xludf.DUMMYFUNCTION("TO_PERCENT(IFERROR(($F92+$C92)/($E92+$B92), 0))"),0.0) -> 0 | J92: {=INDEX(MatchHistory!$G:$G,MATCH(1,(MatchHistory!$B:$B=$A92)*(MatchHistory!$G:$G<>""),0))} -> 24.119113 | K92: {=INDEX(MatchHistory!$H:$H,MATCH(1,(MatchHistory!$B:$B=$A92)*(MatchHistory!$H:$H<>""),0))} -> 8.2629028 | L92: {=INDEX(MatchHistory!$J:$J,MATCH(1,(MatchHistory!$B:$B=$A92)*(MatchHistory!$J:$J<>""),0))} -> 797
A93: BRYSTIN | B93: =COUNTIFS(MatchHistory!$B:$B, $A93, MatchHistory!$C:$C, "Town") -> 2 | C93: =COUNTIFS(MatchHistory!B:B, A93, MatchHistory!C:C, "Town", MatchHistory!D:D, "Win") -> 0 | D93: =IFERROR(__xludf.DUMMYFUNCTION("IF(EQ($B93, 0), TO_PERCENT(0), TO_PERCENT($C93/$B93))"),0.0) -> 0 | E93: =COUNTIFS(MatchHistory!$B:$B, $A93, MatchHistory!$C:$C, "Mafia") -> 0 | F93: =COUNTIFS(MatchHistory!$B:$B, $A93, MatchHistory!$C:$C, "Mafia", MatchHistory!$D:$D, "Win") -> 0 | G93: =IFERROR(__xludf.DUMMYFUNCTION("TO_PERCENT(IFERROR($F93/$E93, 0))"),0.0) -> 0 | H93: =SUM(E93, B93) -> 2 | I93: =IFERROR(__xludf.DUMMYFUNCTION("TO_PERCENT(IFERROR(($F93+$C93)/($E93+$B93), 0))"),0.0) -> 0 | J93: {=INDEX(MatchHistory!$G:$G,MATCH(1,(MatchHistory!$B:$B=$A93)*(MatchHistory!$G:$G<>""),0))} -> 24.005857 | K93: {=INDEX(MatchHistory!$H:$H,MATCH(1,(MatchHistory!$B:$B=$A93)*(MatchHistory!$H:$H<>""),0))} -> 8.2288841 | L93: {=INDEX(MatchHistory!$J:$J,MATCH(1,(MatchHistory!$B:$B=$A93)*(MatchHistory!$J:$J<>""),0))} -> 793
A94: Lovely | B94: =COUNTIFS(MatchHistory!$B:$B, $A94, MatchHistory!$C:$C, "Town") -> 1 | C94: =COUNTIFS(MatchHistory!B:B, A94, MatchHistory!C:C, "Town", MatchHistory!D:D, "Win") -> 0 | D94: =IFERROR(__xludf.DUMMYFUNCTION("IF(EQ($B94, 0), TO_PERCENT(0), TO_PERCENT($C94/$B94))"),0.0) -> 0 | E94: =COUNTIFS(MatchHistory!$B:$B, $A94, MatchHistory!$C:$C, "Mafia") -> 0 | F94: =COUNTIFS(MatchHistory!$B:$B, $A94, MatchHistory!$C:$C, "Mafia", MatchHistory!$D:$D, "Win") -> 0 | G94: =IFERROR(__xludf.DUMMYFUNCTION("TO_PERCENT(IFERROR($F94/$E94, 0))"),0.0) -> 0 | H94: =SUM(E94, B94) -> 1 | I94: =IFERROR(__xludf.DUMMYFUNCTION("TO_PERCENT(IFERROR(($F94+$C94)/($E94+$B94), 0))"),0.0) -> 0 | J94: {=INDEX(MatchHistory!$G:$G,MATCH(1,(MatchHistory!$B:$B=$A94)*(MatchHistory!$G:$G<>""),0))} -> 24.024983 | K94: {=INDEX(MatchHistory!$H:$H,MATCH(1,(MatchHistory!$B:$B=$A94)*(MatchHistory!$H:$H<>""),0))} -> 8.2549329 | L94: {=INDEX(MatchHistory!$J:$J,MATCH(1,(MatchHistory!$B:$B=$A94)*(MatchHistory!$J:$J<>""),0))} -> 792
A95: Daniel | B95: =COUNTIFS(MatchHistory!$B:$B, $A95, MatchHistory!$C:$C, "Town") -> 2 | C95: =COUNTIFS(MatchHistory!B:B, A95, MatchHistory!C:C, "Town", MatchHistory!D:D, "Win") -> 0 | D95: =IFERROR(__xludf.DUMMYFUNCTION("IF(EQ($B95, 0), TO_PERCENT(0), TO_PERCENT($C95/$B95))"),0.0) -> 0 | E95: =COUNTIFS(MatchHistory!$B:$B, $A95, MatchHistory!$C:$C, "Mafia") -> 0 | F95: =COUNTIFS(MatchHistory!$B:$B, $A95, MatchHistory!$C:$C, "Mafia", MatchHistory!$D:$D, "Win") -> 0 | G95: =IFERROR(__xludf.DUMMYFUNCTION("TO_PERCENT(IFERROR($F95/$E95, 0))"),0.0) -> 0 | H95: =SUM(E95, B95) -> 2 | I95: =IFERROR(__xludf.DUMMYFUNCTION("TO_PERCENT(IFERROR(($F95+$C95)/($E95+$B95), 0))"),0.0) -> 0 | J95: {=INDEX(MatchHistory!$G:$G,MATCH(1,(MatchHistory!$B:$B=$A95)*(MatchHistory!$G:$G<>""),0))} -> 23.982644 | K95: {=INDEX(MatchHistory!$H:$H,MATCH(1,(MatchHistory!$B:$B=$A95)*(MatchHistory!$H:$H<>""),0))} -> 8.2374316 | L95: {=INDEX(MatchHistory!$J:$J,MATCH(1,(MatchHistory!$B:$B=$A95)*(MatchHistory!$J:$J<>""),0))} -> 791
A96: Raf | B96: =COUNTIFS(MatchHistory!$B:$B, $A96, MatchHistory!$C:$C, "Town") -> 1 | C96: =COUNTIFS(MatchHistory!B:B, A96, MatchHistory!C:C, "Town", MatchHistory!D:D, "Win") -> 0 | D96: =IFERROR(__xludf.DUMMYFUNCTION("IF(EQ($B96, 0), TO_PERCENT(0), TO_PERCENT($C96/$B96))"),0.0) -> 0 | E96: =COUNTIFS(MatchHistory!$B:$B, $A96, MatchHistory!$C:$C, "Mafia") -> 0 | F96: =COUNTIFS(MatchHistory!$B:$B, $A96, MatchHistory!$C:$C, "Mafia", MatchHistory!$D:$D, "Win") -> 0 | G96: =IFERROR(__xludf.DUMMYFUNCTION("TO_PERCENT(IFERROR($F96/$E96, 0))"),0.0) -> 0 | H96: =SUM(E96, B96) -> 1 | I96: =IFERROR(__xludf.DUMMYFUNCTION("TO_PERCENT(IFERROR(($F96+$C96)/($E96+$B96), 0))"),0.0) -> 0 | J96: {=INDEX(MatchHistory!$G:$G,MATCH(1,(MatchHistory!$B:$B=$A96)*(MatchHistory!$G:$G<>""),0))} -> 24.03954 | K96: {=INDEX(MatchHistory!$H:$H,MATCH(1,(MatchHistory!$B:$B=$A96)*(MatchHistory!$H:$H<>""),0))} -> 8.2702941 | L96: {=INDEX(MatchHistory!$J:$J,MATCH(1,(MatchHistory!$B:$B=$A96)*(MatchHistory!$J:$J<>""),0))} -> 791
A97: Happymeal | B97: =COUNTIFS(MatchHistory!$B:$B, $A97, MatchHistory!$C:$C, "Town") -> 14 | C97: =COUNTIFS(MatchHistory!B:B, A97, MatchHistory!C:C, "Town", MatchHistory!D:D, "Win") -> 3 | D97: =IFERROR(__xludf.DUMMYFUNCTION("IF(EQ($B97, 0), TO_PERCENT(0), TO_PERCENT($C97/$B97))"),0.21428571428571427) -> 0.21428571 | E97: =COUNTIFS(MatchHistory!$B:$B, $A97, MatchHistory!$C:$C, "Mafia") -> 6 | F97: =COUNTIFS(MatchHistory!$B:$B, $A97, MatchHistory!$C:$C, "Mafia", MatchHistory!$D:$D, "Win") -> 3 | G97: =IFERROR(__xludf.DUMMYFUNCTION("TO_PERCENT(IFERROR($F97/$E97, 0))"),0.5) -> 0.5 | H97: =SUM(E97, B97) -> 20 | I97: =IFERROR(__xludf.DUMMYFUNCTION("TO_PERCENT(IFERROR(($F97+$C97)/($E97+$B97), 0))"),0.3) -> 0.3 | J97: {=INDEX(MatchHistory!$G:$G,MATCH(1,(MatchHistory!$B:$B=$A97)*(MatchHistory!$G:$G<>""),0))} -> 22.192759 | K97: {=INDEX(MatchHistory!$H:$H,MATCH(1,(MatchHistory!$B:$B=$A97)*(MatchHistory!$H:$H<>""),0))} -> 7.2102474 | L97: {=INDEX(MatchHistory!$J:$J,MATCH(1,(MatchHistory!$B:$B=$A97)*(MatchHistory!$J:$J<>""),0))} -> 774
A98: Wiggles | B98: =COUNTIFS(MatchHistory!$B:$B, $A98, MatchHistory!$C:$C, "Town") -> 1 | C98: =COUNTIFS(MatchHistory!B:B, A98, MatchHistory!C:C, "Town", MatchHistory!D:D, "Win") -> 0 | D98: =IFERROR(__xludf.DUMMYFUNCTION("IF(EQ($B98, 0), TO_PERCENT(0), TO_PERCENT($C98/$B98))"),0.0) -> 0 | E98: =COUNTIFS(MatchHistory!$B:$B, $A98, MatchHistory!$C:$C, "Mafia") -> 0 | F98: =COUNTIFS(MatchHistory!$B:$B, $A98, MatchHistory!$C:$C, "Mafia", MatchHistory!$D:$D, "Win") -> 0 | G98: =IFERROR(__xludf.DUMMYFUNCTION("TO_PERCENT(IFERROR($F98/$E98, 0))"),0.0) -> 0 | H98: =SUM(E98, B98) -> 1 | I98: =IFERROR(__xludf.DUMMYFUNCTION("TO_PERCENT(IFERROR(($F98+$C98)/($E98+$B98), 0))"),0.0) -> 0 | J98: {=INDEX(MatchHistory!$G:$G,MATCH(1,(MatchHistory!$B:$B=$A98)*(MatchHistory!$G:$G<>""),0))} -> 23.48815 | K98: {=INDEX(MatchHistory!$H:$H,MATCH(1,(MatchHistory!$B:$B=$A98)*(MatchHistory!$H:$H<>""),0))} -> 8.2372064 | L98: {=INDEX(MatchHistory!$J:$J,MATCH(1,(MatchHistory!$B:$B=$A98)*(MatchHistory!$J:$J<>""),0))} -> 757
A99: Justice | B99: =COUNTIFS(MatchHistory!$B:$B, $A99, MatchHistory!$C:$C, "Town") -> 0 | C99: =COUNTIFS(MatchHistory!B:B, A99, MatchHistory!C:C, "Town", MatchHistory!D:D, "Win") -> 0 | D99: =IFERROR(__xludf.DUMMYFUNCTION("IF(EQ($B99, 0), TO_PERCENT(0), TO_PERCENT($C99/$B99))"),0.0) -> 0 | E99: =COUNTIFS(MatchHistory!$B:$B, $A99, MatchHistory!$C:$C, "Mafia") -> 1 | F99: =COUNTIFS(MatchHistory!$B:$B, $A99, MatchHistory!$C:$C, "Mafia", MatchHistory!$D:$D, "Win") -> 0 | G99: =IFERROR(__xludf.DUMMYFUNCTION("TO_PERCENT(IFERROR($F99/$E99, 0))"),0.0) -> 0 | H99: =SUM(E99, B99) -> 1 | I99: =IFERROR(__xludf.DUMMYFUNCTION("TO_PERCENT(IFERROR(($F99+$C99)/($E99+$B99), 0))"),0.0) -> 0 | J99: {=INDEX(MatchHistory!$G:$G,MATCH(1,(MatchHistory!$B:$B=$A99)*(MatchHistory!$G:$G<>""),0))} -> 23.499652 | K99: {=INDEX(MatchHistory!$H:$H,MATCH(1,(MatchHistory!$B:$B=$A99)*(MatchHistory!$H:$H<>""),0))} -> 8.266193 | L99: {=INDEX(MatchHistory!$J:$J,MATCH(1,(MatchHistory!$B:$B=$A99)*(MatchHistory!$J:$J<>""),0))} -> 755
A100: HGSmallz | B100: =COUNTIFS(MatchHistory!$B:$B, $A100, MatchHistory!$C:$C, "Town") -> 2 | C100: =COUNTIFS(MatchHistory!B:B, A100, MatchHistory!C:C, "Town", MatchHistory!D:D, "Win") -> 0 | D100: =IFERROR(__xludf.DUMMYFUNCTION("IF(EQ($B100, 0), TO_PERCENT(0), TO_PERCENT($C100/$B100))"),0.0) -> 0 | E100: =COUNTIFS(MatchHistory!$B:$B, $A100, MatchHistory!$C:$C, "Mafia") -> 0 | F100: =COUNTIFS(MatchHistory!$B:$B, $A100, MatchHistory!$C:$C, "Mafia", MatchHistory!$D:$D, "Win") -> 0 | G100: =IFERROR(__xludf.DUMMYFUNCTION("TO_PERCENT(IFERROR($F100/$E100, 0))"),0.0) -> 0 | H100: =SUM(E100, B100) -> 2 | I100: =IFERROR(__xludf.DUMMYFUNCTION("TO_PERCENT(IFERROR(($F100+$C100)/($E100+$B100), 0))"),0.0) -> 0 | J100: {=INDEX(MatchHistory!$G:$G,MATCH(1,(MatchHistory!$B:$B=$A100)*(MatchHistory!$G:$G<>""),0))} -> 23.123521 | K100: {=INDEX(MatchHistory!$H:$H,MATCH(1,(MatchHistory!$B:$B=$A100)*(MatchHistory!$H:$H<>""),0))} -> 8.1869499 | L100: {=INDEX(MatchHistory!$J:$J,MATCH(1,(MatchHistory!$B:$B=$A100)*(MatchHistory!$J:$J<>""),0))} -> 737
...

Sheet MatchRatings
B1: mu | C1: sigma
A2: Player | B2: mu | C2: sigma
A3: Jake | B3: 28.003534 | C3: 8.1263685
A4: Carson | B4: 30.325724 | C4: 5.7922464
A5: Creatchee | B5: 36.313279 | C5: 7.1623727
A6: Smit | B6: 21.22932 | C6: 5.9611702
A7: Boobles | B7: 28.045981 | C7: 7.8794217
A8: Badpants | B8: 27.412338 | C8: 5.4212107
A9: Kwix | B9: 24.106869 | C9: 6.3329078
A10: Chipper | B10: 31.980698 | C10: 5.8149377
A11: Machop | B11: 24.676032 | C11: 6.6723845
A12: Happymeal | B12: 22.192759 | C12: 7.2102474
A13: Lou | B13: 31.267898 | C13: 5.8569431
A14: Iln | B14: 31.816797 | C14: 5.238906
... A115: Siggywiggy | B115: 26.813244 | C115: 8.2349325

Sheet MatchHistory
A1: GameID | B1: Player | C1: Alignment | D1: Result | E1: RateChange | F1: old_mu | G1: new_mu | H1: new_sigma | I1: old_rating | J1: new_rating | K1: old_sigma
A2: 184 | B2: Josh | C2: Mafia | D2: Win | E2: 39 | F2: 28.464169 | G2: 28.979614 | H2: 7.2783272 | I2: 1189 | J2: 1228 | K2: 7.3237986
A3: 184 | B3: Laur | C3: Mafia | D3: Win | E3: 25 | F3: 35.148769 | G3: 35.476764 | H3: 5.8193791 | I3: 1794 | J3: 1819 | K3: 5.8419245
A4: 184 | B4: Chipper | C4: Mafia | D4: Win | E4: 25 | F4: 31.653207 | G4: 31.980698 | H4: 5.8149377 | I4: 1557 | J4: 1582 | K4: 5.8374284
A5: 184 | B5: Iln | C5: Town | D5: Loss | E5: -17 | F5: 32.082214 | G5: 31.816797 | H5: 5.238906 | I5: 1646 | J5: 1629 | K5: 5.2549826
A6: 184 | B6: Strik3r | C6: Town | D6: Loss | E6: -25 | F6: 29.052177 | G6: 28.631602 | H6: 6.5821928 | I6: 1301 | J6: 1276 | K6: 6.6154349
A7: 184 | B7: Brownkow | C7: Town | D7: Loss | E7: -17 | F7: 31.64143 | G7: 31.363469 | H7: 5.3604515 | I7: 1603 | J7: 1586 | K7: 5.3777725
A8: 184 | B8: Kden | C8: Town | D8: Loss | E8: -22 | F8: 28.670135 | G8: 28.313355 | H8: 6.0672109 | I8: 1328 | J8: 1306 | K8: 6.0929433
A9: 184 | B9: Noah | C9: Town | D9: Loss | E9: -21 | F9: 35.086537 | G9: 34.73979 | H9: 5.9820323 | I9: 1773 | J9: 1752 | K9: 6.0066392
A10: 184 | B10: Levi | C10: Town | D10: Loss | E10: -35 | F10: 26.187691 | G10: 25.570623 | H10: 7.9535653 | I10: 963 | J10: 928 | K10: 8.013435
A11: 184 | B11: Chelsea | C11: Town | D11: Loss | E11: -24 | F11: 30.773129 | G11: 30.385304 | H11: 6.3232698 | I11: 1445 | J11: 1421 | K11: 6.3525817
A12: 184 | B12: Kwix | C12: Town | D12: Loss | E12: -24 | F12: 24.495889 | G12: 24.106869 | H12: 6.3329078 | I12: 1017 | J12: 993 | K12: 6.3623603
A13: 184 | B13: Ghost | C13: Town | D13: Ghost | E13: 0
A14: 184 | B14: Ken | C14: Town | D14: Night Zero | E14: 0
A15: 184 | B15: Rocker | C15: Town | D15: Loss | E15: -17 | F15: 37.010185 | G15: 36.736488 | H15: 5.3194585 | I15: 1972 | J15: 1955 | K15: 5.3363535
A16: 184 | B16: Carson | C16: Town | D16: Loss | E16: -20 | F16: 30.650644 | G16: 30.325724 | H16: 5.7922464 | I16: 1491 | J16: 1471 | K16: 5.8144589
A17: 183 | B17: Motr | C17: Mafia | D17: Win | E17: 64 | F17: 27.03273 | G17: 27.910313 | H17: 6.6196349 | I17: 1159 | J17: 1223 | K17: 6.6614165
A18: 183 | B18: Hunter | C18: Mafia | D18: Win | E18: 86 | F18: 24.877739 | G18: 26.038543 | H18: 7.5973829 | I18: 910 | J18: 996 | K18: 7.6615003
A19: 183 | B19: striker | C19: Mafia | D19: Win | E19: 93 | F19: 26.842729 | G19: 28.098609 | H19: 7.8968515 | I19: 1012 | J19: 1105 | K19: 7.9691379
A20: 183 | B20: Smit | C20: Town | D20: Night Zero | E20: 0
A21: 183 | B21: Brownkow | C21: Town | D21: Loss | E21: -37 | F21: 32.218076 | G21: 31.64143 | H21: 5.3777725 | I21: 1640 | J21: 1603 | K21: 5.3994759
A22: 183 | B22: Chipper | C22: Town | D22: Loss | E22: -43 | F22: 32.333675 | G22: 31.653207 | H22: 5.8374284 | I22: 1600 | J22: 1557 | K22: 5.8655951
A23: 183 | B23: Machop | C23: Town | D23: Loss | E23: -57 | F23: 25.567844 | G23: 24.676032 | H23: 6.6723845 | I23: 1054 | J23: 997 | K23: 6.7152129
A24: 183 | B24: Kwix | C24: Town | D24: Loss | E24: -51 | F24: 25.305778 | G24: 24.495889 | H24: 6.3623603 | I24: 1068 | J24: 1017 | K24: 6.3992767
A25: 183 | B25: Gilbert | C25: Town | D25: Loss | E25: -53 | F25: 31.164828 | G25: 30.32656 | H25: 6.471524 | I25: 1455 | J25: 1402 | K25: 6.5104565
A26: 183 | B26: Svaan | C26: Town | D26: Loss | E26: -57 | F26: 28.819978 | G26: 27.920206 | H26: 6.7017035 | I26: 1272 | J26: 1215 | K26: 6.7451211
A27: 183 | B27: Matt (Decode) | C27: Town | D27: Loss | E27: -62 | F27: 22.28627 | G27: 21.299736 | H27: 7.0129051 | I27: 795 | J27: 733 | K27: 7.062911
A28: 183 | B28: Double A | C28: Town | D28: Loss | E28: -82 | F28: 23.515499 | G28: 22.178438 | H28: 8.1431934 | I28: 760 | J28: 678 | K28: 8.2227058
A29: 183 | B29: Iln | C29: Town | D29: Loss | E29: -35 | F29: 32.632617 | G29: 32.082214 | H29: 5.2549826 | I29: 1681 | J29: 1646 | K29: 5.275135
A30: 183 | B30: Lou | C30: Town | D30: Loss | E30: -43 | F30: 31.952969 | G30: 31.267898 | H30: 5.8569431 | I30: 1572 | J30: 1529 | K30: 5.8854081
A31: 183 | B31: Laur | C31: Town | D31: Loss | E31: -44 | F31: 35.830296 | G31: 35.148769 | H31: 5.8419245 | I31: 1838 | J31: 1794 | K31: 5.8701597
A32: 182 | B32: Chipper | C32: Mafia | D32: Loss | E32: -76 | F32: 33.503212 | G32: 32.333675 | H32: 5.8655951 | I32: 1676 | J32: 1600 | K32: 5.9053632
... A36: 182 | B36: Ken | C36: Town | D36: Win | E36: 103 | F36: 25.247062 | G36: 26.680961 | H36: 6.4845692 | I36: 1050 | J36: 1153 | K36: 6.5389844
A37: 182 | B37: Ghost | C37: Town | D37: Ghost | E37: 0
A38: 182 | B38: Matt | C38: Town | D38: Win | E38: 146 | F38: 30.954991 | G38: 32.960848 | H38: 7.6433982 | I38: 1316 | J38: 1462 | K38: 7.7342036
A39: 182 | B39: Laur | C39: Town | D39: Win | E39: 84 | F39: 34.658913 | G39: 35.830296 | H39: 5.8701597 | I39: 1754 | J39: 1838 | K39: 5.9100249
A40: 182 | B40: Gilbert | C40: Town | D40: Win | E40: 104 | F40: 29.719257 | G40: 31.164828 | H40: 6.5104565 | I40: 1351 | J40: 1455 | K40: 6.565552
A41: 182 | B41: Svaan | C41: Town | D41: Win | E41: 112 | F41: 27.266318 | G41: 28.819978 | H41: 6.7451211 | I41: 1160 | J41: 1272 | K41: 6.8066441
A42: 182 | B42: Keegan | C42: Town | D42: Win | E42: 130 | F42: 28.30696 | G42: 30.105009 | H42: 7.2456647 | I42: 1178 | J42: 1308 | K42: 7.3225487
A43: 182 | B43: Streety | C43: Town | D43: Win | E43: 104 | F43: 29.574379 | G43: 31.0274 | H43: 6.5269233 | I43: 1340 | J43: 1444 | K43: 6.5824544
A44: 182 | B44: Iln | C44: Town | D44: Win | E44: 67 | F44: 31.689226 | G44: 32.632617 | H44: 5.275135 | I44: 1614 | J44: 1681 | K44: 5.3035966
A45: 182 | B45: Rocker | C45: Town | D45: Win | E45: 68 | F45: 36.044516 | G45: 37.010185 | H45: 5.3363535 | I45: 1904 | J45: 1972 | K45: 5.3658757
A46: 182 | B46: Ghost | C46: Town | D46: Ghost | E46: 0
A47: 181 | B47: Brownkow | C47: Mafia | D47: Loss | E47: -70 | F47: 33.292246 | G47: 32.218076 | H47: 5.3994759 | I47: 1710 | J47: 1640 | K47: 5.4289409
A48: 181 | B48: Iln | C48: Mafia | D48: Loss | E48: -68 | F48: 32.72517 | G48: 31.689226 | H48: 5.3035966 | I48: 1682 | J48: 1614 | K48: 5.3314344
A49: 181 | B49: Gilbert | C49: Mafia | D49: Loss | E49: -103 | F49: 31.316255 | G49: 29.719257 | H49: 6.565552 | I49: 1454 | J49: 1351 | K49: 6.6199557
A50: 181 | B50: Cyclone | C50: Town | D50: Win | E50: 120 | F50: 33.835887 | G50: 35.517772 | H50: 6.7347632 | I50: 1608 | J50: 1728 | K50: 6.7936552
A51: 181 | B51: Streety | C51: Town | D51: Night Zero | E51: 0
A52: 181 | B52: Machop | C52: Town | D52: Win | E52: 120 | F52: 23.895884 | G52: 25.567844 | H52: 6.7152129 | I52: 934 | J52: 1054 | K52: 6.7735742
A53: 181 | B53: Rocker | C53: Town | D53: Win | E53: 75 | F53: 34.983824 | G53: 36.044516 | H53: 5.3658757 | I53: 1829 | J53: 1904 | K53: 5.3947637
A54: 181 | B54: Laur | C54: Town | D54: Win | E54: 92 | F54: 33.36908 | G54: 34.658913 | H54: 5.9100249 | I54: 1662 | J54: 1754 | K54: 5.949189
A55: 181 | B55: striker | C55: Town | D55: Win | E55: 171 | F55: 24.4705 | G55: 26.842729 | H55: 7.9691379 | I55: 841 | J55: 1012 | K55: 8.0685832
A56: 181 | B56: Lou | C56: Town | D56: Win | E56: 90 | F56: 30.674005 | G56: 31.952969 | H56: 5.8854081 | I56: 1482 | J56: 1572 | K56: 5.9240629
A57: 181 | B57: Badpants | C57: Town | D57: Win | E57: 78 | F57: 27.313819 | G57: 28.409332 | H57: 5.4522444 | I57: 1298 | J57: 1376 | K57: 5.4826303
A58: 181 | B58: Kden | C58: Town | D58: Win | E58: 98 | F58: 27.298035 | G58: 28.670135 | H58: 6.0929433 | I58: 1230 | J58: 1328 | K58: 6.1360302
A59: 181 | B59: Matt | C59: Town | D59: Win | E59: 161 | F59: 28.723925 | G59: 30.954991 | H59: 7.7342036 | I59: 1155 | J59: 1316 | K59: 7.824798
A60: 181 | B60: Chipper | C60: Town | D60: Win | E60: 92 | F60: 32.215441 | G60: 33.503212 | H60: 5.9053632 | I60: 1584 | J60: 1676 | K60: 5.9444305
A61: 181 | B61: Ken | C61: Town | D61: Win | E61: 113 | F61: 23.663182 | G61: 25.247062 | H61: 6.5389844 | I61: 937 | J61: 1050 | K61: 6.5927049
A62: 180 | B62: Svaan | C62: Mafia | D62: Loss | E62: -57 | F62: 28.186755 | G62: 27.266318 | H62: 6.8066441 | I62: 1217 | J62: 1160 | K62: 6.8564014
A63: 180 | B63: Chelsea | C63: Mafia | D63: Loss | E63: -50 | F63: 31.573304 | G63: 30.773129 | H63: 6.3525818 | I63: 1495 | J63: 1445 | K63: 6.3927022
... A67: 180 | B67: Cyclone | C67: Town | D67: Win | E67: 68 | F67: 32.919012 | G67: 33.835887 | H67: 6.7936553 | I67: 1540 | J67: 1608 | K67: 6.8431176
A68: 180 | B68: Laur | C68: Town | D68: Night Zero | E68: 0
A69: 180 | B69: Chipper | C69: Town | D69: Win | E69: 51 | F69: 31.515922 | G69: 32.215441 | H69: 5.9444305 | I69: 1533 | J69: 1584 | K69: 5.9770133
A70: 180 | B70: Ken | C70: Town | D70: Win | E70: 64 | F70: 22.800501 | G70: 23.663182 | H70: 6.5927049 | I70: 873 | J70: 937 | K70: 6.6377508
A71: 180 | B71: Rocker | C71: Town | D71: Win | E71: 42 | F71: 34.408844 | G71: 34.983824 | H71: 5.3947637 | I71: 1787 | J71: 1829 | K71: 5.4187331
A72: 180 | B72: Brownkow | C72: Town | D72: Win | E72: 42 | F72: 32.709888 | G72: 33.292246 | H72: 5.4289409 | I72: 1668 | J72: 1710 | K72: 5.4533974
A73: 180 | B73: Streety | C73: Town | D73: Win | E73: 63 | F73: 28.714417 | G73: 29.574379 | H73: 6.5824544 | I73: 1277 | J73: 1340 | K73: 6.6272823
A74: 180 | B74: Lofty | C74: Town | D74: Night Zero | E74: 0
A75: 180 | B75: Gilbert | C75: Town | D75: Win | E75: 64 | F75: 30.446327 | G75: 31.316255 | H75: 6.6199557 | I75: 1390 | J75: 1454 | K75: 6.6655845
A76: 180 | B76: striker | C76: Town | D76: Win | E76: 97 | F76: 23.16911 | G76: 24.4705 | H76: 8.0685832 | I76: 744 | J76: 841 | K76: 8.1529786
A77: 179 | B77: Badpants | C77: Mafia | D77: Win | E77: 27 | F77: 26.946268 | G77: 27.313819 | H77: 5.4826303 | I77: 1271 | J77: 1298 | K77: 5.5037338
A78: 179 | B78: Rocker | C78: Mafia | D78: Win | E78: 26 | F78: 34.049877 | G78: 34.408844 | H78: 5.4187331 | I78: 1761 | J78: 1787 | K78: 5.4390581
A79: 179 | B79: Josh | C79: Mafia | D79: Win | E79: 51 | F79: 27.80408 | G79: 28.464169 | H79: 7.3237986 | I79: 1138 | J79: 1189 | K79: 7.3761823
A80: 179 | B80: TCP | C80: Town | D80: Loss | E80: -39 | F80: 21.803656 | G80: 21.147399 | H80: 7.3028173 | I80: 732 | J80: 693 | K80: 7.3547365
A81: 179 | B81: Xcync | C81: Town | D81: Night Zero | E81: 0
A82: 179 | B82: Gilbert | C82: Town | D82: Night Zero | E82: 0
A83: 179 | B83: Carson | C83: Town | D83: Loss | E83: -26 | F83: 31.064451 | G83: 30.650643 | H83: 5.8144589 | I83: 1517 | J83: 1491 | K83: 5.8399047
A84: 179 | B84: Keegan | C84: Town | D84: Loss | E84: -40 | F84: 28.96682 | G84: 28.30696 | H84: 7.3225487 | I84: 1218 | J84: 1178 | K84: 7.3749047
A85: 179 | B85: Whyin | C85: Town | D85: Loss | E85: -30 | F85: 30.923995 | G85: 30.431018 | H85: 6.3408373 | I85: 1453 | J85: 1423 | K85: 6.3742681
A86: 179 | B86: striker | C86: Town | D86: Loss | E86: -48 | F86: 23.990036 | G86: 23.16911 | H86: 8.1529786 | I86: 792 | J86: 744 | K86: 8.2260281
A87: 179 | B87: Noah | C87: Town | D87: Loss | E87: -27 | F87: 35.528422 | G87: 35.086537 | H87: 6.0066392 | I87: 1800 | J87: 1773 | K87: 6.0348391
A88: 179 | B88: Iln | C88: Town | D88: Loss | E88: -22 | F88: 32.514175 | G88: 32.163732 | H88: 5.3545172 | I88: 1663 | J88: 1641 | K88: 5.374078
A89: 179 | B89: Streety | C89: Town | D89: Loss | E89: -32 | F89: 29.253486 | G89: 28.714417 | H89: 6.6272823 | I89: 1309 | J89: 1277 | K89: 6.6656663
A90: 179 | B90: Laur | C90: Town | D90: Loss | E90: -27 | F90: 33.802472 | G90: 33.36908 | H90: 5.949189 | I90: 1689 | J90: 1662 | K90: 5.9765466
A91: 179 | B91: Plen | C91: Town | D91: Loss | E91: -24 | F91: 26.146606 | G91: 25.765842 | H91: 5.5795004 | I91: 1207 | J91: 1183 | K91: 5.601819
A92: 178 | B92: Siggywiggy | C92: Mafia | D92: Win | E92: 133 | F92: 25 | G92: 26.813244 | H92: 8.2349325 | I92: 850 | J92: 983 | K92: 8.3333333
A93: 178 | B93: Machop | C93: Mafia | D93: Win | E93: 90 | F93: 21.749417 | G93: 22.984502 | H93: 6.8225828 | I93: 777 | J93: 867 | K93: 6.877404
A94: 178 | B94: Keegan | C94: Mafia | D94: Win | E94: 106 | F94: 27.519604 | G94: 28.96682 | H94: 7.3749047 | I94: 1112 | J94: 1218 | K94: 7.4447396
A95: 178 | B95: Kden | C95: Town | D95: Night Zero | E95: 0
A96: 178 | B96: Motr | C96: Town | D96: Loss | E96: -75 | F96: 28.20924 | G96: 27.03273 | H96: 6.6614165 | I96: 1234 | J96: 1159 | K96: 6.7123055
A97: 178 | B97: Carson | C97: Town | D97: Loss | E97: -58 | F97: 31.965387 | G97: 31.064451 | H97: 5.8399047 | I97: 1575 | J97: 1517 | K97: 5.8736226
A98: 178 | B98: Streety | C98: Town | D98: Loss | E98: -75 | F98: 30.431522 | G98: 29.253486 | H98: 6.6656663 | I98: 1384 | J98: 1309 | K98: 6.7166565
A99: 178 | B99: Smit | C99: Town | D99: Loss | E99: -60 | F99: 22.168534 | G99: 21.22932 | H99: 5.9611702 | I99: 896 | J99: 836 | K99: 5.9971366
A100: 178 | B100: Rocker | C100: Town | D100: Night Zero | E100: 0
A101: 178 | B101: Plen | C101: Town | D101: Loss | E101: -53 | F101: 26.974785 | G101: 26.146606 | H101: 5.601819 | I101: 1260 | J101: 1207 | K101: 5.6313912
A102: 178 | B102: Noah | C102: Town | D102: Loss | E102: -62 | F102: 36.491294 | G102: 35.528422 | H102: 6.0348391 | I102: 1862 | J102: 1800 | K102: 6.0722179
A103: 178 | B103: Strik3r | C103: Town | D103: Loss | E103: -74 | F103: 30.21225 | G103: 29.052177 | H103: 6.6154349 | I103: 1375 | J103: 1301 | K103: 6.6652375
A104: 178 | B104: Josh | C104: Town | D104: Loss | E104: -92 | F104: 29.251808 | G104: 27.80408 | H104: 7.3761823 | I104: 1230 | J104: 1138 | K104: 7.4460548
A105: 178 | B105: Kwix | C105: Town | D105: Loss | E105: -69 | F105: 26.390193 | G105: 25.305778 | H105: 6.3992767 | I105: 1137 | J105: 1068 | K105: 6.4441784
A106: 178 | B106: Whyin | C106: Town | D106: Loss | E106: -68 | F106: 31.999829 | G106: 30.923995 | H106: 6.3742681 | I106: 1521 | J106: 1453 | K106: 6.4186243
...

Sheet Season 1 - Stats Summary
A1: Name | B1: Town Games | C1: Town Wins | D1: Town Win % | E1: Mafia Games | F1: Mafia Wins | G1: Mafia Win % | H1: Total Win % | I1: Mu | J1: Sigma | K1: Rating
A2: Machop | B2: =COUNTIFS('Season 1 - MatchHistory'!$B:$B, $A2, 'Season 1 - MatchHistory'!$C:$C, "Town") -> 34 | C2: =COUNTIFS('Season 1 - MatchHistory'!B:B, A2, 'Season 1 - MatchHistory'!C:C, "Town", 'Season 1 - MatchHistory'!D:D, "Win") -> 16 | D2: =IFERROR(__xludf.DUMMYFUNCTION("IF(EQ($B2, 0), TO_PERCENT(0), TO_PERCENT($C2/$B2))"),0.47058823529411764) -> 0.47058824 | E2: =COUNTIFS('Season 1 - MatchHistory'!$B:$B, $A2, 'Season 1 - MatchHistory'!$C:$C, "Mafia") -> 6 | F2: =COUNTIFS('Season 1 - MatchHistory'!$B:$B, $A2, 'Season 1 - MatchHistory'!$C:$C, "Mafia", 'Season 1 - MatchHistory'!$D:$D, "Win") -> 6 | G2: =IFERROR(__xludf.DUMMYFUNCTION("TO_PERCENT(IFERROR($F2/$E2, 0))"),1.0) -> 1 | H2: =IFERROR(__xludf.DUMMYFUNCTION("TO_PERCENT(IFERROR(($F2+$C2)/($E2+$B2), 0))"),0.55) -> 0.55 | I2: {=INDEX('Season 1 - MatchHistory'!$G:$G,MATCH(1,('Season 1 - MatchHistory'!$B:$B=$A2)*('Season 1 - MatchHistory'!$G:$G<>""),0))} -> 33.259148 | J2: {=INDEX('Season 1 - MatchHistory'!$H:$H,MATCH(1,('Season 1 - MatchHistory'!$B:$B=$A2)*('Season 1 - MatchHistory'!$H:$H<>""),0))} -> 6.7512772 | K2: {=INDEX('Season 1 - MatchHistory'!$J:$J,MATCH(1,('Season 1 - MatchHistory'!$B:$B=$A2)*('Season 1 - MatchHistory'!$J:$J<>""),0))} -> 1573
A3: Maz | B3: =COUNTIFS('Season 1 - MatchHistory'!$B:$B, $A3, 'Season 1 - MatchHistory'!$C:$C, "Town") -> 15 | C3: =COUNTIFS('Season 1 - MatchHistory'!B:B, A3, 'Season 1 - MatchHistory'!C:C, "Town", 'Season 1 - MatchHistory'!D:D, "Win") -> 7 | D3: =IFERROR(__xludf.DUMMYFUNCTION("IF(EQ($B3, 0), TO_PERCENT(0), TO_PERCENT($C3/$B3))"),0.4666666666666667) -> 0.46666667 | E3: =COUNTIFS('Season 1 - MatchHistory'!$B:$B, $A3, 'Season 1 - MatchHistory'!$C:$C, "Mafia") -> 7 | F3: =COUNTIFS('Season 1 - MatchHistory'!$B:$B, $A3, 'Season 1 - MatchHistory'!$C:$C, "Mafia", 'Season 1 - MatchHistory'!$D:$D, "Win") -> 7 | G3: =IFERROR(__xludf.DUMMYFUNCTION("TO_PERCENT(IFERROR($F3/$E3, 0))"),1.0) -> 1 | H3: =IFERROR(__xludf.DUMMYFUNCTION("TO_PERCENT(IFERROR(($F3+$C3)/($E3+$B3), 0))"),0.6363636363636364) -> 0.63636364 | I3: {=INDEX('Season 1 - MatchHistory'!$G:$G,MATCH(1,('Season 1 - MatchHistory'!$B:$B=$A3)*('Season 1 - MatchHistory'!$G:$G<>""),0))} -> 31.79948 | J3: {=INDEX('Season 1 - MatchHistory'!$H:$H,MATCH(1,('Season 1 - MatchHistory'!$B:$B=$A3)*('Season 1 - MatchHistory'!$H:$H<>""),0))} -> 7.3351158 | K3: {=INDEX('Season 1 - MatchHistory'!$J:$J,MATCH(1,('Season 1 - MatchHistory'!$B:$B=$A3)*('Season 1 - MatchHistory'!$J:$J<>""),0))} -> 1414
A4: Boobles | B4: =COUNTIFS('Season 1 - MatchHistory'!$B:$B, $A4, 'Season 1 - MatchHistory'!$C:$C, "Town") -> 11 | C4: =COUNTIFS('Season 1 - MatchHistory'!B:B, A4, 'Season 1 - MatchHistory'!C:C, "Town", 'Season 1 - MatchHistory'!D:D, "Win") -> 7 | D4: =IFERROR(__xludf.DUMMYFUNCTION("IF(EQ($B4, 0), TO_PERCENT(0), TO_PERCENT($C4/$B4))"),0.6363636363636364) -> 0.63636364 | E4: =COUNTIFS('Season 1 - MatchHistory'!$B:$B, $A4, 'Season 1 - MatchHistory'!$C:$C, "Mafia") -> 1 | F4: =COUNTIFS('Season 1 - MatchHistory'!$B:$B, $A4, 'Season 1 - MatchHistory'!$C:$C, "Mafia", 'Season 1 - MatchHistory'!$D:$D, "Win") -> 1 | G4: =IFERROR(__xludf.DUMMYFUNCTION("TO_PERCENT(IFERROR($F4/$E4, 0))"),1.0) -> 1 | H4: =IFERROR(__xludf.DUMMYFUNCTION("TO_PERCENT(IFERROR(($F4+$C4)/($E4+$B4), 0))"),0.6666666666666666) -> 0.66666667 | I4: {=INDEX('Season 1 - MatchHistory'!$G:$G,MATCH(1,('Season 1 - MatchHistory'!$B:$B=$A4)*('Season 1 - MatchHistory'!$G:$G<>""),0))} -> 31.73429 | J4: {=INDEX('Season 1 - MatchHistory'!$H:$H,MATCH(1,('Season 1 - MatchHistory'!$B:$B=$A4)*('Season 1 - MatchHistory'!$H:$H<>""),0))} -> 7.7129871 | K4: {=INDEX('Season 1 - MatchHistory'!$J:$J,MATCH(1,('Season 1 - MatchHistory'!$B:$B=$A4)*('Season 1 - MatchHistory'!$J:$J<>""),0))} -> 1371
A5: Noah | B5: =COUNTIFS('Season 1 - MatchHistory'!$B:$B, $A5, 'Season 1 - MatchHistory'!$C:$C, "Town") -> 26 | C5: =COUNTIFS('Season 1 - MatchHistory'!B:B, A5, 'Season 1 - MatchHistory'!C:C, "Town", 'Season 1 - MatchHistory'!D:D, "Win") -> 11 | D5: =IFERROR(__xludf.DUMMYFUNCTION("IF(EQ($B5, 0), TO_PERCENT(0), TO_PERCENT($C5/$B5))"),0.4230769230769231) -> 0.42307692 | E5: =COUNTIFS('Season 1 - MatchHistory'!$B:$B, $A5, 'Season 1 - MatchHistory'!$C:$C, "Mafia") -> 12 | F5: =COUNTIFS('Season 1 - MatchHistory'!$B:$B, $A5, 'Season 1 - MatchHistory'!$C:$C, "Mafia", 'Season 1 - MatchHistory'!$D:$D, "Win") -> 10 | G5: =IFERROR(__xludf.DUMMYFUNCTION("TO_PERCENT(IFERROR($F5/$E5, 0))"),0.8333333333333334) -> 0.83333333 | H5: =IFERROR(__xludf.DUMMYFUNCTION("TO_PERCENT(IFERROR(($F5+$C5)/($E5+$B5), 0))"),0.5526315789473685) -> 0.55263158 | I5: {=INDEX('Season 1 - MatchHistory'!$G:$G,MATCH(1,('Season 1 - MatchHistory'!$B:$B=$A5)*('Season 1 - MatchHistory'!$G:$G<>""),0))} -> 29.545123 | J5: {=INDEX('Season 1 - MatchHistory'!$H:$H,MATCH(1,('Season 1 - MatchHistory'!$B:$B=$A5)*('Season 1 - MatchHistory'!$H:$H<>""),0))} -> 6.8075592 | K5: {=INDEX('Season 1 - MatchHistory'!$J:$J,MATCH(1,('Season 1 - MatchHistory'!$B:$B=$A5)*('Season 1 - MatchHistory'!$J:$J<>""),0))} -> 1315
A6: Rick | B6: =COUNTIFS('Season 1 - MatchHistory'!$B:$B, $A6, 'Season 1 - MatchHistory'!$C:$C, "Town") -> 5 | C6: =COUNTIFS('Season 1 - MatchHistory'!B:B, A6, 'Season 1 - MatchHistory'!C:C, "Town", 'Season 1 - MatchHistory'!D:D, "Win") -> 4 | D6: =IFERROR(__xludf.DUMMYFUNCTION("IF(EQ($B6, 0), TO_PERCENT(0), TO_PERCENT($C6/$B6))"),0.8) -> 0.8 | E6: =COUNTIFS('Season 1 - MatchHistory'!$B:$B, $A6, 'Season 1 - MatchHistory'!$C:$C, "Mafia") -> 1 | F6: =COUNTIFS('Season 1 - MatchHistory'!$B:$B, $A6, 'Season 1 - MatchHistory'!$C:$C, "Mafia", 'Season 1 - MatchHistory'!$D:$D, "Win") -> 1 | G6: =IFERROR(__xludf.DUMMYFUNCTION("TO_PERCENT(IFERROR($F6/$E6, 0))"),1.0) -> 1 | H6: =IFERROR(__xludf.DUMMYFUNCTION("TO_PERCENT(IFERROR(($F6+$C6)/($E6+$B6), 0))"),0.8333333333333334) -> 0.83333333 | I6: {=INDEX('Season 1 - MatchHistory'!$G:$G,MATCH(1,('Season 1 - MatchHistory'!$B:$B=$A6)*('Season 1 - MatchHistory'!$G:$G<>""),0))} -> 29.762849 | J6: {=INDEX('Season 1 - MatchHistory'!$H:$H,MATCH(1,('Season 1 - MatchHistory'!$B:$B=$A6)*('Season 1 - MatchHistory'!$H:$H<>""),0))} -> 7.9921747 | K6: {=INDEX('Season 1 - MatchHistory'!$J:$J,MATCH(1,('Season 1 - MatchHistory'!$B:$B=$A6)*('Season 1 - MatchHistory'!$J:$J<>""),0))} -> 1209
A7: Keegan | B7: =COUNTIFS('Season 1 - MatchHistory'!$B:$B, $A7, 'Season 1 - MatchHistory'!$C:$C, "Town") -> 15 | C7: =COUNTIFS('Season 1 - MatchHistory'!B:B, A7, 'Season 1 - MatchHistory'!C:C, "Town", 'Season 1 - MatchHistory'!D:D, "Win") -> 7 | D7: =IFERROR(__xludf.DUMMYFUNCTION("IF(EQ($B7, 0), TO_PERCENT(0), TO_PERCENT($C7/$B7))"),0.4666666666666667) -> 0.46666667 | E7: =COUNTIFS('Season 1 - MatchHistory'!$B:$B, $A7, 'Season 1 - MatchHistory'!$C:$C, "Mafia") -> 2 | F7: =COUNTIFS('Season 1 - MatchHistory'!$B:$B, $A7, 'Season 1 - MatchHistory'!$C:$C, "Mafia", 'Season 1 - MatchHistory'!$D:$D, "Win") -> 2 | G7: =IFERROR(__xludf.DUMMYFUNCTION("TO_PERCENT(IFERROR($F7/$E7, 0))"),1.0) -> 1 | H7: =IFERROR(__xludf.DUMMYFUNCTION("TO_PERCENT(IFERROR(($F7+$C7)/($E7+$B7), 0))"),0.5294117647058824) -> 0.52941176 | I7: {=INDEX('Season 1 - MatchHistory'!$G:$G,MATCH(1,('Season 1 - MatchHistory'!$B:$B=$A7)*('Season 1 - MatchHistory'!$G:$G<>""),0))} -> 28.331162 | J7: {=INDEX('Season 1 - MatchHistory'!$H:$H,MATCH(1,('Season 1 - MatchHistory'!$B:$B=$A7)*('Season 1 - MatchHistory'!$H:$H<>""),0))} -> 7.5352168 | K7: {=INDEX('Season 1 - MatchHistory'!$J:$J,MATCH(1,('Season 1 - MatchHistory'!$B:$B=$A7)*('Season 1 - MatchHistory'!$J:$J<>""),0))} -> 1158
A8: Mintt | B8: =COUNTIFS('Season 1 - MatchHistory'!$B:$B, $A8, 'Season 1 - MatchHistory'!$C:$C, "Town") -> 4 | C8: =COUNTIFS('Season 1 - MatchHistory'!B:B, A8, 'Season 1 - MatchHistory'!C:C, "Town", 'Season 1 - MatchHistory'!D:D, "Win") -> 3 | D8: =IFERROR(__xludf.DUMMYFUNCTION("IF(EQ($B8, 0), TO_PERCENT(0), TO_PERCENT($C8/$B8))"),0.75) -> 0.75 | E8: =COUNTIFS('Season 1 - MatchHistory'!$B:$B, $A8, 'Season 1 - MatchHistory'!$C:$C, "Mafia") -> 1 | F8: =COUNTIFS('Season 1 - MatchHistory'!$B:$B, $A8, 'Season 1 - MatchHistory'!$C:$C, "Mafia", 'Season 1 - MatchHistory'!$D:$D, "Win") -> 1 | G8: =IFERROR(__xludf.DUMMYFUNCTION("TO_PERCENT(IFERROR($F8/$E8, 0))"),1.0) -> 1 | H8: =IFERROR(__xludf.DUMMYFUNCTION("TO_PERCENT(IFERROR(($F8+$C8)/($E8+$B8), 0))"),0.8) -> 0.8 | I8: {=INDEX('Season 1 - MatchHistory'!$G:$G,MATCH(1,('Season 1 - MatchHistory'!$B:$B=$A8)*('Season 1 - MatchHistory'!$G:$G<>""),0))} -> 28.61669 | J8: {=INDEX('Season 1 - MatchHistory'!$H:$H,MATCH(1,('Season 1 - MatchHistory'!$B:$B=$A8)*('Season 1 - MatchHistory'!$H:$H<>""),0))} -> 8.0578385 | K8: {=INDEX('Season 1 - MatchHistory'!$J:$J,MATCH(1,('Season 1 - MatchHistory'!$B:$B=$A8)*('Season 1 - MatchHistory'!$J:$J<>""),0))} -> 1124
A9: Badpants | B9: =COUNTIFS('Season 1 - MatchHistory'!$B:$B, $A9, 'Season 1 - MatchHistory'!$C:$C, "Town") -> 2 | C9: =COUNTIFS('Season 1 - MatchHistory'!B:B, A9, 'Season 1 - MatchHistory'!C:C, "Town", 'Season 1 - MatchHistory'!D:D, "Win") -> 2 | D9: =IFERROR(__xludf.DUMMYFUNCTION("IF(EQ($B9, 0), TO_PERCENT(0), TO_PERCENT($C9/$B9))"),1.0) -> 1 | E9: =COUNTIFS('Season 1 - MatchHistory'!$B:$B, $A9, 'Season 1 - MatchHistory'!$C:$C, "Mafia") -> 3 | F9: =COUNTIFS('Season 1 - MatchHistory'!$B:$B, $A9, 'Season 1 - MatchHistory'!$C:$C, "Mafia", 'Season 1 - MatchHistory'!$D:$D, "Win") -> 2 | G9: =IFERROR(__xludf.DUMMYFUNCTION("TO_PERCENT(IFERROR($F9/$E9, 0))"),0.6666666666666666) -> 0.66666667 | H9: =IFERROR(__xludf.DUMMYFUNCTION("TO_PERCENT(IFERROR(($F9+$C9)/($E9+$B9), 0))"),0.8) -> 0.8 | I9: {=INDEX('Season 1 - MatchHistory'!$G:$G,MATCH(1,('Season 1 - MatchHistory'!$B:$B=$A9)*('Season 1 - MatchHistory'!$G:$G<>""),0))} -> 28.221384 | J9: {=INDEX('Season 1 - MatchHistory'!$H:$H,MATCH(1,('Season 1 - MatchHistory'!$B:$B=$A9)*('Season 1 - MatchHistory'!$H:$H<>""),0))} -> 8.0569493 | K9: {=INDEX('Season 1 - MatchHistory'!$J:$J,MATCH(1,('Season 1 - MatchHistory'!$B:$B=$A9)*('Season 1 - MatchHistory'!$J:$J<>""),0))} -> 1097
A10: Xcync | B10: =COUNTIFS('Season 1 - MatchHistory'!$B:$B, $A10, 'Season 1 - MatchHistory'!$C:$C, "Town") -> 6 | C10: =COUNTIFS('Season 1 - MatchHistory'!B:B, A10, 'Season 1 - MatchHistory'!C:C, "Town", 'Season 1 - MatchHistory'!D:D, "Win") -> 4 | D10: =IFERROR(__xludf.DUMMYFUNCTION("IF(EQ($B10, 0), TO_PERCENT(0), TO_PERCENT($C10/$B10))"),0.6666666666666666) -> 0.66666667 | E10: =COUNTIFS('Season 1 - MatchHistory'!$B:$B, $A10, 'Season 1 - MatchHistory'!$C:$C, "Mafia") -> 1 | F10: =COUNTIFS('Season 1 - MatchHistory'!$B:$B, $A10, 'Season 1 - MatchHistory'!$C:$C, "Mafia", 'Season 1 - MatchHistory'!$D:$D, "Win") -> 0 | G10: =IFERROR(__xludf.DUMMYFUNCTION("TO_PERCENT(IFERROR($F10/$E10, 0))"),0.0) -> 0 | H10: =IFERROR(__xludf.DUMMYFUNCTION("TO_PERCENT(IFERROR(($F10+$C10)/($E10+$B10), 0))"),0.5714285714285714) -> 0.57142857 | I10: {=INDEX('Season 1 - MatchHistory'!$G:$G,MATCH(1,('Season 1 - MatchHistory'!$B:$B=$A10)*('Season 1 - MatchHistory'!$G:$G<>""),0))} -> 27.871124 | J10: {=INDEX('Season 1 - MatchHistory'!$H:$H,MATCH(1,('Season 1 - MatchHistory'!$B:$B=$A10)*('Season 1 - MatchHistory'!$H:$H<>""),0))} -> 7.9318011 | K10: {=INDEX('Season 1 - MatchHistory'!$J:$J,MATCH(1,('Season 1 - MatchHistory'!$B:$B=$A10)*('Season 1 - MatchHistory'!$J:$J<>""),0))} -> 1086
A11: Aipha | B11: =COUNTIFS('Season 1 - MatchHistory'!$B:$B, $A11, 'Season 1 - MatchHistory'!$C:$C, "Town") -> 2 | C11: =COUNTIFS('Season 1 - MatchHistory'!B:B, A11, 'Season 1 - MatchHistory'!C:C, "Town", 'Season 1 - MatchHistory'!D:D, "Win") -> 2 | D11: =IFERROR(__xludf.DUMMYFUNCTION("IF(EQ($B11, 0), TO_PERCENT(0), TO_PERCENT($C11/$B11))"),1.0) -> 1 | E11: =COUNTIFS('Season 1 - MatchHistory'!$B:$B, $A11, 'Season 1 - MatchHistory'!$C:$C, "Mafia") -> 1 | F11: =COUNTIFS('Season 1 - MatchHistory'!$B:$B, $A11, 'Season 1 - MatchHistory'!$C:$C, "Mafia", 'Season 1 - MatchHistory'!$D:$D, "Win") -> 1 | G11: =IFERROR(__xludf.DUMMYFUNCTION("TO_PERCENT(IFERROR($F11/$E11, 0))"),1.0) -> 1 | H11: =IFERROR(__xludf.DUMMYFUNCTION("TO_PERCENT(IFERROR(($F11+$C11)/($E11+$B11), 0))"),1.0) -> 1 | I11: {=INDEX('Season 1 - MatchHistory'!$G:$G,MATCH(1,('Season 1 - MatchHistory'!$B:$B=$A11)*('Season 1 - MatchHistory'!$G:$G<>""),0))} -> 28.206437 | J11: {=INDEX('Season 1 - MatchHistory'!$H:$H,MATCH(1,('Season 1 - MatchHistory'!$B:$B=$A11)*('Season 1 - MatchHistory'!$H:$H<>""),0))} -> 8.1639173 | K11: {=INDEX('Season 1 - MatchHistory'!$J:$J,MATCH(1,('Season 1 - MatchHistory'!$B:$B=$A11)*('Season 1 - MatchHistory'!$J:$J<>""),0))} -> 1085
A12: Motr | B12: =COUNTIFS('Season 1 - MatchHistory'!$B:$B, $A12, 'Season 1 - MatchHistory'!$C:$C, "Town") -> 4 | C12: =COUNTIFS('Season 1 - MatchHistory'!B:B, A12, 'Season 1 - MatchHistory'!C:C, "Town", 'Season 1 - MatchHistory'!D:D, "Win") -> 3 | D12: =IFERROR(__xludf.DUMMYFUNCTION("IF(EQ($B12, 0), TO_PERCENT(0), TO_PERCENT($C12/$B12))"),0.75) -> 0.75 | E12: =COUNTIFS('Season 1 - MatchHistory'!$B:$B, $A12, 'Season 1 - MatchHistory'!$C:$C, "Mafia") -> 2 | F12: =COUNTIFS('Season 1 - MatchHistory'!$B:$B, $A12, 'Season 1 - MatchHistory'!$C:$C, "Mafia", 'Season 1 - MatchHistory'!$D:$D, "Win") -> 1 | G12: =IFERROR(__xludf.DUMMYFUNCTION("TO_PERCENT(IFERROR($F12/$E12, 0))"),0.5) -> 0.5 | H12: =IFERROR(__xludf.DUMMYFUNCTION("TO_PERCENT(IFERROR(($F12+$C12)/($E12+$B12), 0))"),0.6666666666666666) -> 0.66666667 | I12: {=INDEX('Season 1 - MatchHistory'!$G:$G,MATCH(1,('Season 1 - MatchHistory'!$B:$B=$A12)*('Season 1 - MatchHistory'!$G:$G<>""),0))} -> 27.434538 | J12: {=INDEX('Season 1 - MatchHistory'!$H:$H,MATCH(1,('Season 1 - MatchHistory'!$B:$B=$A12)*('Season 1 - MatchHistory'!$H:$H<>""),0))} -> 8.0056534 | K12: {=INDEX('Season 1 - MatchHistory'!$J:$J,MATCH(1,('Season 1 - MatchHistory'!$B:$B=$A12)*('Season 1 - MatchHistory'!$J:$J<>""),0))} -> 1049
A13: Chipper | B13: =COUNTIFS('Season 1 - MatchHistory'!$B:$B, $A13, 'Season 1 - MatchHistory'!$C:$C, "Town") -> 6 | C13: =COUNTIFS('Season 1 - MatchHistory'!B:B, A13, 'Season 1 - MatchHistory'!C:C, "Town", 'Season 1 - MatchHistory'!D:D, "Win") -> 4 | D13: =IFERROR(__xludf.DUMMYFUNCTION("IF(EQ($B13, 0), TO_PERCENT(0), TO_PERCENT($C13/$B13))"),0.6666666666666666) -> 0.66666667 | E13: =COUNTIFS('Season 1 - MatchHistory'!$B:$B, $A13, 'Season 1 - MatchHistory'!$C:$C, "Mafia") -> 1 | F13: =COUNTIFS('Season 1 - MatchHistory'!$B:$B, $A13, 'Season 1 - MatchHistory'!$C:$C, "Mafia", 'Season 1 - MatchHistory'!$D:$D, "Win") -> 0 | G13: =IFERROR(__xludf.DUMMYFUNCTION("TO_PERCENT(IFERROR($F13/$E13, 0))"),0.0) -> 0 | H13: =IFERROR(__xludf.DUMMYFUNCTION("TO_PERCENT(IFERROR(($F13+$C13)/($E13+$B13), 0))"),0.5714285714285714) -> 0.57142857 | I13: {=INDEX('Season 1 - MatchHistory'!$G:$G,MATCH(1,('Season 1 - MatchHistory'!$B:$B=$A13)*('Season 1 - MatchHistory'!$G:$G<>""),0))} -> 27.239539 | J13: {=INDEX('Season 1 - MatchHistory'!$H:$H,MATCH(1,('Season 1 - MatchHistory'!$B:$B=$A13)*('Season 1 - MatchHistory'!$H:$H<>""),0))} -> 7.9573975 | K13: {=INDEX('Season 1 - MatchHistory'!$J:$J,MATCH(1,('Season 1 - MatchHistory'!$B:$B=$A13)*('Season 1 - MatchHistory'!$J:$J<>""),0))} -> 1041
A14: Nick | B14: =COUNTIFS('Season 1 - MatchHistory'!$B:$B, $A14, 'Season 1 - MatchHistory'!$C:$C, "Town") -> 5 | C14: =COUNTIFS('Season 1 - MatchHistory'!B:B, A14, 'Season 1 - MatchHistory'!C:C, "Town", 'Season 1 - MatchHistory'!D:D, "Win") -> 3 | D14: =IFERROR(__xludf.DUMMYFUNCTION("IF(EQ($B14, 0), TO_PERCENT(0), TO_PERCENT($C14/$B14))"),0.6) -> 0.6 | E14: =COUNTIFS('Season 1 - MatchHistory'!$B:$B, $A14, 'Season 1 - MatchHistory'!$C:$C, "Mafia") -> 0 | F14: =COUNTIFS('Season 1 - MatchHistory'!$B:$B, $A14, 'Season 1 - MatchHistory'!$C:$C, "Mafia", 'Season 1 - MatchHistory'!$D:$D, "Win") -> 0 | G14: =IFERROR(__xludf.DUMMYFUNCTION("TO_PERCENT(IFERROR($F14/$E14, 0))"),0.0) -> 0 | H14: =IFERROR(__xludf.DUMMYFUNCTION("TO_PERCENT(IFERROR(($F14+$C14)/($E14+$B14), 0))"),0.6) -> 0.6 | I14: {=INDEX('Season 1 - MatchHistory'!$G:$G,MATCH(1,('Season 1 - MatchHistory'!$B:$B=$A14)*('Season 1 - MatchHistory'!$G:$G<>""),0))} -> 27.218434 | J14: {=INDEX('Season 1 - MatchHistory'!$H:$H,MATCH(1,('Season 1 - MatchHistory'!$B:$B=$A14)*('Season 1 - MatchHistory'!$H:$H<>""),0))} -> 8.0289744 | K14: {=INDEX('Season 1 - MatchHistory'!$J:$J,MATCH(1,('Season 1 - MatchHistory'!$B:$B=$A14)*('Season 1 - MatchHistory'!$J:$J<>""),0))} -> 1032
A15: Hydro | B15: =COUNTIFS('Season 1 - MatchHistory'!$B:$B, $A15, 'Season 1 - MatchHistory'!$C:$C, "Town") -> 7 | C15: =COUNTIFS('Season 1 - MatchHistory'!B:B, A15, 'Season 1 - MatchHistory'!C:C, "Town", 'Season 1 - MatchHistory'!D:D, "Win") -> 4 | D15: =IFERROR(__xludf.DUMMYFUNCTION("IF(EQ($B15, 0), TO_PERCENT(0), TO_PERCENT($C15/$B15))"),0.5714285714285714) -> 0.57142857 | E15: =COUNTIFS('Season 1 - MatchHistory'!$B:$B, $A15, 'Season 1 - MatchHistory'!$C:$C, "Mafia") -> 0 | F15: =COUNTIFS('Season 1 - MatchHistory'!$B:$B, $A15, 'Season 1 - MatchHistory'!$C:$C, "Mafia", 'Season 1 - MatchHistory'!$D:$D, "Win") -> 0 | G15: =IFERROR(__xludf.DUMMYFUNCTION("TO_PERCENT(IFERROR($F15/$E15, 0))"),0.0) -> 0 | H15: =IFERROR(__xludf.DUMMYFUNCTION("TO_PERCENT(IFERROR(($F15+$C15)/($E15+$B15), 0))"),0.5714285714285714) -> 0.57142857 | I15: {=INDEX('Season 1 - MatchHistory'!$G:$G,MATCH(1,('Season 1 - MatchHistory'!$B:$B=$A15)*('Season 1 - MatchHistory'!$G:$G<>""),0))} -> 27.050059 | J15: {=INDEX('Season 1 - MatchHistory'!$H:$H,MATCH(1,('Season 1 - MatchHistory'!$B:$B=$A15)*('Season 1 - MatchHistory'!$H:$H<>""),0))} -> 7.9390858 | K15: {=INDEX('Season 1 - MatchHistory'!$J:$J,MATCH(1,('Season 1 - MatchHistory'!$B:$B=$A15)*('Season 1 - MatchHistory'!$J:$J<>""),0))} -> 1030
A16: Kny | B16: =COUNTIFS('Season 1 - MatchHistory'!$B:$B, $A16, 'Season 1 - MatchHistory'!$C:$C, "Town") -> 18 | C16: =COUNTIFS('Season 1 - MatchHistory'!B:B, A16, 'Season 1 - MatchHistory'!C:C, "Town", 'Season 1 - MatchHistory'!D:D, "Win") -> 7 | D16: =IFERROR(__xludf.DUMMYFUNCTION("IF(EQ($B16, 0), TO_PERCENT(0), TO_PERCENT($C16/$B16))"),0.3888888888888889) -> 0.38888889 | E16: =COUNTIFS('Season 1 - MatchHistory'!$B:$B, $A16, 'Season 1 - MatchHistory'!$C:$C, "Mafia") -> 3 | F16: =COUNTIFS('Season 1 - MatchHistory'!$B:$B, $A16, 'Season 1 - MatchHistory'!$C:$C, "Mafia", 'Season 1 - MatchHistory'!$D:$D, "Win") -> 2 | G16: =IFERROR(__xludf.DUMMYFUNCTION("TO_PERCENT(IFERROR($F16/$E16, 0))"),0.6666666666666666) -> 0.66666667 | H16: =IFERROR(__xludf.DUMMYFUNCTION("TO_PERCENT(IFERROR(($F16+$C16)/($E16+$B16), 0))"),0.42857142857142855) -> 0.42857143 | I16: {=INDEX('Season 1 - MatchHistory'!$G:$G,MATCH(1,('Season 1 - MatchHistory'!$B:$B=$A16)*('Season 1 - MatchHistory'!$G:$G<>""),0))} -> 26.11315 | J16: {=INDEX('Season 1 - MatchHistory'!$H:$H,MATCH(1,('Season 1 - MatchHistory'!$B:$B=$A16)*('Season 1 - MatchHistory'!$H:$H<>""),0))} -> 7.3569159 | K16: {=INDEX('Season 1 - MatchHistory'!$J:$J,MATCH(1,('Season 1 - MatchHistory'!$B:$B=$A16)*('Season 1 - MatchHistory'!$J:$J<>""),0))} -> 1025
A17: Lou | B17: =COUNTIFS('Season 1 - MatchHistory'!$B:$B, $A17, 'Season 1 - MatchHistory'!$C:$C, "Town") -> 4 | C17: =COUNTIFS('Season 1 - MatchHistory'!B:B, A17, 'Season 1 - MatchHistory'!C:C, "Town", 'Season 1 - MatchHistory'!D:D, "Win") -> 3 | D17: =IFERROR(__xludf.DUMMYFUNCTION("IF(EQ($B17, 0), TO_PERCENT(0), TO_PERCENT($C17/$B17))"),0.75) -> 0.75 | E17: =COUNTIFS('Season 1 - MatchHistory'!$B:$B, $A17, 'Season 1 - MatchHistory'!$C:$C, "Mafia") -> 2 | F17: =COUNTIFS('Season 1 - MatchHistory'!$B:$B, $A17, 'Season 1 - MatchHistory'!$C:$C, "Mafia", 'Season 1 - MatchHistory'!$D:$D, "Win") -> 1 | G17: =IFERROR(__xludf.DUMMYFUNCTION("TO_PERCENT(IFERROR($F17/$E17, 0))"),0.5) -> 0.5 | H17: =IFERROR(__xludf.DUMMYFUNCTION("TO_PERCENT(IFERROR(($F17+$C17)/($E17+$B17), 0))"),0.6666666666666666) -> 0.66666667 | I17: {=INDEX('Season 1 - MatchHistory'!$G:$G,MATCH(1,('Season 1 - MatchHistory'!$B:$B=$A17)*('Season 1 - MatchHistory'!$G:$G<>""),0))} -> 26.634501 | J17: {=INDEX('Season 1 - MatchHistory'!$H:$H,MATCH(1,('Season 1 - MatchHistory'!$B:$B=$A17)*('Season 1 - MatchHistory'!$H:$H<>""),0))} -> 8.0182162 | K17: {=INDEX('Season 1 - MatchHistory'!$J:$J,MATCH(1,('Season 1 - MatchHistory'!$B:$B=$A17)*('Season 1 - MatchHistory'!$J:$J<>""),0))} -> 993
A18: Carson | B18: =COUNTIFS('Season 1 - MatchHistory'!$B:$B, $A18, 'Season 1 - MatchHistory'!$C:$C, "Town") -> 21 | C18: =COUNTIFS('Season 1 - MatchHistory'!B:B, A18, 'Season 1 - MatchHistory'!C:C, "Town", 'Season 1 - MatchHistory'!D:D, "Win") -> 8 | D18: =IFERROR(__xludf.DUMMYFUNCTION("IF(EQ($B18, 0), TO_PERCENT(0), TO_PERCENT($C18/$B18))"),0.38095238095238093) -> 0.38095238 | E18: =COUNTIFS('Season 1 - MatchHistory'!$B:$B, $A18, 'Season 1 - MatchHistory'!$C:$C, "Mafia") -> 6 | F18: =COUNTIFS('Season 1 - MatchHistory'!$B:$B, $A18, 'Season 1 - MatchHistory'!$C:$C, "Mafia", 'Season 1 - MatchHistory'!$D:$D, "Win") -> 4 | G18: =IFERROR(__xludf.DUMMYFUNCTION("TO_PERCENT(IFERROR($F18/$E18, 0))"),0.6666666666666666) -> 0.66666667 | H18: =IFERROR(__xludf.DUMMYFUNCTION("TO_PERCENT(IFERROR(($F18+$C18)/($E18+$B18), 0))"),0.4444444444444444) -> 0.44444444 | I18: {=INDEX('Season 1 - MatchHistory'!$G:$G,MATCH(1,('Season 1 - MatchHistory'!$B:$B=$A18)*('Season 1 - MatchHistory'!$G:$G<>""),0))} -> 25.04592 | J18: {=INDEX('Season 1 - MatchHistory'!$H:$H,MATCH(1,('Season 1 - MatchHistory'!$B:$B=$A18)*('Season 1 - MatchHistory'!$H:$H<>""),0))} -> 7.1413414 | K18: {=INDEX('Season 1 - MatchHistory'!$J:$J,MATCH(1,('Season 1 - MatchHistory'!$B:$B=$A18)*('Season 1 - MatchHistory'!$J:$J<>""),0))} -> 975
A19: Antfrost | B19: =COUNTIFS('Season 1 - MatchHistory'!$B:$B, $A19, 'Season 1 - MatchHistory'!$C:$C, "Town") -> 3 | C19: =COUNTIFS('Season 1 - MatchHistory'!B:B, A19, 'Season 1 - MatchHistory'!C:C, "Town", 'Season 1 - MatchHistory'!D:D, "Win") -> 2 | D19: =IFERROR(__xludf.DUMMYFUNCTION("IF(EQ($B19, 0), TO_PERCENT(0), TO_PERCENT($C19/$B19))"),0.6666666666666666) -> 0.66666667 | E19: =COUNTIFS('Season 1 - MatchHistory'!$B:$B, $A19, 'Season 1 - MatchHistory'!$C:$C, "Mafia") -> 0 | F19: =COUNTIFS('Season 1 - MatchHistory'!$B:$B, $A19, 'Season 1 - MatchHistory'!$C:$C, "Mafia", 'Season 1 - MatchHistory'!$D:$D, "Win") -> 0 | G19: =IFERROR(__xludf.DUMMYFUNCTION("TO_PERCENT(IFERROR($F19/$E19, 0))"),0.0) -> 0 | H19: =IFERROR(__xludf.DUMMYFUNCTION("TO_PERCENT(IFERROR(($F19+$C19)/($E19+$B19), 0))"),0.6666666666666666) -> 0.66666667 | I19: {=INDEX('Season 1 - MatchHistory'!$G:$G,MATCH(1,('Season 1 - MatchHistory'!$B:$B=$A19)*('Season 1 - MatchHistory'!$G:$G<>""),0))} -> 26.498244 | J19: {=INDEX('Season 1 - MatchHistory'!$H:$H,MATCH(1,('Season 1 - MatchHistory'!$B:$B=$A19)*('Season 1 - MatchHistory'!$H:$H<>""),0))} -> 8.1439957 | K19: {=INDEX('Season 1 - MatchHistory'!$J:$J,MATCH(1,('Season 1 - MatchHistory'!$B:$B=$A19)*('Season 1 - MatchHistory'!$J:$J<>""),0))} -> 971
A20: Kdak | B20: =COUNTIFS('Season 1 - MatchHistory'!$B:$B, $A20, 'Season 1 - MatchHistory'!$C:$C, "Town") -> 1 | C20: =COUNTIFS('Season 1 - MatchHistory'!B:B, A20, 'Season 1 - MatchHistory'!C:C, "Town", 'Season 1 - MatchHistory'!D:D, "Win") -> 1 | D20: =IFERROR(__xludf.DUMMYFUNCTION("IF(EQ($B20, 0), TO_PERCENT(0), TO_PERCENT($C20/$B20))"),1.0) -> 1 | E20: =COUNTIFS('Season 1 - MatchHistory'!$B:$B, $A20, 'Season 1 - MatchHistory'!$C:$C, "Mafia") -> 0 | F20: =COUNTIFS('Season 1 - MatchHistory'!$B:$B, $A20, 'Season 1 - MatchHistory'!$C:$C, "Mafia", 'Season 1 - MatchHistory'!$D:$D, "Win") -> 0 | G20: =IFERROR(__xludf.DUMMYFUNCTION("TO_PERCENT(IFERROR($F20/$E20, 0))"),0.0) -> 0 | H20: =IFERROR(__xludf.DUMMYFUNCTION("TO_PERCENT(IFERROR(($F20+$C20)/($E20+$B20), 0))"),1.0) -> 1 | I20: {=INDEX('Season 1 - MatchHistory'!$G:$G,MATCH(1,('Season 1 - MatchHistory'!$B:$B=$A20)*('Season 1 - MatchHistory'!$G:$G<>""),0))} -> 26.670765 | J20: {=INDEX('Season 1 - MatchHistory'!$H:$H,MATCH(1,('Season 1 - MatchHistory'!$B:$B=$A20)*('Season 1 - MatchHistory'!$H:$H<>""),0))} -> 8.2590821 | K20: {=INDEX('Season 1 - MatchHistory'!$J:$J,MATCH(1,('Season 1 - MatchHistory'!$B:$B=$A20)*('Season 1 - MatchHistory'!$J:$J<>""),0))} -> 971
A21: Schmittball | B21: =COUNTIFS('Season 1 - MatchHistory'!$B:$B, $A21, 'Season 1 - MatchHistory'!$C:$C, "Town") -> 1 | C21: =COUNTIFS('Season 1 - MatchHistory'!B:B, A21, 'Season 1 - MatchHistory'!C:C, "Town", 'Season 1 - MatchHistory'!D:D, "Win") -> 1 | D21: =IFERROR(__xludf.DUMMYFUNCTION("IF(EQ($B21, 0), TO_PERCENT(0), TO_PERCENT($C21/$B21))"),1.0) -> 1 | E21: =COUNTIFS('Season 1 - MatchHistory'!$B:$B, $A21, 'Season 1 - MatchHistory'!$C:$C, "Mafia") -> 0 | F21: =COUNTIFS('Season 1 - MatchHistory'!$B:$B, $A21, 'Season 1 - MatchHistory'!$C:$C, "Mafia", 'Season 1 - MatchHistory'!$D:$D, "Win") -> 0 | G21: =IFERROR(__xludf.DUMMYFUNCTION("TO_PERCENT(IFERROR($F21/$E21, 0))"),0.0) -> 0 | H21: =IFERROR(__xludf.DUMMYFUNCTION("TO_PERCENT(IFERROR(($F21+$C21)/($E21+$B21), 0))"),1.0) -> 1 | I21: {=INDEX('Season 1 - MatchHistory'!$G:$G,MATCH(1,('Season 1 - MatchHistory'!$B:$B=$A21)*('Season 1 - MatchHistory'!$G:$G<>""),0))} -> 26.669833 | J21: {=INDEX('Season 1 - MatchHistory'!$H:$H,MATCH(1,('Season 1 - MatchHistory'!$B:$B=$A21)*('Season 1 - MatchHistory'!$H:$H<>""),0))} -> 8.2640778 | K21: {=INDEX('Season 1 - MatchHistory'!$J:$J,MATCH(1,('Season 1 - MatchHistory'!$B:$B=$A21)*('Season 1 - MatchHistory'!$J:$J<>""),0))} -> 971
A22: Crispy | B22: =COUNTIFS('Season 1 - MatchHistory'!$B:$B, $A22, 'Season 1 - MatchHistory'!$C:$C, "Town") -> 1 | C22: =COUNTIFS('Season 1 - MatchHistory'!B:B, A22, 'Season 1 - MatchHistory'!C:C, "Town", 'Season 1 - MatchHistory'!D:D, "Win") -> 1 | D22: =IFERROR(__xludf.DUMMYFUNCTION("IF(EQ($B22, 0), TO_PERCENT(0), TO_PERCENT($C22/$B22))"),1.0) -> 1 | E22: =COUNTIFS('Season 1 - MatchHistory'!$B:$B, $A22, 'Season 1 - MatchHistory'!$C:$C, "Mafia") -> 0 | F22: =COUNTIFS('Season 1 - MatchHistory'!$B:$B, $A22, 'Season 1 - MatchHistory'!$C:$C, "Mafia", 'Season 1 - MatchHistory'!$D:$D, "Win") -> 0 | G22: =IFERROR(__xludf.DUMMYFUNCTION("TO_PERCENT(IFERROR($F22/$E22, 0))"),0.0) -> 0 | H22: =IFERROR(__xludf.DUMMYFUNCTION("TO_PERCENT(IFERROR(($F22+$C22)/($E22+$B22), 0))"),1.0) -> 1 | I22: {=INDEX('Season 1 - MatchHistory'!$G:$G,MATCH(1,('Season 1 - MatchHistory'!$B:$B=$A22)*('Season 1 - MatchHistory'!$G:$G<>""),0))} -> 26.634529 | J22: {=INDEX('Season 1 - MatchHistory'!$H:$H,MATCH(1,('Season 1 - MatchHistory'!$B:$B=$A22)*('Season 1 - MatchHistory'!$H:$H<>""),0))} -> 8.2568406 | K22: {=INDEX('Season 1 - MatchHistory'!$J:$J,MATCH(1,('Season 1 - MatchHistory'!$B:$B=$A22)*('Season 1 - MatchHistory'!$J:$J<>""),0))} -> 969
A23: Jonas | B23: =COUNTIFS('Season 1 - MatchHistory'!$B:$B, $A23, 'Season 1 - MatchHistory'!$C:$C, "Town") -> 1 | C23: =COUNTIFS('Season 1 - MatchHistory'!B:B, A23, 'Season 1 - MatchHistory'!C:C, "Town", 'Season 1 - MatchHistory'!D:D, "Win") -> 1 | D23: =IFERROR(__xludf.DUMMYFUNCTION("IF(EQ($B23, 0), TO_PERCENT(0), TO_PERCENT($C23/$B23))"),1.0) -> 1 | E23: =COUNTIFS('Season 1 - MatchHistory'!$B:$B, $A23, 'Season 1 - MatchHistory'!$C:$C, "Mafia") -> 0 | F23: =COUNTIFS('Season 1 - MatchHistory'!$B:$B, $A23, 'Season 1 - MatchHistory'!$C:$C, "Mafia", 'Season 1 - MatchHistory'!$D:$D, "Win") -> 0 | G23: =IFERROR(__xludf.DUMMYFUNCTION("TO_PERCENT(IFERROR($F23/$E23, 0))"),0.0) -> 0 | H23: =IFERROR(__xludf.DUMMYFUNCTION("TO_PERCENT(IFERROR(($F23+$C23)/($E23+$B23), 0))"),1.0) -> 1 | I23: {=INDEX('Season 1 - MatchHistory'!$G:$G,MATCH(1,('Season 1 - MatchHistory'!$B:$B=$A23)*('Season 1 - MatchHistory'!$G:$G<>""),0))} -> 26.634529 | J23: {=INDEX('Season 1 - MatchHistory'!$H:$H,MATCH(1,('Season 1 - MatchHistory'!$B:$B=$A23)*('Season 1 - MatchHistory'!$H:$H<>""),0))} -> 8.2568406 | K23: {=INDEX('Season 1 - MatchHistory'!$J:$J,MATCH(1,('Season 1 - MatchHistory'!$B:$B=$A23)*('Season 1 - MatchHistory'!$J:$J<>""),0))} -> 969
A24: Pinkee | B24: =COUNTIFS('Season 1 - MatchHistory'!$B:$B, $A24, 'Season 1 - MatchHistory'!$C:$C, "Town") -> 5 | C24: =COUNTIFS('Season 1 - MatchHistory'!B:B, A24, 'Season 1 - MatchHistory'!C:C, "Town", 'Season 1 - MatchHistory'!D:D, "Win") -> 2 | D24: =IFERROR(__xludf.DUMMYFUNCTION("IF(EQ($B24, 0), TO_PERCENT(0), TO_PERCENT($C24/$B24))"),0.4) -> 0.4 | E24: =COUNTIFS('Season 1 - MatchHistory'!$B:$B, $A24, 'Season 1 - MatchHistory'!$C:$C, "Mafia") -> 1 | F24: =COUNTIFS('Season 1 - MatchHistory'!$B:$B, $A24, 'Season 1 - MatchHistory'!$C:$C, "Mafia", 'Season 1 - MatchHistory'!$D:$D, "Win") -> 1 | G24: =IFERROR(__xludf.DUMMYFUNCTION("TO_PERCENT(IFERROR($F24/$E24, 0))"),1.0) -> 1 | H24: =IFERROR(__xludf.DUMMYFUNCTION("TO_PERCENT(IFERROR(($F24+$C24)/($E24+$B24), 0))"),0.5) -> 0.5 | I24: {=INDEX('Season 1 - MatchHistory'!$G:$G,MATCH(1,('Season 1 - MatchHistory'!$B:$B=$A24)*('Season 1 - MatchHistory'!$G:$G<>""),0))} -> 26.084753 | J24: {=INDEX('Season 1 - MatchHistory'!$H:$H,MATCH(1,('Season 1 - MatchHistory'!$B:$B=$A24)*('Season 1 - MatchHistory'!$H:$H<>""),0))} -> 8.0010317 | K24: {=INDEX('Season 1 - MatchHistory'!$J:$J,MATCH(1,('Season 1 - MatchHistory'!$B:$B=$A24)*('Season 1 - MatchHistory'!$J:$J<>""),0))} -> 958
A25: Kwix | B25: =COUNTIFS('Season 1 - MatchHistory'!$B:$B, $A25, 'Season 1 - MatchHistory'!$C:$C, "Town") -> 12 | C25: =COUNTIFS('Season 1 - MatchHistory'!B:B, A25, 'Season 1 - MatchHistory'!C:C, "Town", 'Season 1 - MatchHistory'!D:D, "Win") -> 5 | D25: =IFERROR(__xludf.DUMMYFUNCTION("IF(EQ($B25, 0), TO_PERCENT(0), TO_PERCENT($C25/$B25))"),0.4166666666666667) -> 0.41666667 | E25: =COUNTIFS('Season 1 - MatchHistory'!$B:$B, $A25, 'Season 1 - MatchHistory'!$C:$C, "Mafia") -> 5 | F25: =COUNTIFS('Season 1 - MatchHistory'!$B:$B, $A25, 'Season 1 - MatchHistory'!$C:$C, "Mafia", 'Season 1 - MatchHistory'!$D:$D, "Win") -> 3 | G25: =IFERROR(__xludf.DUMMYFUNCTION("TO_PERCENT(IFERROR($F25/$E25, 0))"),0.6) -> 0.6 | H25: =IFERROR(__xludf.DUMMYFUNCTION("TO_PERCENT(IFERROR(($F25+$C25)/($E25+$B25), 0))"),0.47058823529411764) -> 0.47058824 | I25: {=INDEX('Season 1 - MatchHistory'!$G:$G,MATCH(1,('Season 1 - MatchHistory'!$B:$B=$A25)*('Season 1 - MatchHistory'!$G:$G<>""),0))} -> 25.378319 | J25: {=INDEX('Season 1 - MatchHistory'!$H:$H,MATCH(1,('Season 1 - MatchHistory'!$B:$B=$A25)*('Season 1 - MatchHistory'!$H:$H<>""),0))} -> 7.5321921 | K25: {=INDEX('Season 1 - MatchHistory'!$J:$J,MATCH(1,('Season 1 - MatchHistory'!$B:$B=$A25)*('Season 1 - MatchHistory'!$J:$J<>""),0))} -> 957
A26: Torharo | B26: =COUNTIFS('Season 1 - MatchHistory'!$B:$B, $A26, 'Season 1 - MatchHistory'!$C:$C, "Town") -> 6 | C26: =COUNTIFS('Season 1 - MatchHistory'!B:B, A26, 'Season 1 - MatchHistory'!C:C, "Town", 'Season 1 - MatchHistory'!D:D, "Win") -> 2 | D26: =IFERROR(__xludf.DUMMYFUNCTION("IF(EQ($B26, 0), TO_PERCENT(0), TO_PERCENT($C26/$B26))"),0.3333333333333333) -> 0.33333333 | E26: =COUNTIFS('Season 1 - MatchHistory'!$B:$B, $A26, 'Season 1 - MatchHistory'!$C:$C, "Mafia") -> 7 | F26: =COUNTIFS('Season 1 - MatchHistory'!$B:$B, $A26, 'Season 1 - MatchHistory'!$C:$C, "Mafia", 'Season 1 - MatchHistory'!$D:$D, "Win") -> 5 | G26: =IFERROR(__xludf.DUMMYFUNCTION("TO_PERCENT(IFERROR($F26/$E26, 0))"),0.7142857142857143) -> 0.71428571 | H26: =IFERROR(__xludf.DUMMYFUNCTION("TO_PERCENT(IFERROR(($F26+$C26)/($E26+$B26), 0))"),0.5384615384615384) -> 0.53846154 | I26: {=INDEX('Season 1 - MatchHistory'!$G:$G,MATCH(1,('Season 1 - MatchHistory'!$B:$B=$A26)*('Season 1 - MatchHistory'!$G:$G<>""),0))} -> 25.522511 | J26: {=INDEX('Season 1 - MatchHistory'!$H:$H,MATCH(1,('Season 1 - MatchHistory'!$B:$B=$A26)*('Season 1 - MatchHistory'!$H:$H<>""),0))} -> 7.6899698 | K26: {=INDEX('Season 1 - MatchHistory'!$J:$J,MATCH(1,('Season 1 - MatchHistory'!$B:$B=$A26)*('Season 1 - MatchHistory'!$J:$J<>""),0))} -> 951
A27: Lombax | B27: =COUNTIFS('Season 1 - MatchHistory'!$B:$B, $A27, 'Season 1 - MatchHistory'!$C:$C, "Town") -> 6 | C27: =COUNTIFS('Season 1 - MatchHistory'!B:B, A27, 'Season 1 - MatchHistory'!C:C, "Town", 'Season 1 - MatchHistory'!D:D, "Win") -> 3 | D27: =IFERROR(__xludf.DUMMYFUNCTION("IF(EQ($B27, 0), TO_PERCENT(0), TO_PERCENT($C27/$B27))"),0.5) -> 0.5 | E27: =COUNTIFS('Season 1 - MatchHistory'!$B:$B, $A27, 'Season 1 - MatchHistory'!$C:$C, "Mafia") -> 0 | F27: =COUNTIFS('Season 1 - MatchHistory'!$B:$B, $A27, 'Season 1 - MatchHistory'!$C:$C, "Mafia", 'Season 1 - MatchHistory'!$D:$D, "Win") -> 0 | G27: =IFERROR(__xludf.DUMMYFUNCTION("TO_PERCENT(IFERROR($F27/$E27, 0))"),0.0) -> 0 | H27: =IFERROR(__xludf.DUMMYFUNCTION("TO_PERCENT(IFERROR(($F27+$C27)/($E27+$B27), 0))"),0.5) -> 0.5 | I27: {=INDEX('Season 1 - MatchHistory'!$G:$G,MATCH(1,('Season 1 - MatchHistory'!$B:$B=$A27)*('Season 1 - MatchHistory'!$G:$G<>""),0))} -> 25.898829 | J27: {=INDEX('Season 1 - MatchHistory'!$H:$H,MATCH(1,('Season 1 - MatchHistory'!$B:$B=$A27)*('Season 1 - MatchHistory'!$H:$H<>""),0))} -> 7.9966682 | K27: {=INDEX('Season 1 - MatchHistory'!$J:$J,MATCH(1,('Season 1 - MatchHistory'!$B:$B=$A27)*('Season 1 - MatchHistory'!$J:$J<>""),0))} -> 945
A28: Streety | B28: =COUNTIFS('Season 1 - MatchHistory'!$B:$B, $A28, 'Season 1 - MatchHistory'!$C:$C, "Town") -> 19 | C28: =COUNTIFS('Season 1 - MatchHistory'!B:B, A28, 'Season 1 - MatchHistory'!C:C, "Town", 'Season 1 - MatchHistory'!D:D, "Win") -> 6 | D28: =IFERROR(__xludf.DUMMYFUNCTION("IF(EQ($B28, 0), TO_PERCENT(0), TO_PERCENT($C28/$B28))"),0.3157894736842105) -> 0.31578947 | E28: =COUNTIFS('Season 1 - MatchHistory'!$B:$B, $A28, 'Season 1 - MatchHistory'!$C:$C, "Mafia") -> 5 | F28: =COUNTIFS('Season 1 - MatchHistory'!$B:$B, $A28, 'Season 1 - MatchHistory'!$C:$C, "Mafia", 'Season 1 - MatchHistory'!$D:$D, "Win") -> 4 | G28: =IFERROR(__xludf.DUMMYFUNCTION("TO_PERCENT(IFERROR($F28/$E28, 0))"),0.8) -> 0.8 | H28: =IFERROR(__xludf.DUMMYFUNCTION("TO_PERCENT(IFERROR(($F28+$C28)/($E28+$B28), 0))"),0.4166666666666667) -> 0.41666667 | I28: {=INDEX('Season 1 - MatchHistory'!$G:$G,MATCH(1,('Season 1 - MatchHistory'!$B:$B=$A28)*('Season 1 - MatchHistory'!$G:$G<>""),0))} -> 24.6766 | J28: {=INDEX('Season 1 - MatchHistory'!$H:$H,MATCH(1,('Season 1 - MatchHistory'!$B:$B=$A28)*('Season 1 - MatchHistory'!$H:$H<>""),0))} -> 7.297991 | K28: {=INDEX('Season 1 - MatchHistory'!$J:$J,MATCH(1,('Season 1 - MatchHistory'!$B:$B=$A28)*('Season 1 - MatchHistory'!$J:$J<>""),0))} -> 934
A29: Jan | B29: =COUNTIFS('Season 1 - MatchHistory'!$B:$B, $A29, 'Season 1 - MatchHistory'!$C:$C, "Town") -> 0 | C29: =COUNTIFS('Season 1 - MatchHistory'!B:B, A29, 'Season 1 - MatchHistory'!C:C, "Town", 'Season 1 - MatchHistory'!D:D, "Win") -> 0 | D29: =IFERROR(__xludf.DUMMYFUNCTION("IF(EQ($B29, 0), TO_PERCENT(0), TO_PERCENT($C29/$B29))"),0.0) -> 0 | E29: =COUNTIFS('Season 1 - MatchHistory'!$B:$B, $A29, 'Season 1 - MatchHistory'!$C:$C, "Mafia") -> 1 | F29: =COUNTIFS('Season 1 - MatchHistory'!$B:$B, $A29, 'Season 1 - MatchHistory'!$C:$C, "Mafia", 'Season 1 - MatchHistory'!$D:$D, "Win") -> 1 | G29: =IFERROR(__xludf.DUMMYFUNCTION("TO_PERCENT(IFERROR($F29/$E29, 0))"),1.0) -> 1 | H29: =IFERROR(__xludf.DUMMYFUNCTION("TO_PERCENT(IFERROR(($F29+$C29)/($E29+$B29), 0))"),1.0) -> 1 | I29: {=INDEX('Season 1 - MatchHistory'!$G:$G,MATCH(1,('Season 1 - MatchHistory'!$B:$B=$A29)*('Season 1 - MatchHistory'!$G:$G<>""),0))} -> 26.114085 | J29: {=INDEX('Season 1 - MatchHistory'!$H:$H,MATCH(1,('Season 1 - MatchHistory'!$B:$B=$A29)*('Season 1 - MatchHistory'!$H:$H<>""),0))} -> 8.2695743 | K29: {=INDEX('Season 1 - MatchHistory'!$J:$J,MATCH(1,('Season 1 - MatchHistory'!$B:$B=$A29)*('Season 1 - MatchHistory'!$J:$J<>""),0))} -> 932
A30: Striker | B30: =COUNTIFS('Season 1 - MatchHistory'!$B:$B, $A30, 'Season 1 - MatchHistory'!$C:$C, "Town") -> 2 | C30: =COUNTIFS('Season 1 - MatchHistory'!B:B, A30, 'Season 1 - MatchHistory'!C:C, "Town", 'Season 1 - MatchHistory'!D:D, "Win") -> 1 | D30: =IFERROR(__xludf.DUMMYFUNCTION("IF(EQ($B30, 0), TO_PERCENT(0), TO_PERCENT($C30/$B30))"),0.5) -> 0.5 | E30: =COUNTIFS('Season 1 - MatchHistory'!$B:$B, $A30, 'Season 1 - MatchHistory'!$C:$C, "Mafia") -> 0 | F30: =COUNTIFS('Season 1 - MatchHistory'!$B:$B, $A30, 'Season 1 - MatchHistory'!$C:$C, "Mafia", 'Season 1 - MatchHistory'!$D:$D, "Win") -> 0 | G30: =IFERROR(__xludf.DUMMYFUNCTION("TO_PERCENT(IFERROR($F30/$E30, 0))"),0.0) -> 0 | H30: =IFERROR(__xludf.DUMMYFUNCTION("TO_PERCENT(IFERROR(($F30+$C30)/($E30+$B30), 0))"),0.5) -> 0.5 | I30: {=INDEX('Season 1 - MatchHistory'!$G:$G,MATCH(1,('Season 1 - MatchHistory'!$B:$B=$A30)*('Season 1 - MatchHistory'!$G:$G<>""),0))} -> 25.953287 | J30: {=INDEX('Season 1 - MatchHistory'!$H:$H,MATCH(1,('Season 1 - MatchHistory'!$B:$B=$A30)*('Season 1 - MatchHistory'!$H:$H<>""),0))} -> 8.2081398 | K30: {=INDEX('Season 1 - MatchHistory'!$J:$J,MATCH(1,('Season 1 - MatchHistory'!$B:$B=$A30)*('Season 1 - MatchHistory'!$J:$J<>""),0))} -> 928
A31: SamStockton | B31: =COUNTIFS('Season 1 - MatchHistory'!$B:$B, $A31, 'Season 1 - MatchHistory'!$C:$C, "Town") -> 3 | C31: =COUNTIFS('Season 1 - MatchHistory'!B:B, A31, 'Season 1 - MatchHistory'!C:C, "Town", 'Season 1 - MatchHistory'!D:D, "Win") -> 1 | D31: =IFERROR(__xludf.DUMMYFUNCTION("IF(EQ($B31, 0), TO_PERCENT(0), TO_PERCENT($C31/$B31))"),0.3333333333333333) -> 0.33333333 | E31: =COUNTIFS('Season 1 - MatchHistory'!$B:$B, $A31, 'Season 1 - MatchHistory'!$C:$C, "Mafia") -> 1 | F31: =COUNTIFS('Season 1 - MatchHistory'!$B:$B, $A31, 'Season 1 - MatchHistory'!$C:$C, "Mafia", 'Season 1 - MatchHistory'!$D:$D, "Win") -> 1 | G31: =IFERROR(__xludf.DUMMYFUNCTION("TO_PERCENT(IFERROR($F31/$E31, 0))"),1.0) -> 1 | H31: =IFERROR(__xludf.DUMMYFUNCTION("TO_PERCENT(IFERROR(($F31+$C31)/($E31+$B31), 0))"),0.5) -> 0.5 | I31: {=INDEX('Season 1 - MatchHistory'!$G:$G,MATCH(1,('Season 1 - MatchHistory'!$B:$B=$A31)*('Season 1 - MatchHistory'!$G:$G<>""),0))} -> 25.709837 | J31: {=INDEX('Season 1 - MatchHistory'!$H:$H,MATCH(1,('Season 1 - MatchHistory'!$B:$B=$A31)*('Season 1 - MatchHistory'!$H:$H<>""),0))} -> 8.1158404 | K31: {=INDEX('Season 1 - MatchHistory'!$J:$J,MATCH(1,('Season 1 - MatchHistory'!$B:$B=$A31)*('Season 1 - MatchHistory'!$J:$J<>""),0))} -> 920
A32: Zangetsu | B32: =COUNTIFS('Season 1 - MatchHistory'!$B:$B, $A32, 'Season 1 - MatchHistory'!$C:$C, "Town") -> 2 | C32: =COUNTIFS('Season 1 - MatchHistory'!B:B, A32, 'Season 1 - MatchHistory'!C:C, "Town", 'Season 1 - MatchHistory'!D:D, "Win") -> 1 | D32: =IFERROR(__xludf.DUMMYFUNCTION("IF(EQ($B32, 0), TO_PERCENT(0), TO_PERCENT($C32/$B32))"),0.5) -> 0.5 | E32: =COUNTIFS('Season 1 - MatchHistory'!$B:$B, $A32, 'Season 1 - MatchHistory'!$C:$C, "Mafia") -> 0 | F32: =COUNTIFS('Season 1 - MatchHistory'!$B:$B, $A32, 'Season 1 - MatchHistory'!$C:$C, "Mafia", 'Season 1 - MatchHistory'!$D:$D, "Win") -> 0 | G32: =IFERROR(__xludf.DUMMYFUNCTION("TO_PERCENT(IFERROR($F32/$E32, 0))"),0.0) -> 0 | H32: =IFERROR(__xludf.DUMMYFUNCTION("TO_PERCENT(IFERROR(($F32+$C32)/($E32+$B32), 0))"),0.5) -> 0.5 | I32: {=INDEX('Season 1 - MatchHistory'!$G:$G,MATCH(1,('Season 1 - MatchHistory'!$B:$B=$A32)*('Season 1 - MatchHistory'!$G:$G<>""),0))} -> 25.768473 | J32: {=INDEX('Season 1 - MatchHistory'!$H:$H,MATCH(1,('Season 1 - MatchHistory'!$B:$B=$A32)*('Season 1 - MatchHistory'!$H:$H<>""),0))} -> 8.2048488 | K32: {=INDEX('Season 1 - MatchHistory'!$J:$J,MATCH(1,('Season 1 - MatchHistory'!$B:$B=$A32)*('Season 1 - MatchHistory'!$J:$J<>""),0))} -> 915
A33: CJ | B33: =COUNTIFS('Season 1 - MatchHistory'!$B:$B, $A33, 'Season 1 - MatchHistory'!$C:$C, "Town") -> 2 | C33: =COUNTIFS('Season 1 - MatchHistory'!B:B, A33, 'Season 1 - MatchHistory'!C:C, "Town", 'Season 1 - MatchHistory'!D:D, "Win") -> 1 | D33: =IFERROR(__xludf.DUMMYFUNCTION("IF(EQ($B33, 0), TO_PERCENT(0), TO_PERCENT($C33/$B33))"),0.5) -> 0.5 | E33: =COUNTIFS('Season 1 - MatchHistory'!$B:$B, $A33, 'Season 1 - MatchHistory'!$C:$C, "Mafia") -> 3 | F33: =COUNTIFS('Season 1 - MatchHistory'!$B:$B, $A33, 'Season 1 - MatchHistory'!$C:$C, "Mafia", 'Season 1 - MatchHistory'!$D:$D, "Win") -> 2 | G33: =IFERROR(__xludf.DUMMYFUNCTION("TO_PERCENT(IFERROR($F33/$E33, 0))"),0.6666666666666666) -> 0.66666667 | H33: =IFERROR(__xludf.DUMMYFUNCTION("TO_PERCENT(IFERROR(($F33+$C33)/($E33+$B33), 0))"),0.6) -> 0.6 | I33: {=INDEX('Season 1 - MatchHistory'!$G:$G,MATCH(1,('Season 1 - MatchHistory'!$B:$B=$A33)*('Season 1 - MatchHistory'!$G:$G<>""),0))} -> 25.522799 | J33: {=INDEX('Season 1 - MatchHistory'!$H:$H,MATCH(1,('Season 1 - MatchHistory'!$B:$B=$A33)*('Season 1 - MatchHistory'!$H:$H<>""),0))} -> 8.0521545 | K33: {=INDEX('Season 1 - MatchHistory'!$J:$J,MATCH(1,('Season 1 - MatchHistory'!$B:$B=$A33)*('Season 1 - MatchHistory'!$J:$J<>""),0))} -> 914
A34: Kaelten | B34: =COUNTIFS('Season 1 - MatchHistory'!$B:$B, $A34, 'Season 1 - MatchHistory'!$C:$C, "Town") -> 0 | C34: =COUNTIFS('Season 1 - MatchHistory'!B:B, A34, 'Season 1 - MatchHistory'!C:C, "Town", 'Season 1 - MatchHistory'!D:D, "Win") -> 0 | D34: =IFERROR(__xludf.DUMMYFUNCTION("IF(EQ($B34, 0), TO_PERCENT(0), TO_PERCENT($C34/$B34))"),0.0) -> 0 | E34: =COUNTIFS('Season 1 - MatchHistory'!$B:$B, $A34, 'Season 1 - MatchHistory'!$C:$C, "Mafia") -> 1 | F34: =COUNTIFS('Season 1 - MatchHistory'!$B:$B, $A34, 'Season 1 - MatchHistory'!$C:$C, "Mafia", 'Season 1 - MatchHistory'!$D:$D, "Win") -> 1 | G34: =IFERROR(__xludf.DUMMYFUNCTION("TO_PERCENT(IFERROR($F34/$E34, 0))"),1.0) -> 1 | H34: =IFERROR(__xludf.DUMMYFUNCTION("TO_PERCENT(IFERROR(($F34+$C34)/($E34+$B34), 0))"),1.0) -> 1 | I34: {=INDEX('Season 1 - MatchHistory'!$G:$G,MATCH(1,('Season 1 - MatchHistory'!$B:$B=$A34)*('Season 1 - MatchHistory'!$G:$G<>""),0))} -> 25.848927 | J34: {=INDEX('Season 1 - MatchHistory'!$H:$H,MATCH(1,('Season 1 - MatchHistory'!$B:$B=$A34)*('Season 1 - MatchHistory'!$H:$H<>""),0))} -> 8.2791096 | K34: {=INDEX('Season 1 - MatchHistory'!$J:$J,MATCH(1,('Season 1 - MatchHistory'!$B:$B=$A34)*('Season 1 - MatchHistory'!$J:$J<>""),0))} -> 913
A35: Tulsa | B35: =COUNTIFS('Season 1 - MatchHistory'!$B:$B, $A35, 'Season 1 - MatchHistory'!$C:$C, "Town") -> 0 | C35: =COUNTIFS('Season 1 - MatchHistory'!B:B, A35, 'Season 1 - MatchHistory'!C:C, "Town", 'Season 1 - MatchHistory'!D:D, "Win") -> 0 | D35: =IFERROR(__xludf.DUMMYFUNCTION("IF(EQ($B35, 0), TO_PERCENT(0), TO_PERCENT($C35/$B35))"),0.0) -> 0 | E35: =COUNTIFS('Season 1 - MatchHistory'!$B:$B, $A35, 'Season 1 - MatchHistory'!$C:$C, "Mafia") -> 1 | F35: =COUNTIFS('Season 1 - MatchHistory'!$B:$B, $A35, 'Season 1 - MatchHistory'!$C:$C, "Mafia", 'Season 1 - MatchHistory'!$D:$D, "Win") -> 1 | G35: =IFERROR(__xludf.DUMMYFUNCTION("TO_PERCENT(IFERROR($F35/$E35, 0))"),1.0) -> 1 | H35: =IFERROR(__xludf.DUMMYFUNCTION("TO_PERCENT(IFERROR(($F35+$C35)/($E35+$B35), 0))"),1.0) -> 1 | I35: {=INDEX('Season 1 - MatchHistory'!$G:$G,MATCH(1,('Season 1 - MatchHistory'!$B:$B=$A35)*('Season 1 - MatchHistory'!$G:$G<>""),0))} -> 25.774109 | J35: {=INDEX('Season 1 - MatchHistory'!$H:$H,MATCH(1,('Season 1 - MatchHistory'!$B:$B=$A35)*('Season 1 - MatchHistory'!$H:$H<>""),0))} -> 8.2816902 | K35: {=INDEX('Season 1 - MatchHistory'!$J:$J,MATCH(1,('Season 1 - MatchHistory'!$B:$B=$A35)*('Season 1 - MatchHistory'!$J:$J<>""),0))} -> 908
A36: Plen | B36: =COUNTIFS('Season 1 - MatchHistory'!$B:$B, $A36, 'Season 1 - MatchHistory'!$C:$C, "Town") -> 5 | C36: =COUNTIFS('Season 1 - MatchHistory'!B:B, A36, 'Season 1 - MatchHistory'!C:C, "Town", 'Season 1 - MatchHistory'!D:D, "Win") -> 2 | D36: =IFERROR(__xludf.DUMMYFUNCTION("IF(EQ($B36, 0), TO_PERCENT(0), TO_PERCENT($C36/$B36))"),0.4) -> 0.4 | E36: =COUNTIFS('Season 1 - MatchHistory'!$B:$B, $A36, 'Season 1 - MatchHistory'!$C:$C, "Mafia") -> 2 | F36: =COUNTIFS('Season 1 - MatchHistory'!$B:$B, $A36, 'Season 1 - MatchHistory'!$C:$C, "Mafia", 'Season 1 - MatchHistory'!$D:$D, "Win") -> 1 | G36: =IFERROR(__xludf.DUMMYFUNCTION("TO_PERCENT(IFERROR($F36/$E36, 0))"),0.5) -> 0.5 | H36: =IFERROR(__xludf.DUMMYFUNCTION("TO_PERCENT(IFERROR(($F36+$C36)/($E36+$B36), 0))"),0.42857142857142855) -> 0.42857143 | I36: {=INDEX('Season 1 - MatchHistory'!$G:$G,MATCH(1,('Season 1 - MatchHistory'!$B:$B=$A36)*('Season 1 - MatchHistory'!$G:$G<>""),0))} -> 25.297681 | J36: {=INDEX('Season 1 - MatchHistory'!$H:$H,MATCH(1,('Season 1 - MatchHistory'!$B:$B=$A36)*('Season 1 - MatchHistory'!$H:$H<>""),0))} -> 7.9589916 | K36: {=INDEX('Season 1 - MatchHistory'!$J:$J,MATCH(1,('Season 1 - MatchHistory'!$B:$B=$A36)*('Season 1 - MatchHistory'!$J:$J<>""),0))} -> 908
A37: Shane | B37: =COUNTIFS('Season 1 - MatchHistory'!$B:$B, $A37, 'Season 1 - MatchHistory'!$C:$C, "Town") -> 2 | C37: =COUNTIFS('Season 1 - MatchHistory'!B:B, A37, 'Season 1 - MatchHistory'!C:C, "Town", 'Season 1 - MatchHistory'!D:D, "Win") -> 1 | D37: =IFERROR(__xludf.DUMMYFUNCTION("IF(EQ($B37, 0), TO_PERCENT(0), TO_PERCENT($C37/$B37))"),0.5) -> 0.5 | E37: =COUNTIFS('Season 1 - MatchHistory'!$B:$B, $A37, 'Season 1 - MatchHistory'!$C:$C, "Mafia") -> 0 | F37: =COUNTIFS('Season 1 - MatchHistory'!$B:$B, $A37, 'Season 1 - MatchHistory'!$C:$C, "Mafia", 'Season 1 - MatchHistory'!$D:$D, "Win") -> 0 | G37: =IFERROR(__xludf.DUMMYFUNCTION("TO_PERCENT(IFERROR($F37/$E37, 0))"),0.0) -> 0 | H37: =IFERROR(__xludf.DUMMYFUNCTION("TO_PERCENT(IFERROR(($F37+$C37)/($E37+$B37), 0))"),0.5) -> 0.5 | I37: {=INDEX('Season 1 - MatchHistory'!$G:$G,MATCH(1,('Season 1 - MatchHistory'!$B:$B=$A37)*('Season 1 - MatchHistory'!$G:$G<>""),0))} -> 25.508592 | J37: {=INDEX('Season 1 - MatchHistory'!$H:$H,MATCH(1,('Season 1 - MatchHistory'!$B:$B=$A37)*('Season 1 - MatchHistory'!$H:$H<>""),0))} -> 8.2137895 | K37: {=INDEX('Season 1 - MatchHistory'!$J:$J,MATCH(1,('Season 1 - MatchHistory'!$B:$B=$A37)*('Season 1 - MatchHistory'!$J:$J<>""),0))} -> 897
A38: Morty | B38: =COUNTIFS('Season 1 - MatchHistory'!$B:$B, $A38, 'Season 1 - MatchHistory'!$C:$C, "Town") -> 2 | C38: =COUNTIFS('Season 1 - MatchHistory'!B:B, A38, 'Season 1 - MatchHistory'!C:C, "Town", 'Season 1 - MatchHistory'!D:D, "Win") -> 1 | D38: =IFERROR(__xludf.DUMMYFUNCTION("IF(EQ($B38, 0), TO_PERCENT(0), TO_PERCENT($C38/$B38))"),0.5) -> 0.5 | E38: =COUNTIFS('Season 1 - MatchHistory'!$B:$B, $A38, 'Season 1 - MatchHistory'!$C:$C, "Mafia") -> 0 | F38: =COUNTIFS('Season 1 - MatchHistory'!$B:$B, $A38, 'Season 1 - MatchHistory'!$C:$C, "Mafia", 'Season 1 - MatchHistory'!$D:$D, "Win") -> 0 | G38: =IFERROR(__xludf.DUMMYFUNCTION("TO_PERCENT(IFERROR($F38/$E38, 0))"),0.0) -> 0 | H38: =IFERROR(__xludf.DUMMYFUNCTION("TO_PERCENT(IFERROR(($F38+$C38)/($E38+$B38), 0))"),0.5) -> 0.5 | I38: {=INDEX('Season 1 - MatchHistory'!$G:$G,MATCH(1,('Season 1 - MatchHistory'!$B:$B=$A38)*('Season 1 - MatchHistory'!$G:$G<>""),0))} -> 25.396585 | J38: {=INDEX('Season 1 - MatchHistory'!$H:$H,MATCH(1,('Season 1 - MatchHistory'!$B:$B=$A38)*('Season 1 - MatchHistory'!$H:$H<>""),0))} -> 8.2060205 | K38: {=INDEX('Season 1 - MatchHistory'!$J:$J,MATCH(1,('Season 1 - MatchHistory'!$B:$B=$A38)*('Season 1 - MatchHistory'!$J:$J<>""),0))} -> 890
A39: Hunter | B39: =COUNTIFS('Season 1 - MatchHistory'!$B:$B, $A39, 'Season 1 - MatchHistory'!$C:$C, "Town") -> 3 | C39: =COUNTIFS('Season 1 - MatchHistory'!B:B, A39, 'Season 1 - MatchHistory'!C:C, "Town", 'Season 1 - MatchHistory'!D:D, "Win") -> 1 | D39: =IFERROR(__xludf.DUMMYFUNCTION("IF(EQ($B39, 0), TO_PERCENT(0), TO_PERCENT($C39/$B39))"),0.3333333333333333) -> 0.33333333 | E39: =COUNTIFS('Season 1 - MatchHistory'!$B:$B, $A39, 'Season 1 - MatchHistory'!$C:$C, "Mafia") -> 0 | F39: =COUNTIFS('Season 1 - MatchHistory'!$B:$B, $A39, 'Season 1 - MatchHistory'!$C:$C, "Mafia", 'Season 1 - MatchHistory'!$D:$D, "Win") -> 0 | G39: =IFERROR(__xludf.DUMMYFUNCTION("TO_PERCENT(IFERROR($F39/$E39, 0))"),0.0) -> 0 | H39: =IFERROR(__xludf.DUMMYFUNCTION("TO_PERCENT(IFERROR(($F39+$C39)/($E39+$B39), 0))"),0.3333333333333333) -> 0.33333333 | I39: {=INDEX('Season 1 - MatchHistory'!$G:$G,MATCH(1,('Season 1 - MatchHistory'!$B:$B=$A39)*('Season 1 - MatchHistory'!$G:$G<>""),0))} -> 25.386164 | J39: {=INDEX('Season 1 - MatchHistory'!$H:$H,MATCH(1,('Season 1 - MatchHistory'!$B:$B=$A39)*('Season 1 - MatchHistory'!$H:$H<>""),0))} -> 8.2004942 | K39: {=INDEX('Season 1 - MatchHistory'!$J:$J,MATCH(1,('Season 1 - MatchHistory'!$B:$B=$A39)*('Season 1 - MatchHistory'!$J:$J<>""),0))} -> 890
A40: Levi | B40: =COUNTIFS('Season 1 - MatchHistory'!$B:$B, $A40, 'Season 1 - MatchHistory'!$C:$C, "Town") -> 2 | C40: =COUNTIFS('Season 1 - MatchHistory'!B:B, A40, 'Season 1 - MatchHistory'!C:C, "Town", 'Season 1 - MatchHistory'!D:D, "Win") -> 1 | D40: =IFERROR(__xludf.DUMMYFUNCTION("IF(EQ($B40, 0), TO_PERCENT(0), TO_PERCENT($C40/$B40))"),0.5) -> 0.5 | E40: =COUNTIFS('Season 1 - MatchHistory'!$B:$B, $A40, 'Season 1 - MatchHistory'!$C:$C, "Mafia") -> 0 | F40: =COUNTIFS('Season 1 - MatchHistory'!$B:$B, $A40, 'Season 1 - MatchHistory'!$C:$C, "Mafia", 'Season 1 - MatchHistory'!$D:$D, "Win") -> 0 | G40: =IFERROR(__xludf.DUMMYFUNCTION("TO_PERCENT(IFERROR($F40/$E40, 0))"),0.0) -> 0 | H40: =IFERROR(__xludf.DUMMYFUNCTION("TO_PERCENT(IFERROR(($F40+$C40)/($E40+$B40), 0))"),0.5) -> 0.5 | I40: {=INDEX('Season 1 - MatchHistory'!$G:$G,MATCH(1,('Season 1 - MatchHistory'!$B:$B=$A40)*('Season 1 - MatchHistory'!$G:$G<>""),0))} -> 25.370065 | J40: {=INDEX('Season 1 - MatchHistory'!$H:$H,MATCH(1,('Season 1 - MatchHistory'!$B:$B=$A40)*('Season 1 - MatchHistory'!$H:$H<>""),0))} -> 8.2079875 | K40: {=INDEX('Season 1 - MatchHistory'!$J:$J,MATCH(1,('Season 1 - MatchHistory'!$B:$B=$A40)*('Season 1 - MatchHistory'!$J:$J<>""),0))} -> 888
A41: Steep | B41: =COUNTIFS('Season 1 - MatchHistory'!$B:$B, $A41, 'Season 1 - MatchHistory'!$C:$C, "Town") -> 4 | C41: =COUNTIFS('Season 1 - MatchHistory'!B:B, A41, 'Season 1 - MatchHistory'!C:C, "Town", 'Season 1 - MatchHistory'!D:D, "Win") -> 1 | D41: =IFERROR(__xludf.DUMMYFUNCTION("IF(EQ($B41, 0), TO_PERCENT(0), TO_PERCENT($C41/$B41))"),0.25) -> 0.25 | E41: =COUNTIFS('Season 1 - MatchHistory'!$B:$B, $A41, 'Season 1 - MatchHistory'!$C:$C, "Mafia") -> 1 | F41: =COUNTIFS('Season 1 - MatchHistory'!$B:$B, $A41, 'Season 1 - MatchHistory'!$C:$C, "Mafia", 'Season 1 - MatchHistory'!$D:$D, "Win") -> 1 | G41: =IFERROR(__xludf.DUMMYFUNCTION("TO_PERCENT(IFERROR($F41/$E41, 0))"),1.0) -> 1 | H41: =IFERROR(__xludf.DUMMYFUNCTION("TO_PERCENT(IFERROR(($F41+$C41)/($E41+$B41), 0))"),0.4) -> 0.4 | I41: {=INDEX('Season 1 - MatchHistory'!$G:$G,MATCH(1,('Season 1 - MatchHistory'!$B:$B=$A41)*('Season 1 - MatchHistory'!$G:$G<>""),0))} -> 25.11322 | J41: {=INDEX('Season 1 - MatchHistory'!$H:$H,MATCH(1,('Season 1 - MatchHistory'!$B:$B=$A41)*('Season 1 - MatchHistory'!$H:$H<>""),0))} -> 8.0952387 | K41: {=INDEX('Season 1 - MatchHistory'!$J:$J,MATCH(1,('Season 1 - MatchHistory'!$B:$B=$A41)*('Season 1 - MatchHistory'!$J:$J<>""),0))} -> 882
A42: 5up | B42: =COUNTIFS('Season 1 - MatchHistory'!$B:$B, $A42, 'Season 1 - MatchHistory'!$C:$C, "Town") -> 6 | C42: =COUNTIFS('Season 1 - MatchHistory'!B:B, A42, 'Season 1 - MatchHistory'!C:C, "Town", 'Season 1 - MatchHistory'!D:D, "Win") -> 2 | D42: =IFERROR(__xludf.DUMMYFUNCTION("IF(EQ($B42, 0), TO_PERCENT(0), TO_PERCENT($C42/$B42))"),0.3333333333333333) -> 0.33333333 | E42: =COUNTIFS('Season 1 - MatchHistory'!$B:$B, $A42, 'Season 1 - MatchHistory'!$C:$C, "Mafia") -> 1 | F42: =COUNTIFS('Season 1 - MatchHistory'!$B:$B, $A42, 'Season 1 - MatchHistory'!$C:$C, "Mafia", 'Season 1 - MatchHistory'!$D:$D, "Win") -> 1 | G42: =IFERROR(__xludf.DUMMYFUNCTION("TO_PERCENT(IFERROR($F42/$E42, 0))"),1.0) -> 1 | H42: =IFERROR(__xludf.DUMMYFUNCTION("TO_PERCENT(IFERROR(($F42+$C42)/($E42+$B42), 0))"),0.42857142857142855) -> 0.42857143 | I42: {=INDEX('Season 1 - MatchHistory'!$G:$G,MATCH(1,('Season 1 - MatchHistory'!$B:$B=$A42)*('Season 1 - MatchHistory'!$G:$G<>""),0))} -> 24.802821 | J42: {=INDEX('Season 1 - MatchHistory'!$H:$H,MATCH(1,('Season 1 - MatchHistory'!$B:$B=$A42)*('Season 1 - MatchHistory'!$H:$H<>""),0))} -> 7.9383768 | K42: {=INDEX('Season 1 - MatchHistory'!$J:$J,MATCH(1,('Season 1 - MatchHistory'!$B:$B=$A42)*('Season 1 - MatchHistory'!$J:$J<>""),0))} -> 877
A43: AsianSam | B43: =COUNTIFS('Season 1 - MatchHistory'!$B:$B, $A43, 'Season 1 - MatchHistory'!$C:$C, "Town") -> 2 | C43: =COUNTIFS('Season 1 - MatchHistory'!B:B, A43, 'Season 1 - MatchHistory'!C:C, "Town", 'Season 1 - MatchHistory'!D:D, "Win") -> 1 | D43: =IFERROR(__xludf.DUMMYFUNCTION("IF(EQ($B43, 0), TO_PERCENT(0), TO_PERCENT($C43/$B43))"),0.5) -> 0.5 | E43: =COUNTIFS('Season 1 - MatchHistory'!$B:$B, $A43, 'Season 1 - MatchHistory'!$C:$C, "Mafia") -> 2 | F43: =COUNTIFS('Season 1 - MatchHistory'!$B:$B, $A43, 'Season 1 - MatchHistory'!$C:$C, "Mafia", 'Season 1 - MatchHistory'!$D:$D, "Win") -> 1 | G43: =IFERROR(__xludf.DUMMYFUNCTION("TO_PERCENT(IFERROR($F43/$E43, 0))"),0.5) -> 0.5 | H43: =IFERROR(__xludf.DUMMYFUNCTION("TO_PERCENT(IFERROR(($F43+$C43)/($E43+$B43), 0))"),0.5) -> 0.5 | I43: {=INDEX('Season 1 - MatchHistory'!$G:$G,MATCH(1,('Season 1 - MatchHistory'!$B:$B=$A43)*('Season 1 - MatchHistory'!$G:$G<>""),0))} -> 25.058698 | J43: {=INDEX('Season 1 - MatchHistory'!$H:$H,MATCH(1,('Season 1 - MatchHistory'!$B:$B=$A43)*('Season 1 - MatchHistory'!$H:$H<>""),0))} -> 8.1124124 | K43: {=INDEX('Season 1 - MatchHistory'!$J:$J,MATCH(1,('Season 1 - MatchHistory'!$B:$B=$A43)*('Season 1 - MatchHistory'!$J:$J<>""),0))} -> 877
A44: Dani | B44: =COUNTIFS('Season 1 - MatchHistory'!$B:$B, $A44, 'Season 1 - MatchHistory'!$C:$C, "Town") -> 2 | C44: =COUNTIFS('Season 1 - MatchHistory'!B:B, A44, 'Season 1 - MatchHistory'!C:C, "Town", 'Season 1 - MatchHistory'!D:D, "Win") -> 1 | D44: =IFERROR(__xludf.DUMMYFUNCTION("IF(EQ($B44, 0), TO_PERCENT(0), TO_PERCENT($C44/$B44))"),0.5) -> 0.5 | E44: =COUNTIFS('Season 1 - MatchHistory'!$B:$B, $A44, 'Season 1 - MatchHistory'!$C:$C, "Mafia") -> 3 | F44: =COUNTIFS('Season 1 - MatchHistory'!$B:$B, $A44, 'Season 1 - MatchHistory'!$C:$C, "Mafia", 'Season 1 - MatchHistory'!$D:$D, "Win") -> 2 | G44: =IFERROR(__xludf.DUMMYFUNCTION("TO_PERCENT(IFERROR($F44/$E44, 0))"),0.6666666666666666) -> 0.66666667 | H44: =IFERROR(__xludf.DUMMYFUNCTION("TO_PERCENT(IFERROR(($F44+$C44)/($E44+$B44), 0))"),0.6) -> 0.6 | I44: {=INDEX('Season 1 - MatchHistory'!$G:$G,MATCH(1,('Season 1 - MatchHistory'!$B:$B=$A44)*('Season 1 - MatchHistory'!$G:$G<>""),0))} -> 24.934227 | J44: {=INDEX('Season 1 - MatchHistory'!$H:$H,MATCH(1,('Season 1 - MatchHistory'!$B:$B=$A44)*('Season 1 - MatchHistory'!$H:$H<>""),0))} -> 8.0638283 | K44: {=INDEX('Season 1 - MatchHistory'!$J:$J,MATCH(1,('Season 1 - MatchHistory'!$B:$B=$A44)*('Season 1 - MatchHistory'!$J:$J<>""),0))} -> 873
A45: Josh | B45: =COUNTIFS('Season 1 - MatchHistory'!$B:$B, $A45, 'Season 1 - MatchHistory'!$C:$C, "Town") -> 9 | C45: =COUNTIFS('Season 1 - MatchHistory'!B:B, A45, 'Season 1 - MatchHistory'!C:C, "Town", 'Season 1 - MatchHistory'!D:D, "Win") -> 3 | D45: =IFERROR(__xludf.DUMMYFUNCTION("IF(EQ($B45, 0), TO_PERCENT(0), TO_PERCENT($C45/$B45))"),0.3333333333333333) -> 0.33333333 | E45: =COUNTIFS('Season 1 - MatchHistory'!$B:$B, $A45, 'Season 1 - MatchHistory'!$C:$C, "Mafia") -> 1 | F45: =COUNTIFS('Season 1 - MatchHistory'!$B:$B, $A45, 'Season 1 - MatchHistory'!$C:$C, "Mafia", 'Season 1 - MatchHistory'!$D:$D, "Win") -> 1 | G45: =IFERROR(__xludf.DUMMYFUNCTION("TO_PERCENT(IFERROR($F45/$E45, 0))"),1.0) -> 1 | H45: =IFERROR(__xludf.DUMMYFUNCTION("TO_PERCENT(IFERROR(($F45+$C45)/($E45+$B45), 0))"),0.4) -> 0.4 | I45: {=INDEX('Season 1 - MatchHistory'!$G:$G,MATCH(1,('Season 1 - MatchHistory'!$B:$B=$A45)*('Season 1 - MatchHistory'!$G:$G<>""),0))} -> 24.447093 | J45: {=INDEX('Season 1 - MatchHistory'!$H:$H,MATCH(1,('Season 1 - MatchHistory'!$B:$B=$A45)*('Season 1 - MatchHistory'!$H:$H<>""),0))} -> 7.7910666 | K45: {=INDEX('Season 1 - MatchHistory'!$J:$J,MATCH(1,('Season 1 - MatchHistory'!$B:$B=$A45)*('Season 1 - MatchHistory'!$J:$J<>""),0))} -> 868
A46: Kowa | B46: =COUNTIFS('Season 1 - MatchHistory'!$B:$B, $A46, 'Season 1 - MatchHistory'!$C:$C, "Town") -> 1 | C46: =COUNTIFS('Season 1 - MatchHistory'!B:B, A46, 'Season 1 - MatchHistory'!C:C, "Town", 'Season 1 - MatchHistory'!D:D, "Win") -> 1 | D46: =IFERROR(__xludf.DUMMYFUNCTION("IF(EQ($B46, 0), TO_PERCENT(0), TO_PERCENT($C46/$B46))"),1.0) -> 1 | E46: =COUNTIFS('Season 1 - MatchHistory'!$B:$B, $A46, 'Season 1 - MatchHistory'!$C:$C, "Mafia") -> 1 | F46: =COUNTIFS('Season 1 - MatchHistory'!$B:$B, $A46, 'Season 1 - MatchHistory'!$C:$C, "Mafia", 'Season 1 - MatchHistory'!$D:$D, "Win") -> 0 | G46: =IFERROR(__xludf.DUMMYFUNCTION("TO_PERCENT(IFERROR($F46/$E46, 0))"),0.0) -> 0 | H46: =IFERROR(__xludf.DUMMYFUNCTION("TO_PERCENT(IFERROR(($F46+$C46)/($E46+$B46), 0))"),0.5) -> 0.5 | I46: {=INDEX('Season 1 - MatchHistory'!$G:$G,MATCH(1,('Season 1 - MatchHistory'!$B:$B=$A46)*('Season 1 - MatchHistory'!$G:$G<>""),0))} -> 24.941027 | J46: {=INDEX('Season 1 - MatchHistory'!$H:$H,MATCH(1,('Season 1 - MatchHistory'!$B:$B=$A46)*('Season 1 - MatchHistory'!$H:$H<>""),0))} -> 8.2006784 | K46: {=INDEX('Season 1 - MatchHistory'!$J:$J,MATCH(1,('Season 1 - MatchHistory'!$B:$B=$A46)*('Season 1 - MatchHistory'!$J:$J<>""),0))} -> 860
A47: 23flash | B47: =COUNTIFS('Season 1 - MatchHistory'!$B:$B, $A47, 'Season 1 - MatchHistory'!$C:$C, "Town") -> 3 | C47: =COUNTIFS('Season 1 - MatchHistory'!B:B, A47, 'Season 1 - MatchHistory'!C:C, "Town", 'Season 1 - MatchHistory'!D:D, "Win") -> 1 | D47: =IFERROR(__xludf.DUMMYFUNCTION("IF(EQ($B47, 0), TO_PERCENT(0), TO_PERCENT($C47/$B47))"),0.3333333333333333) -> 0.33333333 | E47: =COUNTIFS('Season 1 - MatchHistory'!$B:$B, $A47, 'Season 1 - MatchHistory'!$C:$C, "Mafia") -> 0 | F47: =COUNTIFS('Season 1 - MatchHistory'!$B:$B, $A47, 'Season 1 - MatchHistory'!$C:$C, "Mafia", 'Season 1 - MatchHistory'!$D:$D, "Win") -> 0 | G47: =IFERROR(__xludf.DUMMYFUNCTION("TO_PERCENT(IFERROR($F47/$E47, 0))"),0.0) -> 0 | H47: =IFERROR(__xludf.DUMMYFUNCTION("TO_PERCENT(IFERROR(($F47+$C47)/($E47+$B47), 0))"),0.3333333333333333) -> 0.33333333 | I47: {=INDEX('Season 1 - MatchHistory'!$G:$G,MATCH(1,('Season 1 - MatchHistory'!$B:$B=$A47)*('Season 1 - MatchHistory'!$G:$G<>""),0))} -> 24.835527 | J47: {=INDEX('Season 1 - MatchHistory'!$H:$H,MATCH(1,('Season 1 - MatchHistory'!$B:$B=$A47)*('Season 1 - MatchHistory'!$H:$H<>""),0))} -> 8.1590026 | K47: {=INDEX('Season 1 - MatchHistory'!$J:$J,MATCH(1,('Season 1 - MatchHistory'!$B:$B=$A47)*('Season 1 - MatchHistory'!$J:$J<>""),0))} -> 857
A48: Brownkow | B48: =COUNTIFS('Season 1 - MatchHistory'!$B:$B, $A48, 'Season 1 - MatchHistory'!$C:$C, "Town") -> 6 | C48: =COUNTIFS('Season 1 - MatchHistory'!B:B, A48, 'Season 1 - MatchHistory'!C:C, "Town", 'Season 1 - MatchHistory'!D:D, "Win") -> 2 | D48: =IFERROR(__xludf.DUMMYFUNCTION("IF(EQ($B48, 0), TO_PERCENT(0), TO_PERCENT($C48/$B48))"),0.3333333333333333) -> 0.33333333 | E48: =COUNTIFS('Season 1 - MatchHistory'!$B:$B, $A48, 'Season 1 - MatchHistory'!$C:$C, "Mafia") -> 0 | F48: =COUNTIFS('Season 1 - MatchHistory'!$B:$B, $A48, 'Season 1 - MatchHistory'!$C:$C, "Mafia", 'Season 1 - MatchHistory'!$D:$D, "Win") -> 0 | G48: =IFERROR(__xludf.DUMMYFUNCTION("TO_PERCENT(IFERROR($F48/$E48, 0))"),0.0) -> 0 | H48: =IFERROR(__xludf.DUMMYFUNCTION("TO_PERCENT(IFERROR(($F48+$C48)/($E48+$B48), 0))"),0.3333333333333333) -> 0.33333333 | I48: {=INDEX('Season 1 - MatchHistory'!$G:$G,MATCH(1,('Season 1 - MatchHistory'!$B:$B=$A48)*('Season 1 - MatchHistory'!$G:$G<>""),0))} -> 24.626584 | J48: {=INDEX('Season 1 - MatchHistory'!$H:$H,MATCH(1,('Season 1 - MatchHistory'!$B:$B=$A48)*('Season 1 - MatchHistory'!$H:$H<>""),0))} -> 8.0209004 | K48: {=INDEX('Season 1 - MatchHistory'!$J:$J,MATCH(1,('Season 1 - MatchHistory'!$B:$B=$A48)*('Season 1 - MatchHistory'!$J:$J<>""),0))} -> 856
A49: Aro | B49: =COUNTIFS('Season 1 - MatchHistory'!$B:$B, $A49, 'Season 1 - MatchHistory'!$C:$C, "Town") -> 1 | C49: =COUNTIFS('Season 1 - MatchHistory'!B:B, A49, 'Season 1 - MatchHistory'!C:C, "Town", 'Season 1 - MatchHistory'!D:D, "Win") -> 0 | D49: =IFERROR(__xludf.DUMMYFUNCTION("IF(EQ($B49, 0), TO_PERCENT(0), TO_PERCENT($C49/$B49))"),0.0) -> 0 | E49: =COUNTIFS('Season 1 - MatchHistory'!$B:$B, $A49, 'Season 1 - MatchHistory'!$C:$C, "Mafia") -> 1 | F49: =COUNTIFS('Season 1 - MatchHistory'!$B:$B, $A49, 'Season 1 - MatchHistory'!$C:$C, "Mafia", 'Season 1 - MatchHistory'!$D:$D, "Win") -> 1 | G49: =IFERROR(__xludf.DUMMYFUNCTION("TO_PERCENT(IFERROR($F49/$E49, 0))"),1.0) -> 1 | H49: =IFERROR(__xludf.DUMMYFUNCTION("TO_PERCENT(IFERROR(($F49+$C49)/($E49+$B49), 0))"),0.5) -> 0.5 | I49: {=INDEX('Season 1 - MatchHistory'!$G:$G,MATCH(1,('Season 1 - MatchHistory'!$B:$B=$A49)*('Season 1 - MatchHistory'!$G:$G<>""),0))} -> 24.868378 | J49: {=INDEX('Season 1 - MatchHistory'!$H:$H,MATCH(1,('Season 1 - MatchHistory'!$B:$B=$A49)*('Season 1 - MatchHistory'!$H:$H<>""),0))} -> 8.2279135 | K49: {=INDEX('Season 1 - MatchHistory'!$J:$J,MATCH(1,('Season 1 - MatchHistory'!$B:$B=$A49)*('Season 1 - MatchHistory'!$J:$J<>""),0))} -> 852
A50: Vandy | B50: =COUNTIFS('Season 1 - MatchHistory'!$B:$B, $A50, 'Season 1 - MatchHistory'!$C:$C, "Town") -> 2 | C50: =COUNTIFS('Season 1 - MatchHistory'!B:B, A50, 'Season 1 - MatchHistory'!C:C, "Town", 'Season 1 - MatchHistory'!D:D, "Win") -> 1 | D50: =IFERROR(__xludf.DUMMYFUNCTION("IF(EQ($B50, 0), TO_PERCENT(0), TO_PERCENT($C50/$B50))"),0.5) -> 0.5 | E50: =COUNTIFS('Season 1 - MatchHistory'!$B:$B, $A50, 'Season 1 - MatchHistory'!$C:$C, "Mafia") -> 2 | F50: =COUNTIFS('Season 1 - MatchHistory'!$B:$B, $A50, 'Season 1 - MatchHistory'!$C:$C, "Mafia", 'Season 1 - MatchHistory'!$D:$D, "Win") -> 1 | G50: =IFERROR(__xludf.DUMMYFUNCTION("TO_PERCENT(IFERROR($F50/$E50, 0))"),0.5) -> 0.5 | H50: =IFERROR(__xludf.DUMMYFUNCTION("TO_PERCENT(IFERROR(($F50+$C50)/($E50+$B50), 0))"),0.5) -> 0.5 | I50: {=INDEX('Season 1 - MatchHistory'!$G:$G,MATCH(1,('Season 1 - MatchHistory'!$B:$B=$A50)*('Season 1 - MatchHistory'!$G:$G<>""),0))} -> 24.617465 | J50: {=INDEX('Season 1 - MatchHistory'!$H:$H,MATCH(1,('Season 1 - MatchHistory'!$B:$B=$A50)*('Season 1 - MatchHistory'!$H:$H<>""),0))} -> 8.1215918 | K50: {=INDEX('Season 1 - MatchHistory'!$J:$J,MATCH(1,('Season 1 - MatchHistory'!$B:$B=$A50)*('Season 1 - MatchHistory'!$J:$J<>""),0))} -> 846 | L50: ='Season 1 - MafiaRatings'!H:H | M50: ='Season 1 - MafiaRatings'!I:I | N50: ='Season 1 - MafiaRatings'!J:J | O50: ='Season 1 - MafiaRatings'!K:K | P50: ='Season 1 - MafiaRatings'!L:L | Q50: ='Season 1 - MafiaRatings'!M:M | R50: ='Season 1 - MafiaRatings'!N:N | S50: ='Season 1 - MafiaRatings'!O:O | T50: ='Season 1 - MafiaRatings'!P:P | U50: ='Season 1 - MafiaRatings'!Q:Q | V50: ='Season 1 - MafiaRatings'!R:R | W50: ='Season 1 - MafiaRatings'!S:S | X50: ='Season 1 - MafiaRatings'!T:T | Y50: ='Season 1 - MafiaRatings'!U:U | Z50: ='Season 1 - MafiaRatings'!V:V | AA50: ='Season 1 - MafiaRatings'!W:W | AB50: ='Season 1 - MafiaRatings'!X:X | AC50: ='Season 1 - MafiaRatings'!Y:Y | AD50: ='Season 1 - MafiaRatings'!Z:Z | AE50: ='Season 1 - MafiaRatings'!AA:AA
A51: Happymeal | B51: =COUNTIFS('Season 1 - MatchHistory'!$B:$B, $A51, 'Season 1 - MatchHistory'!$C:$C, "Town") -> 11 | C51: =COUNTIFS('Season 1 - MatchHistory'!B:B, A51, 'Season 1 - MatchHistory'!C:C, "Town", 'Season 1 - MatchHistory'!D:D, "Win") -> 3 | D51: =IFERROR(__xludf.DUMMYFUNCTION("IF(EQ($B51, 0), TO_PERCENT(0), TO_PERCENT($C51/$B51))"),0.2727272727272727) -> 0.27272727 | E51: =COUNTIFS('Season 1 - MatchHistory'!$B:$B, $A51, 'Season 1 - MatchHistory'!$C:$C, "Mafia") -> 1 | F51: =COUNTIFS('Season 1 - MatchHistory'!$B:$B, $A51, 'Season 1 - MatchHistory'!$C:$C, "Mafia", 'Season 1 - MatchHistory'!$D:$D, "Win") -> 1 | G51: =IFERROR(__xludf.DUMMYFUNCTION("TO_PERCENT(IFERROR($F51/$E51, 0))"),1.0) -> 1 | H51: =IFERROR(__xludf.DUMMYFUNCTION("TO_PERCENT(IFERROR(($F51+$C51)/($E51+$B51), 0))"),0.3333333333333333) -> 0.33333333 | I51: {=INDEX('Season 1 - MatchHistory'!$G:$G,MATCH(1,('Season 1 - MatchHistory'!$B:$B=$A51)*('Season 1 - MatchHistory'!$G:$G<>""),0))} -> 24.036211 | J51: {=INDEX('Season 1 - MatchHistory'!$H:$H,MATCH(1,('Season 1 - MatchHistory'!$B:$B=$A51)*('Season 1 - MatchHistory'!$H:$H<>""),0))} -> 7.7256778 | K51: {=INDEX('Season 1 - MatchHistory'!$J:$J,MATCH(1,('Season 1 - MatchHistory'!$B:$B=$A51)*('Season 1 - MatchHistory'!$J:$J<>""),0))} -> 846
A52: Putinwalk | B52: =COUNTIFS('Season 1 - MatchHistory'!$B:$B, $A52, 'Season 1 - MatchHistory'!$C:$C, "Town") -> 0 | C52: =COUNTIFS('Season 1 - MatchHistory'!B:B, A52, 'Season 1 - MatchHistory'!C:C, "Town", 'Season 1 - MatchHistory'!D:D, "Win") -> 0 | D52: =IFERROR(__xludf.DUMMYFUNCTION("IF(EQ($B52, 0), TO_PERCENT(0), TO_PERCENT($C52/$B52))"),0.0) -> 0 | E52: =COUNTIFS('Season 1 - MatchHistory'!$B:$B, $A52, 'Season 1 - MatchHistory'!$C:$C, "Mafia") -> 2 | F52: =COUNTIFS('Season 1 - MatchHistory'!$B:$B, $A52, 'Season 1 - MatchHistory'!$C:$C, "Mafia", 'Season 1 - MatchHistory'!$D:$D, "Win") -> 1 | G52: =IFERROR(__xludf.DUMMYFUNCTION("TO_PERCENT(IFERROR($F52/$E52, 0))"),0.5) -> 0.5 | H52: =IFERROR(__xludf.DUMMYFUNCTION("TO_PERCENT(IFERROR(($F52+$C52)/($E52+$B52), 0))"),0.5) -> 0.5 | I52: {=INDEX('Season 1 - MatchHistory'!$G:$G,MATCH(1,('Season 1 - MatchHistory'!$B:$B=$A52)*('Season 1 - MatchHistory'!$G:$G<>""),0))} -> 24.624312 | J52: {=INDEX('Season 1 - MatchHistory'!$H:$H,MATCH(1,('Season 1 - MatchHistory'!$B:$B=$A52)*('Season 1 - MatchHistory'!$H:$H<>""),0))} -> 8.2085048 | K52: {=INDEX('Season 1 - MatchHistory'!$J:$J,MATCH(1,('Season 1 - MatchHistory'!$B:$B=$A52)*('Season 1 - MatchHistory'!$J:$J<>""),0))} -> 837
A53: Jared | B53: =COUNTIFS('Season 1 - MatchHistory'!$B:$B, $A53, 'Season 1 - MatchHistory'!$C:$C, "Town") -> 1 | C53: =COUNTIFS('Season 1 - MatchHistory'!B:B, A53, 'Season 1 - MatchHistory'!C:C, "Town", 'Season 1 - MatchHistory'!D:D, "Win") -> 0 | D53: =IFERROR(__xludf.DUMMYFUNCTION("IF(EQ($B53, 0), TO_PERCENT(0), TO_PERCENT($C53/$B53))"),0.0) -> 0 | E53: =COUNTIFS('Season 1 - MatchHistory'!$B:$B, $A53, 'Season 1 - MatchHistory'!$C:$C, "Mafia") -> 1 | F53: =COUNTIFS('Season 1 - MatchHistory'!$B:$B, $A53, 'Season 1 - MatchHistory'!$C:$C, "Mafia", 'Season 1 - MatchHistory'!$D:$D, "Win") -> 1 | G53: =IFERROR(__xludf.DUMMYFUNCTION("TO_PERCENT(IFERROR($F53/$E53, 0))"),1.0) -> 1 | H53: =IFERROR(__xludf.DUMMYFUNCTION("TO_PERCENT(IFERROR(($F53+$C53)/($E53+$B53), 0))"),0.5) -> 0.5 | I53: {=INDEX('Season 1 - MatchHistory'!$G:$G,MATCH(1,('Season 1 - MatchHistory'!$B:$B=$A53)*('Season 1 - MatchHistory'!$G:$G<>""),0))} -> 24.641048 | J53: {=INDEX('Season 1 - MatchHistory'!$H:$H,MATCH(1,('Season 1 - MatchHistory'!$B:$B=$A53)*('Season 1 - MatchHistory'!$H:$H<>""),0))} -> 8.2288127 | K53: {=INDEX('Season 1 - MatchHistory'!$J:$J,MATCH(1,('Season 1 - MatchHistory'!$B:$B=$A53)*('Season 1 - MatchHistory'!$J:$J<>""),0))} -> 836
A54: Jojo | B54: =COUNTIFS('Season 1 - MatchHistory'!$B:$B, $A54, 'Season 1 - MatchHistory'!$C:$C, "Town") -> 2 | C54: =COUNTIFS('Season 1 - MatchHistory'!B:B, A54, 'Season 1 - MatchHistory'!C:C, "Town", 'Season 1 - MatchHistory'!D:D, "Win") -> 0 | D54: =IFERROR(__xludf.DUMMYFUNCTION("IF(EQ($B54, 0), TO_PERCENT(0), TO_PERCENT($C54/$B54))"),0.0) -> 0 | E54: =COUNTIFS('Season 1 - MatchHistory'!$B:$B, $A54, 'Season 1 - MatchHistory'!$C:$C, "Mafia") -> 1 | F54: =COUNTIFS('Season 1 - MatchHistory'!$B:$B, $A54, 'Season 1 - MatchHistory'!$C:$C, "Mafia", 'Season 1 - MatchHistory'!$D:$D, "Win") -> 1 | G54: =IFERROR(__xludf.DUMMYFUNCTION("TO_PERCENT(IFERROR($F54/$E54, 0))"),1.0) -> 1 | H54: =IFERROR(__xludf.DUMMYFUNCTION("TO_PERCENT(IFERROR(($F54+$C54)/($E54+$B54), 0))"),0.3333333333333333) -> 0.33333333 | I54: {=INDEX('Season 1 - MatchHistory'!$G:$G,MATCH(1,('Season 1 - MatchHistory'!$B:$B=$A54)*('Season 1 - MatchHistory'!$G:$G<>""),0))} -> 24.547322 | J54: {=INDEX('Season 1 - MatchHistory'!$H:$H,MATCH(1,('Season 1 - MatchHistory'!$B:$B=$A54)*('Season 1 - MatchHistory'!$H:$H<>""),0))} -> 8.1840602 | K54: {=INDEX('Season 1 - MatchHistory'!$J:$J,MATCH(1,('Season 1 - MatchHistory'!$B:$B=$A54)*('Season 1 - MatchHistory'!$J:$J<>""),0))} -> 834
A55: Rollo | B55: =COUNTIFS('Season 1 - MatchHistory'!$B:$B, $A55, 'Season 1 - MatchHistory'!$C:$C, "Town") -> 2 | C55: =COUNTIFS('Season 1 - MatchHistory'!B:B, A55, 'Season 1 - MatchHistory'!C:C, "Town", 'Season 1 - MatchHistory'!D:D, "Win") -> 0 | D55: =IFERROR(__xludf.DUMMYFUNCTION("IF(EQ($B55, 0), TO_PERCENT(0), TO_PERCENT($C55/$B55))"),0.0) -> 0 | E55: =COUNTIFS('Season 1 - MatchHistory'!$B:$B, $A55, 'Season 1 - MatchHistory'!$C:$C, "Mafia") -> 1 | F55: =COUNTIFS('Season 1 - MatchHistory'!$B:$B, $A55, 'Season 1 - MatchHistory'!$C:$C, "Mafia", 'Season 1 - MatchHistory'!$D:$D, "Win") -> 1 | G55: =IFERROR(__xludf.DUMMYFUNCTION("TO_PERCENT(IFERROR($F55/$E55, 0))"),1.0) -> 1 | H55: =IFERROR(__xludf.DUMMYFUNCTION("TO_PERCENT(IFERROR(($F55+$C55)/($E55+$B55), 0))"),0.3333333333333333) -> 0.33333333 | I55: {=INDEX('Season 1 - MatchHistory'!$G:$G,MATCH(1,('Season 1 - MatchHistory'!$B:$B=$A55)*('Season 1 - MatchHistory'!$G:$G<>""),0))} -> 24.44399 | J55: {=INDEX('Season 1 - MatchHistory'!$H:$H,MATCH(1,('Season 1 - MatchHistory'!$B:$B=$A55)*('Season 1 - MatchHistory'!$H:$H<>""),0))} -> 8.1594647 | K55: {=INDEX('Season 1 - MatchHistory'!$J:$J,MATCH(1,('Season 1 - MatchHistory'!$B:$B=$A55)*('Season 1 - MatchHistory'!$J:$J<>""),0))} -> 830
A56: Iln | B56: =COUNTIFS('Season 1 - MatchHistory'!$B:$B, $A56, 'Season 1 - MatchHistory'!$C:$C, "Town") -> 1 | C56: =COUNTIFS('Season 1 - MatchHistory'!B:B, A56, 'Season 1 - MatchHistory'!C:C, "Town", 'Season 1 - MatchHistory'!D:D, "Win") -> 1 | D56: =IFERROR(__xludf.DUMMYFUNCTION("IF(EQ($B56, 0), TO_PERCENT(0), TO_PERCENT($C56/$B56))"),1.0) -> 1 | E56: =COUNTIFS('Season 1 - MatchHistory'!$B:$B, $A56, 'Season 1 - MatchHistory'!$C:$C, "Mafia") -> 1 | F56: =COUNTIFS('Season 1 - MatchHistory'!$B:$B, $A56, 'Season 1 - MatchHistory'!$C:$C, "Mafia", 'Season 1 - MatchHistory'!$D:$D, "Win") -> 0 | G56: =IFERROR(__xludf.DUMMYFUNCTION("TO_PERCENT(IFERROR($F56/$E56, 0))"),0.0) -> 0 | H56: =IFERROR(__xludf.DUMMYFUNCTION("TO_PERCENT(IFERROR(($F56+$C56)/($E56+$B56), 0))"),0.5) -> 0.5 | I56: {=INDEX('Season 1 - MatchHistory'!$G:$G,MATCH(1,('Season 1 - MatchHistory'!$B:$B=$A56)*('Season 1 - MatchHistory'!$G:$G<>""),0))} -> 24.466804 | J56: {=INDEX('Season 1 - MatchHistory'!$H:$H,MATCH(1,('Season 1 - MatchHistory'!$B:$B=$A56)*('Season 1 - MatchHistory'!$H:$H<>""),0))} -> 8.2148891 | K56: {=INDEX('Season 1 - MatchHistory'!$J:$J,MATCH(1,('Season 1 - MatchHistory'!$B:$B=$A56)*('Season 1 - MatchHistory'!$J:$J<>""),0))} -> 826
A57: Wyz | B57: =COUNTIFS('Season 1 - MatchHistory'!$B:$B, $A57, 'Season 1 - MatchHistory'!$C:$C, "Town") -> 1 | C57: =COUNTIFS('Season 1 - MatchHistory'!B:B, A57, 'Season 1 - MatchHistory'!C:C, "Town", 'Season 1 - MatchHistory'!D:D, "Win") -> 0 | D57: =IFERROR(__xludf.DUMMYFUNCTION("IF(EQ($B57, 0), TO_PERCENT(0), TO_PERCENT($C57/$B57))"),0.0) -> 0 | E57: =COUNTIFS('Season 1 - MatchHistory'!$B:$B, $A57, 'Season 1 - MatchHistory'!$C:$C, "Mafia") -> 0 | F57: =COUNTIFS('Season 1 - MatchHistory'!$B:$B, $A57, 'Season 1 - MatchHistory'!$C:$C, "Mafia", 'Season 1 - MatchHistory'!$D:$D, "Win") -> 0 | G57: =IFERROR(__xludf.DUMMYFUNCTION("TO_PERCENT(IFERROR($F57/$E57, 0))"),0.0) -> 0 | H57: =IFERROR(__xludf.DUMMYFUNCTION("TO_PERCENT(IFERROR(($F57+$C57)/($E57+$B57), 0))"),0.0) -> 0 | I57: {=INDEX('Season 1 - MatchHistory'!$G:$G,MATCH(1,('Season 1 - MatchHistory'!$B:$B=$A57)*('Season 1 - MatchHistory'!$G:$G<>""),0))} -> 24.557545 | J57: {=INDEX('Season 1 - MatchHistory'!$H:$H,MATCH(1,('Season 1 - MatchHistory'!$B:$B=$A57)*('Season 1 - MatchHistory'!$H:$H<>""),0))} -> 8.2949405 | K57: {=INDEX('Season 1 - MatchHistory'!$J:$J,MATCH(1,('Season 1 - MatchHistory'!$B:$B=$A57)*('Season 1 - MatchHistory'!$J:$J<>""),0))} -> 824
A58: Duke | B58: =COUNTIFS('Season 1 - MatchHistory'!$B:$B, $A58, 'Season 1 - MatchHistory'!$C:$C, "Town") -> 1 | C58: =COUNTIFS('Season 1 - MatchHistory'!B:B, A58, 'Season 1 - MatchHistory'!C:C, "Town", 'Season 1 - MatchHistory'!D:D, "Win") -> 0 | D58: =IFERROR(__xludf.DUMMYFUNCTION("IF(EQ($B58, 0), TO_PERCENT(0), TO_PERCENT($C58/$B58))"),0.0) -> 0 | E58: =COUNTIFS('Season 1 - MatchHistory'!$B:$B, $A58, 'Season 1 - MatchHistory'!$C:$C, "Mafia") -> 0 | F58: =COUNTIFS('Season 1 - MatchHistory'!$B:$B, $A58, 'Season 1 - MatchHistory'!$C:$C, "Mafia", 'Season 1 - MatchHistory'!$D:$D, "Win") -> 0 | G58: =IFERROR(__xludf.DUMMYFUNCTION("TO_PERCENT(IFERROR($F58/$E58, 0))"),0.0) -> 0 | H58: =IFERROR(__xludf.DUMMYFUNCTION("TO_PERCENT(IFERROR(($F58+$C58)/($E58+$B58), 0))"),0.0) -> 0 | I58: {=INDEX('Season 1 - MatchHistory'!$G:$G,MATCH(1,('Season 1 - MatchHistory'!$B:$B=$A58)*('Season 1 - MatchHistory'!$G:$G<>""),0))} -> 24.490543 | J58: {=INDEX('Season 1 - MatchHistory'!$H:$H,MATCH(1,('Season 1 - MatchHistory'!$B:$B=$A58)*('Season 1 - MatchHistory'!$H:$H<>""),0))} -> 8.2914708 | K58: {=INDEX('Season 1 - MatchHistory'!$J:$J,MATCH(1,('Season 1 - MatchHistory'!$B:$B=$A58)*('Season 1 - MatchHistory'!$J:$J<>""),0))} -> 820
A59: Laura | B59: =COUNTIFS('Season 1 - MatchHistory'!$B:$B, $A59, 'Season 1 - MatchHistory'!$C:$C, "Town") -> 2 | C59: =COUNTIFS('Season 1 - MatchHistory'!B:B, A59, 'Season 1 - MatchHistory'!C:C, "Town", 'Season 1 - MatchHistory'!D:D, "Win") -> 1 | D59: =IFERROR(__xludf.DUMMYFUNCTION("IF(EQ($B59, 0), TO_PERCENT(0), TO_PERCENT($C59/$B59))"),0.5) -> 0.5 | E59: =COUNTIFS('Season 1 - MatchHistory'!$B:$B, $A59, 'Season 1 - MatchHistory'!$C:$C, "Mafia") -> 1 | F59: =COUNTIFS('Season 1 - MatchHistory'!$B:$B, $A59, 'Season 1 - MatchHistory'!$C:$C, "Mafia", 'Season 1 - MatchHistory'!$D:$D, "Win") -> 0 | G59: =IFERROR(__xludf.DUMMYFUNCTION("TO_PERCENT(IFERROR($F59/$E59, 0))"),0.0) -> 0 | H59: =IFERROR(__xludf.DUMMYFUNCTION("TO_PERCENT(IFERROR(($F59+$C59)/($E59+$B59), 0))"),0.3333333333333333) -> 0.33333333 | I59: {=INDEX('Season 1 - MatchHistory'!$G:$G,MATCH(1,('Season 1 - MatchHistory'!$B:$B=$A59)*('Season 1 - MatchHistory'!$G:$G<>""),0))} -> 24.226596 | J59: {=INDEX('Season 1 - MatchHistory'!$H:$H,MATCH(1,('Season 1 - MatchHistory'!$B:$B=$A59)*('Season 1 - MatchHistory'!$H:$H<>""),0))} -> 8.1505999 | K59: {=INDEX('Season 1 - MatchHistory'!$J:$J,MATCH(1,('Season 1 - MatchHistory'!$B:$B=$A59)*('Season 1 - MatchHistory'!$J:$J<>""),0))} -> 816
A60: Brady | B60: =COUNTIFS('Season 1 - MatchHistory'!$B:$B, $A60, 'Season 1 - MatchHistory'!$C:$C, "Town") -> 1 | C60: =COUNTIFS('Season 1 - MatchHistory'!B:B, A60, 'Season 1 - MatchHistory'!C:C, "Town", 'Season 1 - MatchHistory'!D:D, "Win") -> 0 | D60: =IFERROR(__xludf.DUMMYFUNCTION("IF(EQ($B60, 0), TO_PERCENT(0), TO_PERCENT($C60/$B60))"),0.0) -> 0 | E60: =COUNTIFS('Season 1 - MatchHistory'!$B:$B, $A60, 'Season 1 - MatchHistory'!$C:$C, "Mafia") -> 0 | F60: =COUNTIFS('Season 1 - MatchHistory'!$B:$B, $A60, 'Season 1 - MatchHistory'!$C:$C, "Mafia", 'Season 1 - MatchHistory'!$D:$D, "Win") -> 0 | G60: =IFERROR(__xludf.DUMMYFUNCTION("TO_PERCENT(IFERROR($F60/$E60, 0))"),0.0) -> 0 | H60: =IFERROR(__xludf.DUMMYFUNCTION("TO_PERCENT(IFERROR(($F60+$C60)/($E60+$B60), 0))"),0.0) -> 0 | I60: {=INDEX('Season 1 - MatchHistory'!$G:$G,MATCH(1,('Season 1 - MatchHistory'!$B:$B=$A60)*('Season 1 - MatchHistory'!$G:$G<>""),0))} -> 24.43641 | J60: {=INDEX('Season 1 - MatchHistory'!$H:$H,MATCH(1,('Season 1 - MatchHistory'!$B:$B=$A60)*('Season 1 - MatchHistory'!$H:$H<>""),0))} -> 8.2914327 | K60: {=INDEX('Season 1 - MatchHistory'!$J:$J,MATCH(1,('Season 1 - MatchHistory'!$B:$B=$A60)*('Season 1 - MatchHistory'!$J:$J<>""),0))} -> 816
A61: Younguns | B61: =COUNTIFS('Season 1 - MatchHistory'!$B:$B, $A61, 'Season 1 - MatchHistory'!$C:$C, "Town") -> 1 | C61: =COUNTIFS('Season 1 - MatchHistory'!B:B, A61, 'Season 1 - MatchHistory'!C:C, "Town", 'Season 1 - MatchHistory'!D:D, "Win") -> 0 | D61: =IFERROR(__xludf.DUMMYFUNCTION("IF(EQ($B61, 0), TO_PERCENT(0), TO_PERCENT($C61/$B61))"),0.0) -> 0 | E61: =COUNTIFS('Season 1 - MatchHistory'!$B:$B, $A61, 'Season 1 - MatchHistory'!$C:$C, "Mafia") -> 0 | F61: =COUNTIFS('Season 1 - MatchHistory'!$B:$B, $A61, 'Season 1 - MatchHistory'!$C:$C, "Mafia", 'Season 1 - MatchHistory'!$D:$D, "Win") -> 0 | G61: =IFERROR(__xludf.DUMMYFUNCTION("TO_PERCENT(IFERROR($F61/$E61, 0))"),0.0) -> 0 | H61: =IFERROR(__xludf.DUMMYFUNCTION("TO_PERCENT(IFERROR(($F61+$C61)/($E61+$B61), 0))"),0.0) -> 0 | I61: {=INDEX('Season 1 - MatchHistory'!$G:$G,MATCH(1,('Season 1 - MatchHistory'!$B:$B=$A61)*('Season 1 - MatchHistory'!$G:$G<>""),0))} -> 24.417632 | J61: {=INDEX('Season 1 - MatchHistory'!$H:$H,MATCH(1,('Season 1 - MatchHistory'!$B:$B=$A61)*('Season 1 - MatchHistory'!$H:$H<>""),0))} -> 8.288468 | K61: {=INDEX('Season 1 - MatchHistory'!$J:$J,MATCH(1,('Season 1 - MatchHistory'!$B:$B=$A61)*('Season 1 - MatchHistory'!$J:$J<>""),0))} -> 815
A62: Daniel | B62: =COUNTIFS('Season 1 - MatchHistory'!$B:$B, $A62, 'Season 1 - MatchHistory'!$C:$C, "Town") -> 1 | C62: =COUNTIFS('Season 1 - MatchHistory'!B:B, A62, 'Season 1 - MatchHistory'!C:C, "Town", 'Season 1 - MatchHistory'!D:D, "Win") -> 0 | D62: =IFERROR(__xludf.DUMMYFUNCTION("IF(EQ($B62, 0), TO_PERCENT(0), TO_PERCENT($C62/$B62))"),0.0) -> 0 | E62: =COUNTIFS('Season 1 - MatchHistory'!$B:$B, $A62, 'Season 1 - MatchHistory'!$C:$C, "Mafia") -> 0 | F62: =COUNTIFS('Season 1 - MatchHistory'!$B:$B, $A62, 'Season 1 - MatchHistory'!$C:$C, "Mafia", 'Season 1 - MatchHistory'!$D:$D, "Win") -> 0 | G62: =IFERROR(__xludf.DUMMYFUNCTION("TO_PERCENT(IFERROR($F62/$E62, 0))"),0.0) -> 0 | H62: =IFERROR(__xludf.DUMMYFUNCTION("TO_PERCENT(IFERROR(($F62+$C62)/($E62+$B62), 0))"),0.0) -> 0 | I62: {=INDEX('Season 1 - MatchHistory'!$G:$G,MATCH(1,('Season 1 - MatchHistory'!$B:$B=$A62)*('Season 1 - MatchHistory'!$G:$G<>""),0))} -> 24.407956 | J62: {=INDEX('Season 1 - MatchHistory'!$H:$H,MATCH(1,('Season 1 - MatchHistory'!$B:$B=$A62)*('Season 1 - MatchHistory'!$H:$H<>""),0))} -> 8.2871697 | K62: {=INDEX('Season 1 - MatchHistory'!$J:$J,MATCH(1,('Season 1 - MatchHistory'!$B:$B=$A62)*('Season 1 - MatchHistory'!$J:$J<>""),0))} -> 814
A63: Yuzu | B63: =COUNTIFS('Season 1 - MatchHistory'!$B:$B, $A63, 'Season 1 - MatchHistory'!$C:$C, "Town") -> 1 | C63: =COUNTIFS('Season 1 - MatchHistory'!B:B, A63, 'Season 1 - MatchHistory'!C:C, "Town", 'Season 1 - MatchHistory'!D:D, "Win") -> 0 | D63: =IFERROR(__xludf.DUMMYFUNCTION("IF(EQ($B63, 0), TO_PERCENT(0), TO_PERCENT($C63/$B63))"),0.0) -> 0 | E63: =COUNTIFS('Season 1 - MatchHistory'!$B:$B, $A63, 'Season 1 - MatchHistory'!$C:$C, "Mafia") -> 0 | F63: =COUNTIFS('Season 1 - MatchHistory'!$B:$B, $A63, 'Season 1 - MatchHistory'!$C:$C, "Mafia", 'Season 1 - MatchHistory'!$D:$D, "Win") -> 0 | G63: =IFERROR(__xludf.DUMMYFUNCTION("TO_PERCENT(IFERROR($F63/$E63, 0))"),0.0) -> 0 | H63: =IFERROR(__xludf.DUMMYFUNCTION("TO_PERCENT(IFERROR(($F63+$C63)/($E63+$B63), 0))"),0.0) -> 0 | I63: {=INDEX('Season 1 - MatchHistory'!$G:$G,MATCH(1,('Season 1 - MatchHistory'!$B:$B=$A63)*('Season 1 - MatchHistory'!$G:$G<>""),0))} -> 24.407956 | J63: {=INDEX('Season 1 - MatchHistory'!$H:$H,MATCH(1,('Season 1 - MatchHistory'!$B:$B=$A63)*('Season 1 - MatchHistory'!$H:$H<>""),0))} -> 8.2871697 | K63: {=INDEX('Season 1 - MatchHistory'!$J:$J,MATCH(1,('Season 1 - MatchHistory'!$B:$B=$A63)*('Season 1 - MatchHistory'!$J:$J<>""),0))} -> 814
A64: Drim | B64: =COUNTIFS('Season 1 - MatchHistory'!$B:$B, $A64, 'Season 1 - MatchHistory'!$C:$C, "Town") -> 1 | C64: =COUNTIFS('Season 1 - MatchHistory'!B:B, A64, 'Season 1 - MatchHistory'!C:C, "Town", 'Season 1 - MatchHistory'!D:D, "Win") -> 0 | D64: =IFERROR(__xludf.DUMMYFUNCTION("IF(EQ($B64, 0), TO_PERCENT(0), TO_PERCENT($C64/$B64))"),0.0) -> 0 | E64: =COUNTIFS('Season 1 - MatchHistory'!$B:$B, $A64, 'Season 1 - MatchHistory'!$C:$C, "Mafia") -> 0 | F64: =COUNTIFS('Season 1 - MatchHistory'!$B:$B, $A64, 'Season 1 - MatchHistory'!$C:$C, "Mafia", 'Season 1 - MatchHistory'!$D:$D, "Win") -> 0 | G64: =IFERROR(__xludf.DUMMYFUNCTION("TO_PERCENT(IFERROR($F64/$E64, 0))"),0.0) -> 0 | H64: =IFERROR(__xludf.DUMMYFUNCTION("TO_PERCENT(IFERROR(($F64+$C64)/($E64+$B64), 0))"),0.0) -> 0 | I64: {=INDEX('Season 1 - MatchHistory'!$G:$G,MATCH(1,('Season 1 - MatchHistory'!$B:$B=$A64)*('Season 1 - MatchHistory'!$G:$G<>""),0))} -> 24.407956 | J64: {=INDEX('Season 1 - MatchHistory'!$H:$H,MATCH(1,('Season 1 - MatchHistory'!$B:$B=$A64)*('Season 1 - MatchHistory'!$H:$H<>""),0))} -> 8.2871697 | K64: {=INDEX('Season 1 - MatchHistory'!$J:$J,MATCH(1,('Season 1 - MatchHistory'!$B:$B=$A64)*('Season 1 - MatchHistory'!$J:$J<>""),0))} -> 814
A65: Emo | B65: =COUNTIFS('Season 1 - MatchHistory'!$B:$B, $A65, 'Season 1 - MatchHistory'!$C:$C, "Town") -> 1 | C65: =COUNTIFS('Season 1 - MatchHistory'!B:B, A65, 'Season 1 - MatchHistory'!C:C, "Town", 'Season 1 - MatchHistory'!D:D, "Win") -> 0 | D65: =IFERROR(__xludf.DUMMYFUNCTION("TO_PERCENT(IFERROR($C65/$B65, 0))"),0.0) -> 0 | E65: =COUNTIFS('Season 1 - MatchHistory'!$B:$B, $A65, 'Season 1 - MatchHistory'!$C:$C, "Mafia") -> 0 | F65: =COUNTIFS('Season 1 - MatchHistory'!$B:$B, $A65, 'Season 1 - MatchHistory'!$C:$C, "Mafia", 'Season 1 - MatchHistory'!$D:$D, "Win") -> 0 | G65: =IFERROR(__xludf.DUMMYFUNCTION("TO_PERCENT(IFERROR($F65/$E65, 0))"),0.0) -> 0 | H65: =IFERROR(__xludf.DUMMYFUNCTION("TO_PERCENT(IFERROR(($F65+$C65)/($E65+$B65), 0))"),0.0) -> 0 | I65: {=INDEX('Season 1 - MatchHistory'!$G:$G,MATCH(1,('Season 1 - MatchHistory'!$B:$B=$A65)*('Season 1 - MatchHistory'!$G:$G<>""),0))} -> 24.39282 | J65: {=INDEX('Season 1 - MatchHistory'!$H:$H,MATCH(1,('Season 1 - MatchHistory'!$B:$B=$A65)*('Season 1 - MatchHistory'!$H:$H<>""),0))} -> 8.2865139 | K65: {=INDEX('Season 1 - MatchHistory'!$J:$J,MATCH(1,('Season 1 - MatchHistory'!$B:$B=$A65)*('Season 1 - MatchHistory'!$J:$J<>""),0))} -> 813
A66: Tambo | B66: =COUNTIFS('Season 1 - MatchHistory'!$B:$B, $A66, 'Season 1 - MatchHistory'!$C:$C, "Town") -> 1 | C66: =COUNTIFS('Season 1 - MatchHistory'!B:B, A66, 'Season 1 - MatchHistory'!C:C, "Town", 'Season 1 - MatchHistory'!D:D, "Win") -> 0 | D66: =IFERROR(__xludf.DUMMYFUNCTION("IF(EQ($B66, 0), TO_PERCENT(0), TO_PERCENT($C66/$B66))"),0.0) -> 0 | E66: =COUNTIFS('Season 1 - MatchHistory'!$B:$B, $A66, 'Season 1 - MatchHistory'!$C:$C, "Mafia") -> 0 | F66: =COUNTIFS('Season 1 - MatchHistory'!$B:$B, $A66, 'Season 1 - MatchHistory'!$C:$C, "Mafia", 'Season 1 - MatchHistory'!$D:$D, "Win") -> 0 | G66: =IFERROR(__xludf.DUMMYFUNCTION("TO_PERCENT(IFERROR($F66/$E66, 0))"),0.0) -> 0 | H66: =IFERROR(__xludf.DUMMYFUNCTION("TO_PERCENT(IFERROR(($F66+$C66)/($E66+$B66), 0))"),0.0) -> 0 | I66: {=INDEX('Season 1 - MatchHistory'!$G:$G,MATCH(1,('Season 1 - MatchHistory'!$B:$B=$A66)*('Season 1 - MatchHistory'!$G:$G<>""),0))} -> 24.289404 | J66: {=INDEX('Season 1 - MatchHistory'!$H:$H,MATCH(1,('Season 1 - MatchHistory'!$B:$B=$A66)*('Season 1 - MatchHistory'!$H:$H<>""),0))} -> 8.2871598 | K66: {=INDEX('Season 1 - MatchHistory'!$J:$J,MATCH(1,('Season 1 - MatchHistory'!$B:$B=$A66)*('Season 1 - MatchHistory'!$J:$J<>""),0))} -> 806
