Workbook

Sheet Introduction
A1: Welcome to the ELO Mafia Rankings Leaderboard!
A3: How to use this sheet: Start with the Stats Summary tab. This will give you your win rates, your 'sigma' and 'mu' (see FAQ) and, most importantly, your Elo. The FAQ explains how the ratings are calculated, among other things, so if you want to figure out how to reverse engineer everything head over there to take a look. The MatchHistory tab shows how your stats are calculated on a game-by-game basis. The MafiaRatings tab is where we calculate your 'sigma' and 'mu', but probably isn't terribly useful unless you're really interested in getting down into the fine details.
A12: FAQ
A19: If you find an error, like two rankings for the same player, etc., tell Brown Kow in Discord

Sheet Stats Summary
A1: Name | B1: Town Games | C1: Town Wins | D1: Town % | E1: Town Win % | F1: Mafia Games | G1: Mafia Wins | H1: Mafia % | I1: Mafia Win % | J1: Total Games | K1: Total Win % | L1: Mu | M1: Sigma | N1: Rating
A2: Rocker | B2: =COUNTIFS(MatchHistory!$B:$B, $A2, MatchHistory!$C:$C, "Town") | C2: =COUNTIFS(MatchHistory!B:B, A2, MatchHistory!C:C, "Town", MatchHistory!D:D, "Win") | D2: =IFERROR(__xludf.DUMMYFUNCTION("TO_PERCENT($B2/$J2)"),0.7777777777777778) | E2: =IFERROR(__xludf.DUMMYFUNCTION("IF(EQ($B2, 0), TO_PERCENT(0), TO_PERCENT($C2/$B2))"),0.5714285714285714) | F2: =COUNTIFS(MatchHistory!$B:$B, $A2, MatchHistory!$C:$C, "Mafia") | G2: =COUNTIFS(MatchHistory!$B:$B, $A2, MatchHistory!$C:$C, "Mafia", MatchHistory!$D:$D, "Win") | H2: =IFERROR(__xludf.DUMMYFUNCTION("TO_PERCENT($F2/$J2)"),0.2222222222222222) | I2: =IFERROR(__xludf.DUMMYFUNCTION("TO_PERCENT(IFERROR($G2/$F2, 0))"),0.625) | J2: =SUM(F2, B2) | K2: =IFERROR(__xludf.DUMMYFUNCTION("TO_PERCENT(IFERROR(($G2+$C2)/($F2+$B2), 0))"),0.5833333333333334) | L2: {=INDEX(MatchHistory!$G:$G,MATCH(1,(MatchHistory!$B:$B=$A2)*(MatchHistory!$G:$G<>""),0))} | M2: {=INDEX(MatchHistory!$H:$H,MATCH(1,(MatchHistory!$B:$B=$A2)*(MatchHistory!$H:$H<>""),0))} | N2: {=INDEX(MatchHistory!$J:$J,MATCH(1,(MatchHistory!$B:$B=$A2)*(MatchHistory!$J:$J<>""),0))}
A3: Cyclone | B3: =COUNTIFS(MatchHistory!$B:$B, $A3, MatchHistory!$C:$C, "Town") | C3: =COUNTIFS(MatchHistory!B:B, A3, MatchHistory!C:C, "Town", MatchHistory!D:D, "Win") | D3: =IFERROR(__xludf.DUMMYFUNCTION("TO_PERCENT($B3/$J3)"),0.8095238095238095) | E3: =IFERROR(__xludf.DUMMYFUNCTION("IF(EQ($B3, 0), TO_PERCENT(0), TO_PERCENT($C3/$B3))"),0.7058823529411765) | F3: =COUNTIFS(MatchHistory!$B:$B, $A3, MatchHistory!$C:$C, "Mafia") | G3: =COUNTIFS(MatchHistory!$B:$B, $A3, MatchHistory!$C:$C, "Mafia", MatchHistory!$D:$D, "Win") | H3: =IFERROR(__xludf.DUMMYFUNCTION("TO_PERCENT($F3/$J3)"),0.19047619047619047) | I3: =IFERROR(__xludf.DUMMYFUNCTION("TO_PERCENT(IFERROR($G3/$F3, 0))"),1.0) | J3: =SUM(F3, B3) | K3: =IFERROR(__xludf.DUMMYFUNCTION("TO_PERCENT(IFERROR(($G3+$C3)/($F3+$B3), 0))"),0.7619047619047619) | L3: {=INDEX(MatchHistory!$G:$G,MATCH(1,(MatchHistory!$B:$B=$A3)*(MatchHistory!$G:$G<>""),0))} | M3: {=INDEX(MatchHistory!$H:$H,MATCH(1,(MatchHistory!$B:$B=$A3)*(MatchHistory!$H:$H<>""),0))} | N3: {=INDEX(MatchHistory!$J:$J,MATCH(1,(MatchHistory!$B:$B=$A3)*(MatchHistory!$J:$J<>""),0))}
A4: Laur | B4: =COUNTIFS(MatchHistory!$B:$B, $A4, MatchHistory!$C:$C, "Town") | C4: =COUNTIFS(MatchHistory!B:B, A4, MatchHistory!C:C, "Town", MatchHistory!D:D, "Win") | D4: =IFERROR(__xludf.DUMMYFUNCTION("TO_PERCENT($B4/$J4)"),0.8076923076923077) | E4: =IFERROR(__xludf.DUMMYFUNCTION("IF(EQ($B4, 0), TO_PERCENT(0), TO_PERCENT($C4/$B4))"),0.5476190476190477) | F4: =COUNTIFS(MatchHistory!$B:$B, $A4, MatchHistory!$C:$C, "Mafia") | G4: =COUNTIFS(MatchHistory!$B:$B, $A4, MatchHistory!$C:$C, "Mafia", MatchHistory!$D:$D, "Win") | H4: =IFERROR(__xludf.DUMMYFUNCTION("TO_PERCENT($F4/$J4)"),0.19230769230769232) | I4: =IFERROR(__xludf.DUMMYFUNCTION("TO_PERCENT(IFERROR($G4/$F4, 0))"),0.7) | J4: =SUM(F4, B4) | K4: =IFERROR(__xludf.DUMMYFUNCTION("TO_PERCENT(IFERROR(($G4+$C4)/($F4+$B4), 0))"),0.5769230769230769) | L4: {=INDEX(MatchHistory!$G:$G,MATCH(1,(MatchHistory!$B:$B=$A4)*(MatchHistory!$G:$G<>""),0))} | M4: {=INDEX(MatchHistory!$H:$H,MATCH(1,(MatchHistory!$B:$B=$A4)*(MatchHistory!$H:$H<>""),0))} | N4: {=INDEX(MatchHistory!$J:$J,MATCH(1,(MatchHistory!$B:$B=$A4)*(MatchHistory!$J:$J<>""),0))}
A5: Rollo | B5: =COUNTIFS(MatchHistory!$B:$B, $A5, MatchHistory!$C:$C, "Town") | C5: =COUNTIFS(MatchHistory!B:B, A5, MatchHistory!C:C, "Town", MatchHistory!D:D, "Win") | D5: =IFERROR(__xludf.DUMMYFUNCTION("TO_PERCENT($B5/$J5)"),0.7058823529411765) | E5: =IFERROR(__xludf.DUMMYFUNCTION("IF(EQ($B5, 0), TO_PERCENT(0), TO_PERCENT($C5/$B5))"),0.75) | F5: =COUNTIFS(MatchHistory!$B:$B, $A5, MatchHistory!$C:$C, "Mafia") | G5: =COUNTIFS(MatchHistory!$B:$B, $A5, MatchHistory!$C:$C, "Mafia", MatchHistory!$D:$D, "Win") | H5: =IFERROR(__xludf.DUMMYFUNCTION("TO_PERCENT($F5/$J5)"),0.29411764705882354) | I5: =IFERROR(__xludf.DUMMYFUNCTION("TO_PERCENT(IFERROR($G5/$F5, 0))"),0.5) | J5: =SUM(F5, B5) | K5: =IFERROR(__xludf.DUMMYFUNCTION("TO_PERCENT(IFERROR(($G5+$C5)/($F5+$B5), 0))"),0.6764705882352942) | L5: {=INDEX(MatchHistory!$G:$G,MATCH(1,(MatchHistory!$B:$B=$A5)*(MatchHistory!$G:$G<>""),0))} | M5: {=INDEX(MatchHistory!$H:$H,MATCH(1,(MatchHistory!$B:$B=$A5)*(MatchHistory!$H:$H<>""),0))} | N5: {=INDEX(MatchHistory!$J:$J,MATCH(1,(MatchHistory!$B:$B=$A5)*(MatchHistory!$J:$J<>""),0))}
A6: Creatchee | B6: =COUNTIFS(MatchHistory!$B:$B, $A6, MatchHistory!$C:$C, "Town") | C6: =COUNTIFS(MatchHistory!B:B, A6, MatchHistory!C:C, "Town", MatchHistory!D:D, "Win") | D6: =IFERROR(__xludf.DUMMYFUNCTION("TO_PERCENT($B6/$J6)"),0.875) | E6: =IFERROR(__xludf.DUMMYFUNCTION("IF(EQ($B6, 0), TO_PERCENT(0), TO_PERCENT($C6/$B6))"),0.7142857142857143) | F6: =COUNTIFS(MatchHistory!$B:$B, $A6, MatchHistory!$C:$C, "Mafia") | G6: =COUNTIFS(MatchHistory!$B:$B, $A6, MatchHistory!$C:$C, "Mafia", MatchHistory!$D:$D, "Win") | H6: =IFERROR(__xludf.DUMMYFUNCTION("TO_PERCENT($F6/$J6)"),0.125) | I6: =IFERROR(__xludf.DUMMYFUNCTION("TO_PERCENT(IFERROR($G6/$F6, 0))"),0.6666666666666666) | J6: =SUM(F6, B6) | K6: =IFERROR(__xludf.DUMMYFUNCTION("TO_PERCENT(IFERROR(($G6+$C6)/($F6+$B6), 0))"),0.7083333333333334) | L6: {=INDEX(MatchHistory!$G:$G,MATCH(1,(MatchHistory!$B:$B=$A6)*(MatchHistory!$G:$G<>""),0))} | M6: {=INDEX(MatchHistory!$H:$H,MATCH(1,(MatchHistory!$B:$B=$A6)*(MatchHistory!$H:$H<>""),0))} | N6: {=INDEX(MatchHistory!$J:$J,MATCH(1,(MatchHistory!$B:$B=$A6)*(MatchHistory!$J:$J<>""),0))}
A7: Noah | B7: =COUNTIFS(MatchHistory!$B:$B, $A7, MatchHistory!$C:$C, "Town") | C7: =COUNTIFS(MatchHistory!B:B, A7, MatchHistory!C:C, "Town", MatchHistory!D:D, "Win") | D7: =IFERROR(__xludf.DUMMYFUNCTION("TO_PERCENT($B7/$J7)"),0.6842105263157895) | E7: =IFERROR(__xludf.DUMMYFUNCTION("IF(EQ($B7, 0), TO_PERCENT(0), TO_PERCENT($C7/$B7))"),0.5128205128205128) | F7: =COUNTIFS(MatchHistory!$B:$B, $A7, MatchHistory!$C:$C, "Mafia") | G7: =COUNTIFS(MatchHistory!$B:$B, $A7, MatchHistory!$C:$C, "Mafia", MatchHistory!$D:$D, "Win") | H7: =IFERROR(__xludf.DUMMYFUNCTION("TO_PERCENT($F7/$J7)"),0.3157894736842105) | I7: =IFERROR(__xludf.DUMMYFUNCTION("TO_PERCENT(IFERROR($G7/$F7, 0))"),0.6666666666666666) | J7: =SUM(F7, B7) | K7: =IFERROR(__xludf.DUMMYFUNCTION("TO_PERCENT(IFERROR(($G7+$C7)/($F7+$B7), 0))"),0.5614035087719298) | L7: {=INDEX(MatchHistory!$G:$G,MATCH(1,(MatchHistory!$B:$B=$A7)*(MatchHistory!$G:$G<>""),0))} | M7: {=INDEX(MatchHistory!$H:$H,MATCH(1,(MatchHistory!$B:$B=$A7)*(MatchHistory!$H:$H<>""),0))} | N7: {=INDEX(MatchHistory!$J:$J,MATCH(1,(MatchHistory!$B:$B=$A7)*(MatchHistory!$J:$J<>""),0))}
A8: Streety | B8: =COUNTIFS(MatchHistory!$B:$B, $A8, MatchHistory!$C:$C, "Town") | C8: =COUNTIFS(MatchHistory!B:B, A8, MatchHistory!C:C, "Town", MatchHistory!D:D, "Win") | D8: =IFERROR(__xludf.DUMMYFUNCTION("TO_PERCENT($B8/$J8)"),0.8148148148148148) | E8: =IFERROR(__xludf.DUMMYFUNCTION("IF(EQ($B8, 0), TO_PERCENT(0), TO_PERCENT($C8/$B8))"),0.6363636363636364) | F8: =COUNTIFS(MatchHistory!$B:$B, $A8, MatchHistory!$C:$C, "Mafia") | G8: =COUNTIFS(MatchHistory!$B:$B, $A8, MatchHistory!$C:$C, "Mafia", MatchHistory!$D:$D, "Win") | H8: =IFERROR(__xludf.DUMMYFUNCTION("TO_PERCENT($F8/$J8)"),0.18518518518518517) | I8: =IFERROR(__xludf.DUMMYFUNCTION("TO_PERCENT(IFERROR($G8/$F8, 0))"),0.6) | J8: =SUM(F8, B8) | K8: =IFERROR(__xludf.DUMMYFUNCTION("TO_PERCENT(IFERROR(($G8+$C8)/($F8+$B8), 0))"),0.6296296296296297) | L8: {=INDEX(MatchHistory!$G:$G,MATCH(1,(MatchHistory!$B:$B=$A8)*(MatchHistory!$G:$G<>""),0))} | M8: {=INDEX(MatchHistory!$H:$H,MATCH(1,(MatchHistory!$B:$B=$A8)*(MatchHistory!$H:$H<>""),0))} | N8: {=INDEX(MatchHistory!$J:$J,MATCH(1,(MatchHistory!$B:$B=$A8)*(MatchHistory!$J:$J<>""),0))}
A9: Brownkow | B9: =COUNTIFS(MatchHistory!$B:$B, $A9, MatchHistory!$C:$C, "Town") | C9: =COUNTIFS(MatchHistory!B:B, A9, MatchHistory!C:C, "Town", MatchHistory!D:D, "Win") | D9: =IFERROR(__xludf.DUMMYFUNCTION("TO_PERCENT($B9/$J9)"),0.75) | E9: =IFERROR(__xludf.DUMMYFUNCTION("IF(EQ($B9, 0), TO_PERCENT(0), TO_PERCENT($C9/$B9))"),0.5555555555555556) | F9: =COUNTIFS(MatchHistory!$B:$B, $A9, MatchHistory!$C:$C, "Mafia") | G9: =COUNTIFS(MatchHistory!$B:$B, $A9, MatchHistory!$C:$C, "Mafia", MatchHistory!$D:$D, "Win") | H9: =IFERROR(__xludf.DUMMYFUNCTION("TO_PERCENT($F9/$J9)"),0.25) | I9: =IFERROR(__xludf.DUMMYFUNCTION("TO_PERCENT(IFERROR($G9/$F9, 0))"),0.5555555555555556) | J9: =SUM(F9, B9) | K9: =IFERROR(__xludf.DUMMYFUNCTION("TO_PERCENT(IFERROR(($G9+$C9)/($F9+$B9), 0))"),0.5555555555555556) | L9: {=INDEX(MatchHistory!$G:$G,MATCH(1,(MatchHistory!$B:$B=$A9)*(MatchHistory!$G:$G<>""),0))} | M9: {=INDEX(MatchHistory!$H:$H,MATCH(1,(MatchHistory!$B:$B=$A9)*(MatchHistory!$H:$H<>""),0))} | N9: {=INDEX(MatchHistory!$J:$J,MATCH(1,(MatchHistory!$B:$B=$A9)*(MatchHistory!$J:$J<>""),0))}
A10: Iln | B10: =COUNTIFS(MatchHistory!$B:$B, $A10, MatchHistory!$C:$C, "Town") | C10: =COUNTIFS(MatchHistory!B:B, A10, MatchHistory!C:C, "Town", MatchHistory!D:D, "Win") | D10: =IFERROR(__xludf.DUMMYFUNCTION("TO_PERCENT($B10/$J10)"),0.8333333333333334) | E10: =IFERROR(__xludf.DUMMYFUNCTION("IF(EQ($B10, 0), TO_PERCENT(0), TO_PERCENT($C10/$B10))"),0.45454545454545453) | F10: =COUNTIFS(MatchHistory!$B:$B, $A10, MatchHistory!$C:$C, "Mafia") | G10: =COUNTIFS(MatchHistory!$B:$B, $A10, MatchHistory!$C:$C, "Mafia", MatchHistory!$D:$D, "Win") | H10: =IFERROR(__xludf.DUMMYFUNCTION("TO_PERCENT($F10/$J10)"),0.16666666666666666) | I10: =IFERROR(__xludf.DUMMYFUNCTION("TO_PERCENT(IFERROR($G10/$F10, 0))"),0.6363636363636364) | J10: =SUM(F10, B10) | K10: =IFERROR(__xludf.DUMMYFUNCTION("TO_PERCENT(IFERROR(($G10+$C10)/($F10+$B10), 0))"),0.48484848484848486) | L10: {=INDEX(MatchHistory!$G:$G,MATCH(1,(MatchHistory!$B:$B=$A10)*(MatchHistory!$G:$G<>""),0))} | M10: {=INDEX(MatchHistory!$H:$H,MATCH(1,(MatchHistory!$B:$B=$A10)*(MatchHistory!$H:$H<>""),0))} | N10: {=INDEX(MatchHistory!$J:$J,MATCH(1,(MatchHistory!$B:$B=$A10)*(MatchHistory!$J:$J<>""),0))}
A11: Mintt | B11: =COUNTIFS(MatchHistory!$B:$B, $A11, MatchHistory!$C:$C, "Town") | C11: =COUNTIFS(MatchHistory!B:B, A11, MatchHistory!C:C, "Town", MatchHistory!D:D, "Win") | D11: =IFERROR(__xludf.DUMMYFUNCTION("TO_PERCENT($B11/$J11)"),0.8157894736842105) | E11: =IFERROR(__xludf.DUMMYFUNCTION("IF(EQ($B11, 0), TO_PERCENT(0), TO_PERCENT($C11/$B11))"),0.5483870967741935) | F11: =COUNTIFS(MatchHistory!$B:$B, $A11, MatchHistory!$C:$C, "Mafia") | G11: =COUNTIFS(MatchHistory!$B:$B, $A11, MatchHistory!$C:$C, "Mafia", MatchHistory!$D:$D, "Win") | H11: =IFERROR(__xludf.DUMMYFUNCTION("TO_PERCENT($F11/$J11)"),0.18421052631578946) | I11: =IFERROR(__xludf.DUMMYFUNCTION("TO_PERCENT(IFERROR($G11/$F11, 0))"),0.5714285714285714) | J11: =SUM(F11, B11) | K11: =IFERROR(__xludf.DUMMYFUNCTION("TO_PERCENT(IFERROR(($G11+$C11)/($F11+$B11), 0))"),0.5526315789473685) | L11: {=INDEX(MatchHistory!$G:$G,MATCH(1,(MatchHistory!$B:$B=$A11)*(MatchHistory!$G:$G<>""),0))} | M11: {=INDEX(MatchHistory!$H:$H,MATCH(1,(MatchHistory!$B:$B=$A11)*(MatchHistory!$H:$H<>""),0))} | N11: {=INDEX(MatchHistory!$J:$J,MATCH(1,(MatchHistory!$B:$B=$A11)*(MatchHistory!$J:$J<>""),0))}
A12: Lou | B12: =COUNTIFS(MatchHistory!$B:$B, $A12, MatchHistory!$C:$C, "Town") | C12: =COUNTIFS(MatchHistory!B:B, A12, MatchHistory!C:C, "Town", MatchHistory!D:D, "Win") | D12: =IFERROR(__xludf.DUMMYFUNCTION("TO_PERCENT($B12/$J12)"),0.8275862068965517) | E12: =IFERROR(__xludf.DUMMYFUNCTION("IF(EQ($B12, 0), TO_PERCENT(0), TO_PERCENT($C12/$B12))"),0.5) | F12: =COUNTIFS(MatchHistory!$B:$B, $A12, MatchHistory!$C:$C, "Mafia") | G12: =COUNTIFS(MatchHistory!$B:$B, $A12, MatchHistory!$C:$C, "Mafia", MatchHistory!$D:$D, "Win") | H12: =IFERROR(__xludf.DUMMYFUNCTION("TO_PERCENT($F12/$J12)"),0.1724137931034483) | I12: =IFERROR(__xludf.DUMMYFUNCTION("TO_PERCENT(IFERROR($G12/$F12, 0))"),0.4) | J12: =SUM(F12, B12) | K12: =IFERROR(__xludf.DUMMYFUNCTION("TO_PERCENT(IFERROR(($G12+$C12)/($F12+$B12), 0))"),0.4827586206896552) | L12: {=INDEX(MatchHistory!$G:$G,MATCH(1,(MatchHistory!$B:$B=$A12)*(MatchHistory!$G:$G<>""),0))} | M12: {=INDEX(MatchHistory!$H:$H,MATCH(1,(MatchHistory!$B:$B=$A12)*(MatchHistory!$H:$H<>""),0))} | N12: {=INDEX(MatchHistory!$J:$J,MATCH(1,(MatchHistory!$B:$B=$A12)*(MatchHistory!$J:$J<>""),0))}
A13: Heckmuffins | B13: =COUNTIFS(MatchHistory!$B:$B, $A13, MatchHistory!$C:$C, "Town") | C13: =COUNTIFS(MatchHistory!B:B, A13, MatchHistory!C:C, "Town", MatchHistory!D:D, "Win") | D13: =IFERROR(__xludf.DUMMYFUNCTION("TO_PERCENT($B13/$J13)"),0.9) | E13: =IFERROR(__xludf.DUMMYFUNCTION("IF(EQ($B13, 0), TO_PERCENT(0), TO_PERCENT($C13/$B13))"),0.7777777777777778) | F13: =COUNTIFS(MatchHistory!$B:$B, $A13, MatchHistory!$C:$C, "Mafia") | G13: =COUNTIFS(MatchHistory!$B:$B, $A13, MatchHistory!$C:$C, "Mafia", MatchHistory!$D:$D, "Win") | H13: =IFERROR(__xludf.DUMMYFUNCTION("TO_PERCENT($F13/$J13)"),0.1) | I13: =IFERROR(__xludf.DUMMYFUNCTION("TO_PERCENT(IFERROR($G13/$F13, 0))"),1.0) | J13: =SUM(F13, B13) | K13: =IFERROR(__xludf.DUMMYFUNCTION("TO_PERCENT(IFERROR(($G13+$C13)/($F13+$B13), 0))"),0.8) | L13: {=INDEX(MatchHistory!$G:$G,MATCH(1,(MatchHistory!$B:$B=$A13)*(MatchHistory!$G:$G<>""),0))} | M13: {=INDEX(MatchHistory!$H:$H,MATCH(1,(MatchHistory!$B:$B=$A13)*(MatchHistory!$H:$H<>""),0))} | N13: {=INDEX(MatchHistory!$J:$J,MATCH(1,(MatchHistory!$B:$B=$A13)*(MatchHistory!$J:$J<>""),0))}
A14: Chester | B14: =COUNTIFS(MatchHistory!$B:$B, $A14, MatchHistory!$C:$C, "Town") | C14: =COUNTIFS(MatchHistory!B:B, A14, MatchHistory!C:C, "Town", MatchHistory!D:D, "Win") | D14: =IFERROR(__xludf.DUMMYFUNCTION("TO_PERCENT($B14/$J14)"),0.8214285714285714) | E14: =IFERROR(__xludf.DUMMYFUNCTION("IF(EQ($B14, 0), TO_PERCENT(0), TO_PERCENT($C14/$B14))"),0.5217391304347826) | F14: =COUNTIFS(MatchHistory!$B:$B, $A14, MatchHistory!$C:$C, "Mafia") | G14: =COUNTIFS(MatchHistory!$B:$B, $A14, MatchHistory!$C:$C, "Mafia", MatchHistory!$D:$D, "Win") | H14: =IFERROR(__xludf.DUMMYFUNCTION("TO_PERCENT($F14/$J14)"),0.17857142857142858) | I14: =IFERROR(__xludf.DUMMYFUNCTION("TO_PERCENT(IFERROR($G14/$F14, 0))"),0.8) | J14: =SUM(F14, B14) | K14: =IFERROR(__xludf.DUMMYFUNCTION("TO_PERCENT(IFERROR(($G14+$C14)/($F14+$B14), 0))"),0.5714285714285714) | L14: {=INDEX(MatchHistory!$G:$G,MATCH(1,(MatchHistory!$B:$B=$A14)*(MatchHistory!$G:$G<>""),0))} | M14: {=INDEX(MatchHistory!$H:$H,MATCH(1,(MatchHistory!$B:$B=$A14)*(MatchHistory!$H:$H<>""),0))} | N14: {=INDEX(MatchHistory!$J:$J,MATCH(1,(MatchHistory!$B:$B=$A14)*(MatchHistory!$J:$J<>""),0))}
A15: Josh | B15: =COUNTIFS(MatchHistory!$B:$B, $A15, MatchHistory!$C:$C, "Town") | C15: =COUNTIFS(MatchHistory!B:B, A15, MatchHistory!C:C, "Town", MatchHistory!D:D, "Win") | D15: =IFERROR(__xludf.DUMMYFUNCTION("TO_PERCENT($B15/$J15)"),0.7222222222222222) | E15: =IFERROR(__xludf.DUMMYFUNCTION("IF(EQ($B15, 0), TO_PERCENT(0), TO_PERCENT($C15/$B15))"),0.6923076923076923) | F15: =COUNTIFS(MatchHistory!$B:$B, $A15, MatchHistory!$C:$C, "Mafia") | G15: =COUNTIFS(MatchHistory!$B:$B, $A15, MatchHistory!$C:$C, "Mafia", MatchHistory!$D:$D, "Win") | H15: =IFERROR(__xludf.DUMMYFUNCTION("TO_PERCENT($F15/$J15)"),0.2777777777777778) | I15: =IFERROR(__xludf.DUMMYFUNCTION("TO_PERCENT(IFERROR($G15/$F15, 0))"),0.6) | J15: =SUM(F15, B15) | K15: =IFERROR(__xludf.DUMMYFUNCTION("TO_PERCENT(IFERROR(($G15+$C15)/($F15+$B15), 0))"),0.6666666666666666) | L15: {=INDEX(MatchHistory!$G:$G,MATCH(1,(MatchHistory!$B:$B=$A15)*(MatchHistory!$G:$G<>""),0))} | M15: {=INDEX(MatchHistory!$H:$H,MATCH(1,(MatchHistory!$B:$B=$A15)*(MatchHistory!$H:$H<>""),0))} | N15: {=INDEX(MatchHistory!$J:$J,MATCH(1,(MatchHistory!$B:$B=$A15)*(MatchHistory!$J:$J<>""),0))}
A16: Whyin | B16: =COUNTIFS(MatchHistory!$B:$B, $A16, MatchHistory!$C:$C, "Town") | C16: =COUNTIFS(MatchHistory!B:B, A16, MatchHistory!C:C, "Town", MatchHistory!D:D, "Win") | D16: =IFERROR(__xludf.DUMMYFUNCTION("TO_PERCENT($B16/$J16)"),0.75) | E16: =IFERROR(__xludf.DUMMYFUNCTION("IF(EQ($B16, 0), TO_PERCENT(0), TO_PERCENT($C16/$B16))"),0.5555555555555556) | F16: =COUNTIFS(MatchHistory!$B:$B, $A16, MatchHistory!$C:$C, "Mafia") | G16: =COUNTIFS(MatchHistory!$B:$B, $A16, MatchHistory!$C:$C, "Mafia", MatchHistory!$D:$D, "Win") | H16: =IFERROR(__xludf.DUMMYFUNCTION("TO_PERCENT($F16/$J16)"),0.25) | I16: =IFERROR(__xludf.DUMMYFUNCTION("TO_PERCENT(IFERROR($G16/$F16, 0))"),0.3333333333333333) | J16: =SUM(F16, B16) | K16: =IFERROR(__xludf.DUMMYFUNCTION("TO_PERCENT(IFERROR(($G16+$C16)/($F16+$B16), 0))"),0.5) | L16: {=INDEX(MatchHistory!$G:$G,MATCH(1,(MatchHistory!$B:$B=$A16)*(MatchHistory!$G:$G<>""),0))} | M16: {=INDEX(MatchHistory!$H:$H,MATCH(1,(MatchHistory!$B:$B=$A16)*(MatchHistory!$H:$H<>""),0))} | N16: {=INDEX(MatchHistory!$J:$J,MATCH(1,(MatchHistory!$B:$B=$A16)*(MatchHistory!$J:$J<>""),0))}
A17: Keegan | B17: =COUNTIFS(MatchHistory!$B:$B, $A17, MatchHistory!$C:$C, "Town") | C17: =COUNTIFS(MatchHistory!B:B, A17, MatchHistory!C:C, "Town", MatchHistory!D:D, "Win") | D17: =IFERROR(__xludf.DUMMYFUNCTION("TO_PERCENT($B17/$J17)"),0.8421052631578947) | E17: =IFERROR(__xludf.DUMMYFUNCTION("IF(EQ($B17, 0), TO_PERCENT(0), TO_PERCENT($C17/$B17))"),0.5625) | F17: =COUNTIFS(MatchHistory!$B:$B, $A17, MatchHistory!$C:$C, "Mafia") | G17: =COUNTIFS(MatchHistory!$B:$B, $A17, MatchHistory!$C:$C, "Mafia", MatchHistory!$D:$D, "Win") | H17: =IFERROR(__xludf.DUMMYFUNCTION("TO_PERCENT($F17/$J17)"),0.15789473684210525) | I17: =IFERROR(__xludf.DUMMYFUNCTION("TO_PERCENT(IFERROR($G17/$F17, 0))"),0.6666666666666666) | J17: =SUM(F17, B17) | K17: =IFERROR(__xludf.DUMMYFUNCTION("TO_PERCENT(IFERROR(($G17+$C17)/($F17+$B17), 0))"),0.5789473684210527) | L17: {=INDEX(MatchHistory!$G:$G,MATCH(1,(MatchHistory!$B:$B=$A17)*(MatchHistory!$G:$G<>""),0))} | M17: {=INDEX(MatchHistory!$H:$H,MATCH(1,(MatchHistory!$B:$B=$A17)*(MatchHistory!$H:$H<>""),0))} | N17: {=INDEX(MatchHistory!$J:$J,MATCH(1,(MatchHistory!$B:$B=$A17)*(MatchHistory!$J:$J<>""),0))}
A18: Strik3r | B18: =COUNTIFS(MatchHistory!$B:$B, $A18, MatchHistory!$C:$C, "Town") | C18: =COUNTIFS(MatchHistory!B:B, A18, MatchHistory!C:C, "Town", MatchHistory!D:D, "Win") | D18: =IFERROR(__xludf.DUMMYFUNCTION("TO_PERCENT($B18/$J18)"),0.75) | E18: =IFERROR(__xludf.DUMMYFUNCTION("IF(EQ($B18, 0), TO_PERCENT(0), TO_PERCENT($C18/$B18))"),0.3611111111111111) | F18: =COUNTIFS(MatchHistory!$B:$B, $A18, MatchHistory!$C:$C, "Mafia") | G18: =COUNTIFS(MatchHistory!$B:$B, $A18, MatchHistory!$C:$C, "Mafia", MatchHistory!$D:$D, "Win") | H18: =IFERROR(__xludf.DUMMYFUNCTION("TO_PERCENT($F18/$J18)"),0.25) | I18: =IFERROR(__xludf.DUMMYFUNCTION("TO_PERCENT(IFERROR($G18/$F18, 0))"),0.6666666666666666) | J18: =SUM(F18, B18) | K18: =IFERROR(__xludf.DUMMYFUNCTION("TO_PERCENT(IFERROR(($G18+$C18)/($F18+$B18), 0))"),0.4375) | L18: {=INDEX(MatchHistory!$G:$G,MATCH(1,(MatchHistory!$B:$B=$A18)*(MatchHistory!$G:$G<>""),0))} | M18: {=INDEX(MatchHistory!$H:$H,MATCH(1,(MatchHistory!$B:$B=$A18)*(MatchHistory!$H:$H<>""),0))} | N18: {=INDEX(MatchHistory!$J:$J,MATCH(1,(MatchHistory!$B:$B=$A18)*(MatchHistory!$J:$J<>""),0))}
A19: Siggy | B19: =COUNTIFS(MatchHistory!$B:$B, $A19, MatchHistory!$C:$C, "Town") | C19: =COUNTIFS(MatchHistory!B:B, A19, MatchHistory!C:C, "Town", MatchHistory!D:D, "Win") | D19: =IFERROR(__xludf.DUMMYFUNCTION("TO_PERCENT($B19/$J19)"),0.7142857142857143) | E19: =IFERROR(__xludf.DUMMYFUNCTION("IF(EQ($B19, 0), TO_PERCENT(0), TO_PERCENT($C19/$B19))"),0.7) | F19: =COUNTIFS(MatchHistory!$B:$B, $A19, MatchHistory!$C:$C, "Mafia") | G19: =COUNTIFS(MatchHistory!$B:$B, $A19, MatchHistory!$C:$C, "Mafia", MatchHistory!$D:$D, "Win") | H19: =IFERROR(__xludf.DUMMYFUNCTION("TO_PERCENT($F19/$J19)"),0.2857142857142857) | I19: =IFERROR(__xludf.DUMMYFUNCTION("TO_PERCENT(IFERROR($G19/$F19, 0))"),0.5) | J19: =SUM(F19, B19) | K19: =IFERROR(__xludf.DUMMYFUNCTION("TO_PERCENT(IFERROR(($G19+$C19)/($F19+$B19), 0))"),0.6428571428571429) | L19: {=INDEX(MatchHistory!$G:$G,MATCH(1,(MatchHistory!$B:$B=$A19)*(MatchHistory!$G:$G<>""),0))} | M19: {=INDEX(MatchHistory!$H:$H,MATCH(1,(MatchHistory!$B:$B=$A19)*(MatchHistory!$H:$H<>""),0))} | N19: {=INDEX(MatchHistory!$J:$J,MATCH(1,(MatchHistory!$B:$B=$A19)*(MatchHistory!$J:$J<>""),0))}
A20: Chipper | B20: =COUNTIFS(MatchHistory!$B:$B, $A20, MatchHistory!$C:$C, "Town") | C20: =COUNTIFS(MatchHistory!B:B, A20, MatchHistory!C:C, "Town", MatchHistory!D:D, "Win") | D20: =IFERROR(__xludf.DUMMYFUNCTION("TO_PERCENT($B20/$J20)"),0.7727272727272727) | E20: =IFERROR(__xludf.DUMMYFUNCTION("IF(EQ($B20, 0), TO_PERCENT(0), TO_PERCENT($C20/$B20))"),0.4117647058823529) | F20: =COUNTIFS(MatchHistory!$B:$B, $A20, MatchHistory!$C:$C, "Mafia") | G20: =COUNTIFS(MatchHistory!$B:$B, $A20, MatchHistory!$C:$C, "Mafia", MatchHistory!$D:$D, "Win") | H20: =IFERROR(__xludf.DUMMYFUNCTION("TO_PERCENT($F20/$J20)"),0.22727272727272727) | I20: =IFERROR(__xludf.DUMMYFUNCTION("TO_PERCENT(IFERROR($G20/$F20, 0))"),0.5) | J20: =SUM(F20, B20) | K20: =IFERROR(__xludf.DUMMYFUNCTION("TO_PERCENT(IFERROR(($G20+$C20)/($F20+$B20), 0))"),0.4318181818181818) | L20: {=INDEX(MatchHistory!$G:$G,MATCH(1,(MatchHistory!$B:$B=$A20)*(MatchHistory!$G:$G<>""),0))} | M20: {=INDEX(MatchHistory!$H:$H,MATCH(1,(MatchHistory!$B:$B=$A20)*(MatchHistory!$H:$H<>""),0))} | N20: {=INDEX(MatchHistory!$J:$J,MATCH(1,(MatchHistory!$B:$B=$A20)*(MatchHistory!$J:$J<>""),0))}
A21: Carson | B21: =COUNTIFS(MatchHistory!$B:$B, $A21, MatchHistory!$C:$C, "Town") | C21: =COUNTIFS(MatchHistory!B:B, A21, MatchHistory!C:C, "Town", MatchHistory!D:D, "Win") | D21: =IFERROR(__xludf.DUMMYFUNCTION("TO_PERCENT($B21/$J21)"),0.8333333333333334) | E21: =IFERROR(__xludf.DUMMYFUNCTION("IF(EQ($B21, 0), TO_PERCENT(0), TO_PERCENT($C21/$B21))"),0.4888888888888889) | F21: =COUNTIFS(MatchHistory!$B:$B, $A21, MatchHistory!$C:$C, "Mafia") | G21: =COUNTIFS(MatchHistory!$B:$B, $A21, MatchHistory!$C:$C, "Mafia", MatchHistory!$D:$D, "Win") | H21: =IFERROR(__xludf.DUMMYFUNCTION("TO_PERCENT($F21/$J21)"),0.16666666666666666) | I21: =IFERROR(__xludf.DUMMYFUNCTION("TO_PERCENT(IFERROR($G21/$F21, 0))"),0.3333333333333333) | J21: =SUM(F21, B21) | K21: =IFERROR(__xludf.DUMMYFUNCTION("TO_PERCENT(IFERROR(($G21+$C21)/($F21+$B21), 0))"),0.46296296296296297) | L21: {=INDEX(MatchHistory!$G:$G,MATCH(1,(MatchHistory!$B:$B=$A21)*(MatchHistory!$G:$G<>""),0))} | M21: {=INDEX(MatchHistory!$H:$H,MATCH(1,(MatchHistory!$B:$B=$A21)*(MatchHistory!$H:$H<>""),0))} | N21: {=INDEX(MatchHistory!$J:$J,MATCH(1,(MatchHistory!$B:$B=$A21)*(MatchHistory!$J:$J<>""),0))}
A22: Xcync | B22: =COUNTIFS(MatchHistory!$B:$B, $A22, MatchHistory!$C:$C, "Town") | C22: =COUNTIFS(MatchHistory!B:B, A22, MatchHistory!C:C, "Town", MatchHistory!D:D, "Win") | D22: =IFERROR(__xludf.DUMMYFUNCTION("TO_PERCENT($B22/$J22)"),0.7142857142857143) | E22: =IFERROR(__xludf.DUMMYFUNCTION("IF(EQ($B22, 0), TO_PERCENT(0), TO_PERCENT($C22/$B22))"),0.7) | F22: =COUNTIFS(MatchHistory!$B:$B, $A22, MatchHistory!$C:$C, "Mafia") | G22: =COUNTIFS(MatchHistory!$B:$B, $A22, MatchHistory!$C:$C, "Mafia", MatchHistory!$D:$D, "Win") | H22: =IFERROR(__xludf.DUMMYFUNCTION("TO_PERCENT($F22/$J22)"),0.2857142857142857) | I22: =IFERROR(__xludf.DUMMYFUNCTION("TO_PERCENT(IFERROR($G22/$F22, 0))"),0.5) | J22: =SUM(F22, B22) | K22: =IFERROR(__xludf.DUMMYFUNCTION("TO_PERCENT(IFERROR(($G22+$C22)/($F22+$B22), 0))"),0.6428571428571429) | L22: {=INDEX(MatchHistory!$G:$G,MATCH(1,(MatchHistory!$B:$B=$A22)*(MatchHistory!$G:$G<>""),0))} | M22: {=INDEX(MatchHistory!$H:$H,MATCH(1,(MatchHistory!$B:$B=$A22)*(MatchHistory!$H:$H<>""),0))} | N22: {=INDEX(MatchHistory!$J:$J,MATCH(1,(MatchHistory!$B:$B=$A22)*(MatchHistory!$J:$J<>""),0))}
A23: Cj | B23: =COUNTIFS(MatchHistory!$B:$B, $A23, MatchHistory!$C:$C, "Town") | C23: =COUNTIFS(MatchHistory!B:B, A23, MatchHistory!C:C, "Town", MatchHistory!D:D, "Win") | D23: =IFERROR(__xludf.DUMMYFUNCTION("TO_PERCENT($B23/$J23)"),0.8333333333333334) | E23: =IFERROR(__xludf.DUMMYFUNCTION("IF(EQ($B23, 0), TO_PERCENT(0), TO_PERCENT($C23/$B23))"),0.5333333333333333) | F23: =COUNTIFS(MatchHistory!$B:$B, $A23, MatchHistory!$C:$C, "Mafia") | G23: =COUNTIFS(MatchHistory!$B:$B, $A23, MatchHistory!$C:$C, "Mafia", MatchHistory!$D:$D, "Win") | H23: =IFERROR(__xludf.DUMMYFUNCTION("TO_PERCENT($F23/$J23)"),0.16666666666666666) | I23: =IFERROR(__xludf.DUMMYFUNCTION("TO_PERCENT(IFERROR($G23/$F23, 0))"),0.3333333333333333) | J23: =SUM(F23, B23) | K23: =IFERROR(__xludf.DUMMYFUNCTION("TO_PERCENT(IFERROR(($G23+$C23)/($F23+$B23), 0))"),0.5) | L23: {=INDEX(MatchHistory!$G:$G,MATCH(1,(MatchHistory!$B:$B=$A23)*(MatchHistory!$G:$G<>""),0))} | M23: {=INDEX(MatchHistory!$H:$H,MATCH(1,(MatchHistory!$B:$B=$A23)*(MatchHistory!$H:$H<>""),0))} | N23: {=INDEX(MatchHistory!$J:$J,MATCH(1,(MatchHistory!$B:$B=$A23)*(MatchHistory!$J:$J<>""),0))}
A24: Svaan | B24: =COUNTIFS(MatchHistory!$B:$B, $A24, MatchHistory!$C:$C, "Town") | C24: =COUNTIFS(MatchHistory!B:B, A24, MatchHistory!C:C, "Town", MatchHistory!D:D, "Win") | D24: =IFERROR(__xludf.DUMMYFUNCTION("TO_PERCENT($B24/$J24)"),0.7368421052631579) | E24: =IFERROR(__xludf.DUMMYFUNCTION("IF(EQ($B24, 0), TO_PERCENT(0), TO_PERCENT($C24/$B24))"),0.5714285714285714) | F24: =COUNTIFS(MatchHistory!$B:$B, $A24, MatchHistory!$C:$C, "Mafia") | G24: =COUNTIFS(MatchHistory!$B:$B, $A24, MatchHistory!$C:$C, "Mafia", MatchHistory!$D:$D, "Win") | H24: =IFERROR(__xludf.DUMMYFUNCTION("TO_PERCENT($F24/$J24)"),0.2631578947368421) | I24: =IFERROR(__xludf.DUMMYFUNCTION("TO_PERCENT(IFERROR($G24/$F24, 0))"),0.6) | J24: =SUM(F24, B24) | K24: =IFERROR(__xludf.DUMMYFUNCTION("TO_PERCENT(IFERROR(($G24+$C24)/($F24+$B24), 0))"),0.5789473684210527) | L24: {=INDEX(MatchHistory!$G:$G,MATCH(1,(MatchHistory!$B:$B=$A24)*(MatchHistory!$G:$G<>""),0))} | M24: {=INDEX(MatchHistory!$H:$H,MATCH(1,(MatchHistory!$B:$B=$A24)*(MatchHistory!$H:$H<>""),0))} | N24: {=INDEX(MatchHistory!$J:$J,MATCH(1,(MatchHistory!$B:$B=$A24)*(MatchHistory!$J:$J<>""),0))}
A25: Rick | B25: =COUNTIFS(MatchHistory!$B:$B, $A25, MatchHistory!$C:$C, "Town") | C25: =COUNTIFS(MatchHistory!B:B, A25, MatchHistory!C:C, "Town", MatchHistory!D:D, "Win") | D25: =IFERROR(__xludf.DUMMYFUNCTION("TO_PERCENT($B25/$J25)"),0.6875) | E25: =IFERROR(__xludf.DUMMYFUNCTION("IF(EQ($B25, 0), TO_PERCENT(0), TO_PERCENT($C25/$B25))"),0.45454545454545453) | F25: =COUNTIFS(MatchHistory!$B:$B, $A25, MatchHistory!$C:$C, "Mafia") | G25: =COUNTIFS(MatchHistory!$B:$B, $A25, MatchHistory!$C:$C, "Mafia", MatchHistory!$D:$D, "Win") | H25: =IFERROR(__xludf.DUMMYFUNCTION("TO_PERCENT($F25/$J25)"),0.3125) | I25: =IFERROR(__xludf.DUMMYFUNCTION("TO_PERCENT(IFERROR($G25/$F25, 0))"),1.0) | J25: =SUM(F25, B25) | K25: =IFERROR(__xludf.DUMMYFUNCTION("TO_PERCENT(IFERROR(($G25+$C25)/($F25+$B25), 0))"),0.625) | L25: {=INDEX(MatchHistory!$G:$G,MATCH(1,(MatchHistory!$B:$B=$A25)*(MatchHistory!$G:$G<>""),0))} | M25: {=INDEX(MatchHistory!$H:$H,MATCH(1,(MatchHistory!$B:$B=$A25)*(MatchHistory!$H:$H<>""),0))} | N25: {=INDEX(MatchHistory!$J:$J,MATCH(1,(MatchHistory!$B:$B=$A25)*(MatchHistory!$J:$J<>""),0))}
A26: Chelsea | B26: =COUNTIFS(MatchHistory!$B:$B, $A26, MatchHistory!$C:$C, "Town") | C26: =COUNTIFS(MatchHistory!B:B, A26, MatchHistory!C:C, "Town", MatchHistory!D:D, "Win") | D26: =IFERROR(__xludf.DUMMYFUNCTION("TO_PERCENT($B26/$J26)"),0.8181818181818182) | E26: =IFERROR(__xludf.DUMMYFUNCTION("IF(EQ($B26, 0), TO_PERCENT(0), TO_PERCENT($C26/$B26))"),0.6111111111111112) | F26: =COUNTIFS(MatchHistory!$B:$B, $A26, MatchHistory!$C:$C, "Mafia") | G26: =COUNTIFS(MatchHistory!$B:$B, $A26, MatchHistory!$C:$C, "Mafia", MatchHistory!$D:$D, "Win") | H26: =IFERROR(__xludf.DUMMYFUNCTION("TO_PERCENT($F26/$J26)"),0.18181818181818182) | I26: =IFERROR(__xludf.DUMMYFUNCTION("TO_PERCENT(IFERROR($G26/$F26, 0))"),0.0) | J26: =SUM(F26, B26) | K26: =IFERROR(__xludf.DUMMYFUNCTION("TO_PERCENT(IFERROR(($G26+$C26)/($F26+$B26), 0))"),0.5) | L26: {=INDEX(MatchHistory!$G:$G,MATCH(1,(MatchHistory!$B:$B=$A26)*(MatchHistory!$G:$G<>""),0))} | M26: {=INDEX(MatchHistory!$H:$H,MATCH(1,(MatchHistory!$B:$B=$A26)*(MatchHistory!$H:$H<>""),0))} | N26: {=INDEX(MatchHistory!$J:$J,MATCH(1,(MatchHistory!$B:$B=$A26)*(MatchHistory!$J:$J<>""),0))}
A27: Kden | B27: =COUNTIFS(MatchHistory!$B:$B, $A27, MatchHistory!$C:$C, "Town") | C27: =COUNTIFS(MatchHistory!B:B, A27, MatchHistory!C:C, "Town", MatchHistory!D:D, "Win") | D27: =IFERROR(__xludf.DUMMYFUNCTION("TO_PERCENT($B27/$J27)"),0.8085106382978723) | E27: =IFERROR(__xludf.DUMMYFUNCTION("IF(EQ($B27, 0), TO_PERCENT(0), TO_PERCENT($C27/$B27))"),0.39473684210526316) | F27: =COUNTIFS(MatchHistory!$B:$B, $A27, MatchHistory!$C:$C, "Mafia") | G27: =COUNTIFS(MatchHistory!$B:$B, $A27, MatchHistory!$C:$C, "Mafia", MatchHistory!$D:$D, "Win") | H27: =IFERROR(__xludf.DUMMYFUNCTION("TO_PERCENT($F27/$J27)"),0.19148936170212766) | I27: =IFERROR(__xludf.DUMMYFUNCTION("TO_PERCENT(IFERROR($G27/$F27, 0))"),0.4444444444444444) | J27: =SUM(F27, B27) | K27: =IFERROR(__xludf.DUMMYFUNCTION("TO_PERCENT(IFERROR(($G27+$C27)/($F27+$B27), 0))"),0.40425531914893614) | L27: {=INDEX(MatchHistory!$G:$G,MATCH(1,(MatchHistory!$B:$B=$A27)*(MatchHistory!$G:$G<>""),0))} | M27: {=INDEX(MatchHistory!$H:$H,MATCH(1,(MatchHistory!$B:$B=$A27)*(MatchHistory!$H:$H<>""),0))} | N27: {=INDEX(MatchHistory!$J:$J,MATCH(1,(MatchHistory!$B:$B=$A27)*(MatchHistory!$J:$J<>""),0))}
A28: Gilbert | B28: =COUNTIFS(MatchHistory!$B:$B, $A28, MatchHistory!$C:$C, "Town") | C28: =COUNTIFS(MatchHistory!B:B, A28, MatchHistory!C:C, "Town", MatchHistory!D:D, "Win") | D28: =IFERROR(__xludf.DUMMYFUNCTION("TO_PERCENT($B28/$J28)"),0.7894736842105263) | E28: =IFERROR(__xludf.DUMMYFUNCTION("IF(EQ($B28, 0), TO_PERCENT(0), TO_PERCENT($C28/$B28))"),0.5) | F28: =COUNTIFS(MatchHistory!$B:$B, $A28, MatchHistory!$C:$C, "Mafia") | G28: =COUNTIFS(MatchHistory!$B:$B, $A28, MatchHistory!$C:$C, "Mafia", MatchHistory!$D:$D, "Win") | H28: =IFERROR(__xludf.DUMMYFUNCTION("TO_PERCENT($F28/$J28)"),0.21052631578947367) | I28: =IFERROR(__xludf.DUMMYFUNCTION("TO_PERCENT(IFERROR($G28/$F28, 0))"),0.375) | J28: =SUM(F28, B28) | K28: =IFERROR(__xludf.DUMMYFUNCTION("TO_PERCENT(IFERROR(($G28+$C28)/($F28+$B28), 0))"),0.47368421052631576) | L28: {=INDEX(MatchHistory!$G:$G,MATCH(1,(MatchHistory!$B:$B=$A28)*(MatchHistory!$G:$G<>""),0))} | M28: {=INDEX(MatchHistory!$H:$H,MATCH(1,(MatchHistory!$B:$B=$A28)*(MatchHistory!$H:$H<>""),0))} | N28: {=INDEX(MatchHistory!$J:$J,MATCH(1,(MatchHistory!$B:$B=$A28)*(MatchHistory!$J:$J<>""),0))}
A29: Lofty | B29: =COUNTIFS(MatchHistory!$B:$B, $A29, MatchHistory!$C:$C, "Town") | C29: =COUNTIFS(MatchHistory!B:B, A29, MatchHistory!C:C, "Town", MatchHistory!D:D, "Win") | D29: =IFERROR(__xludf.DUMMYFUNCTION("TO_PERCENT($B29/$J29)"),0.7142857142857143) | E29: =IFERROR(__xludf.DUMMYFUNCTION("IF(EQ($B29, 0), TO_PERCENT(0), TO_PERCENT($C29/$B29))"),0.3) | F29: =COUNTIFS(MatchHistory!$B:$B, $A29, MatchHistory!$C:$C, "Mafia") | G29: =COUNTIFS(MatchHistory!$B:$B, $A29, MatchHistory!$C:$C, "Mafia", MatchHistory!$D:$D, "Win") | H29: =IFERROR(__xludf.DUMMYFUNCTION("TO_PERCENT($F29/$J29)"),0.2857142857142857) | I29: =IFERROR(__xludf.DUMMYFUNCTION("TO_PERCENT(IFERROR($G29/$F29, 0))"),1.0) | J29: =SUM(F29, B29) | K29: =IFERROR(__xludf.DUMMYFUNCTION("TO_PERCENT(IFERROR(($G29+$C29)/($F29+$B29), 0))"),0.5) | L29: {=INDEX(MatchHistory!$G:$G,MATCH(1,(MatchHistory!$B:$B=$A29)*(MatchHistory!$G:$G<>""),0))} | M29: {=INDEX(MatchHistory!$H:$H,MATCH(1,(MatchHistory!$B:$B=$A29)*(MatchHistory!$H:$H<>""),0))} | N29: {=INDEX(MatchHistory!$J:$J,MATCH(1,(MatchHistory!$B:$B=$A29)*(MatchHistory!$J:$J<>""),0))}
A30: Motr | B30: =COUNTIFS(MatchHistory!$B:$B, $A30, MatchHistory!$C:$C, "Town") | C30: =COUNTIFS(MatchHistory!B:B, A30, MatchHistory!C:C, "Town", MatchHistory!D:D, "Win") | D30: =IFERROR(__xludf.DUMMYFUNCTION("TO_PERCENT($B30/$J30)"),0.6071428571428571) | E30: =IFERROR(__xludf.DUMMYFUNCTION("IF(EQ($B30, 0), TO_PERCENT(0), TO_PERCENT($C30/$B30))"),0.5882352941176471) | F30: =COUNTIFS(MatchHistory!$B:$B, $A30, MatchHistory!$C:$C, "Mafia") | G30: =COUNTIFS(MatchHistory!$B:$B, $A30, MatchHistory!$C:$C, "Mafia", MatchHistory!$D:$D, "Win") | H30: =IFERROR(__xludf.DUMMYFUNCTION("TO_PERCENT($F30/$J30)"),0.39285714285714285) | I30: =IFERROR(__xludf.DUMMYFUNCTION("TO_PERCENT(IFERROR($G30/$F30, 0))"),0.36363636363636365) | J30: =SUM(F30, B30) | K30: =IFERROR(__xludf.DUMMYFUNCTION("TO_PERCENT(IFERROR(($G30+$C30)/($F30+$B30), 0))"),0.5) | L30: {=INDEX(MatchHistory!$G:$G,MATCH(1,(MatchHistory!$B:$B=$A30)*(MatchHistory!$G:$G<>""),0))} | M30: {=INDEX(MatchHistory!$H:$H,MATCH(1,(MatchHistory!$B:$B=$A30)*(MatchHistory!$H:$H<>""),0))} | N30: {=INDEX(MatchHistory!$J:$J,MATCH(1,(MatchHistory!$B:$B=$A30)*(MatchHistory!$J:$J<>""),0))}
A31: Cody | B31: =COUNTIFS(MatchHistory!$B:$B, $A31, MatchHistory!$C:$C, "Town") | C31: =COUNTIFS(MatchHistory!B:B, A31, MatchHistory!C:C, "Town", MatchHistory!D:D, "Win") | D31: =IFERROR(__xludf.DUMMYFUNCTION("TO_PERCENT($B31/$J31)"),1.0) | E31: =IFERROR(__xludf.DUMMYFUNCTION("IF(EQ($B31, 0), TO_PERCENT(0), TO_PERCENT($C31/$B31))"),1.0) | F31: =COUNTIFS(MatchHistory!$B:$B, $A31, MatchHistory!$C:$C, "Mafia") | G31: =COUNTIFS(MatchHistory!$B:$B, $A31, MatchHistory!$C:$C, "Mafia", MatchHistory!$D:$D, "Win") | H31: =IFERROR(__xludf.DUMMYFUNCTION("TO_PERCENT($F31/$J31)"),0.0) | I31: =IFERROR(__xludf.DUMMYFUNCTION("TO_PERCENT(IFERROR($G31/$F31, 0))"),0.0) | J31: =SUM(F31, B31) | K31: =IFERROR(__xludf.DUMMYFUNCTION("TO_PERCENT(IFERROR(($G31+$C31)/($F31+$B31), 0))"),1.0) | L31: {=INDEX(MatchHistory!$G:$G,MATCH(1,(MatchHistory!$B:$B=$A31)*(MatchHistory!$G:$G<>""),0))} | M31: {=INDEX(MatchHistory!$H:$H,MATCH(1,(MatchHistory!$B:$B=$A31)*(MatchHistory!$H:$H<>""),0))} | N31: {=INDEX(MatchHistory!$J:$J,MATCH(1,(MatchHistory!$B:$B=$A31)*(MatchHistory!$J:$J<>""),0))}
A32: Badpants | B32: =COUNTIFS(MatchHistory!$B:$B, $A32, MatchHistory!$C:$C, "Town") | C32: =COUNTIFS(MatchHistory!B:B, A32, MatchHistory!C:C, "Town", MatchHistory!D:D, "Win") | D32: =IFERROR(__xludf.DUMMYFUNCTION("TO_PERCENT($B32/$J32)"),0.7368421052631579) | E32: =IFERROR(__xludf.DUMMYFUNCTION("IF(EQ($B32, 0), TO_PERCENT(0), TO_PERCENT($C32/$B32))"),0.40476190476190477) | F32: =COUNTIFS(MatchHistory!$B:$B, $A32, MatchHistory!$C:$C, "Mafia") | G32: =COUNTIFS(MatchHistory!$B:$B, $A32, MatchHistory!$C:$C, "Mafia", MatchHistory!$D:$D, "Win") | H32: =IFERROR(__xludf.DUMMYFUNCTION("TO_PERCENT($F32/$J32)"),0.2631578947368421) | I32: =IFERROR(__xludf.DUMMYFUNCTION("TO_PERCENT(IFERROR($G32/$F32, 0))"),0.4666666666666667) | J32: =SUM(F32, B32) | K32: =IFERROR(__xludf.DUMMYFUNCTION("TO_PERCENT(IFERROR(($G32+$C32)/($F32+$B32), 0))"),0.42105263157894735) | L32: {=INDEX(MatchHistory!$G:$G,MATCH(1,(MatchHistory!$B:$B=$A32)*(MatchHistory!$G:$G<>""),0))} | M32: {=INDEX(MatchHistory!$H:$H,MATCH(1,(MatchHistory!$B:$B=$A32)*(MatchHistory!$H:$H<>""),0))} | N32: {=INDEX(MatchHistory!$J:$J,MATCH(1,(MatchHistory!$B:$B=$A32)*(MatchHistory!$J:$J<>""),0))}
A33: Starv | B33: =COUNTIFS(MatchHistory!$B:$B, $A33, MatchHistory!$C:$C, "Town") | C33: =COUNTIFS(MatchHistory!B:B, A33, MatchHistory!C:C, "Town", MatchHistory!D:D, "Win") | D33: =IFERROR(__xludf.DUMMYFUNCTION("TO_PERCENT($B33/$J33)"),0.8) | E33: =IFERROR(__xludf.DUMMYFUNCTION("IF(EQ($B33, 0), TO_PERCENT(0), TO_PERCENT($C33/$B33))"),0.75) | F33: =COUNTIFS(MatchHistory!$B:$B, $A33, MatchHistory!$C:$C, "Mafia") | G33: =COUNTIFS(MatchHistory!$B:$B, $A33, MatchHistory!$C:$C, "Mafia", MatchHistory!$D:$D, "Win") | H33: =IFERROR(__xludf.DUMMYFUNCTION("TO_PERCENT($F33/$J33)"),0.2) | I33: =IFERROR(__xludf.DUMMYFUNCTION("TO_PERCENT(IFERROR($G33/$F33, 0))"),1.0) | J33: =SUM(F33, B33) | K33: =IFERROR(__xludf.DUMMYFUNCTION("TO_PERCENT(IFERROR(($G33+$C33)/($F33+$B33), 0))"),0.8) | L33: {=INDEX(MatchHistory!$G:$G,MATCH(1,(MatchHistory!$B:$B=$A33)*(MatchHistory!$G:$G<>""),0))} | M33: {=INDEX(MatchHistory!$H:$H,MATCH(1,(MatchHistory!$B:$B=$A33)*(MatchHistory!$H:$H<>""),0))} | N33: {=INDEX(MatchHistory!$J:$J,MATCH(1,(MatchHistory!$B:$B=$A33)*(MatchHistory!$J:$J<>""),0))}
A34: Crispy | B34: =COUNTIFS(MatchHistory!$B:$B, $A34, MatchHistory!$C:$C, "Town") | C34: =COUNTIFS(MatchHistory!B:B, A34, MatchHistory!C:C, "Town", MatchHistory!D:D, "Win") | D34: =IFERROR(__xludf.DUMMYFUNCTION("TO_PERCENT($B34/$J34)"),0.75) | E34: =IFERROR(__xludf.DUMMYFUNCTION("IF(EQ($B34, 0), TO_PERCENT(0), TO_PERCENT($C34/$B34))"),0.6666666666666666) | F34: =COUNTIFS(MatchHistory!$B:$B, $A34, MatchHistory!$C:$C, "Mafia") | G34: =COUNTIFS(MatchHistory!$B:$B, $A34, MatchHistory!$C:$C, "Mafia", MatchHistory!$D:$D, "Win") | H34: =IFERROR(__xludf.DUMMYFUNCTION("TO_PERCENT($F34/$J34)"),0.25) | I34: =IFERROR(__xludf.DUMMYFUNCTION("TO_PERCENT(IFERROR($G34/$F34, 0))"),1.0) | J34: =SUM(F34, B34) | K34: =IFERROR(__xludf.DUMMYFUNCTION("TO_PERCENT(IFERROR(($G34+$C34)/($F34+$B34), 0))"),0.75) | L34: {=INDEX(MatchHistory!$G:$G,MATCH(1,(MatchHistory!$B:$B=$A34)*(MatchHistory!$G:$G<>""),0))} | M34: {=INDEX(MatchHistory!$H:$H,MATCH(1,(MatchHistory!$B:$B=$A34)*(MatchHistory!$H:$H<>""),0))} | N34: {=INDEX(MatchHistory!$J:$J,MATCH(1,(MatchHistory!$B:$B=$A34)*(MatchHistory!$J:$J<>""),0))}
A35: Pinkee | B35: =COUNTIFS(MatchHistory!$B:$B, $A35, MatchHistory!$C:$C, "Town") | C35: =COUNTIFS(MatchHistory!B:B, A35, MatchHistory!C:C, "Town", MatchHistory!D:D, "Win") | D35: =IFERROR(__xludf.DUMMYFUNCTION("TO_PERCENT($B35/$J35)"),1.0) | E35: =IFERROR(__xludf.DUMMYFUNCTION("IF(EQ($B35, 0), TO_PERCENT(0), TO_PERCENT($C35/$B35))"),0.75) | F35: =COUNTIFS(MatchHistory!$B:$B, $A35, MatchHistory!$C:$C, "Mafia") | G35: =COUNTIFS(MatchHistory!$B:$B, $A35, MatchHistory!$C:$C, "Mafia", MatchHistory!$D:$D, "Win") | H35: =IFERROR(__xludf.DUMMYFUNCTION("TO_PERCENT($F35/$J35)"),0.0) | I35: =IFERROR(__xludf.DUMMYFUNCTION("TO_PERCENT(IFERROR($G35/$F35, 0))"),0.0) | J35: =SUM(F35, B35) | K35: =IFERROR(__xludf.DUMMYFUNCTION("TO_PERCENT(IFERROR(($G35+$C35)/($F35+$B35), 0))"),0.75) | L35: {=INDEX(MatchHistory!$G:$G,MATCH(1,(MatchHistory!$B:$B=$A35)*(MatchHistory!$G:$G<>""),0))} | M35: {=INDEX(MatchHistory!$H:$H,MATCH(1,(MatchHistory!$B:$B=$A35)*(MatchHistory!$H:$H<>""),0))} | N35: {=INDEX(MatchHistory!$J:$J,MATCH(1,(MatchHistory!$B:$B=$A35)*(MatchHistory!$J:$J<>""),0))}
A36: Boobles | B36: =COUNTIFS(MatchHistory!$B:$B, $A36, MatchHistory!$C:$C, "Town") | C36: =COUNTIFS(MatchHistory!B:B, A36, MatchHistory!C:C, "Town", MatchHistory!D:D, "Win") | D36: =IFERROR(__xludf.DUMMYFUNCTION("TO_PERCENT($B36/$J36)"),0.75) | E36: =IFERROR(__xludf.DUMMYFUNCTION("IF(EQ($B36, 0), TO_PERCENT(0), TO_PERCENT($C36/$B36))"),0.6666666666666666) | F36: =COUNTIFS(MatchHistory!$B:$B, $A36, MatchHistory!$C:$C, "Mafia") | G36: =COUNTIFS(MatchHistory!$B:$B, $A36, MatchHistory!$C:$C, "Mafia", MatchHistory!$D:$D, "Win") | H36: =IFERROR(__xludf.DUMMYFUNCTION("TO_PERCENT($F36/$J36)"),0.25) | I36: =IFERROR(__xludf.DUMMYFUNCTION("TO_PERCENT(IFERROR($G36/$F36, 0))"),0.5) | J36: =SUM(F36, B36) | K36: =IFERROR(__xludf.DUMMYFUNCTION("TO_PERCENT(IFERROR(($G36+$C36)/($F36+$B36), 0))"),0.625) | L36: {=INDEX(MatchHistory!$G:$G,MATCH(1,(MatchHistory!$B:$B=$A36)*(MatchHistory!$G:$G<>""),0))} | M36: {=INDEX(MatchHistory!$H:$H,MATCH(1,(MatchHistory!$B:$B=$A36)*(MatchHistory!$H:$H<>""),0))} | N36: {=INDEX(MatchHistory!$J:$J,MATCH(1,(MatchHistory!$B:$B=$A36)*(MatchHistory!$J:$J<>""),0))}
A37: Jake | B37: =COUNTIFS(MatchHistory!$B:$B, $A37, MatchHistory!$C:$C, "Town") | C37: =COUNTIFS(MatchHistory!B:B, A37, MatchHistory!C:C, "Town", MatchHistory!D:D, "Win") | D37: =IFERROR(__xludf.DUMMYFUNCTION("TO_PERCENT($B37/$J37)"),1.0) | E37: =IFERROR(__xludf.DUMMYFUNCTION("IF(EQ($B37, 0), TO_PERCENT(0), TO_PERCENT($C37/$B37))"),0.6666666666666666) | F37: =COUNTIFS(MatchHistory!$B:$B, $A37, MatchHistory!$C:$C, "Mafia") | G37: =COUNTIFS(MatchHistory!$B:$B, $A37, MatchHistory!$C:$C, "Mafia", MatchHistory!$D:$D, "Win") | H37: =IFERROR(__xludf.DUMMYFUNCTION("TO_PERCENT($F37/$J37)"),0.0) | I37: =IFERROR(__xludf.DUMMYFUNCTION("TO_PERCENT(IFERROR($G37/$F37, 0))"),0.0) | J37: =SUM(F37, B37) | K37: =IFERROR(__xludf.DUMMYFUNCTION("TO_PERCENT(IFERROR(($G37+$C37)/($F37+$B37), 0))"),0.6666666666666666) | L37: {=INDEX(MatchHistory!$G:$G,MATCH(1,(MatchHistory!$B:$B=$A37)*(MatchHistory!$G:$G<>""),0))} | M37: {=INDEX(MatchHistory!$H:$H,MATCH(1,(MatchHistory!$B:$B=$A37)*(MatchHistory!$H:$H<>""),0))} | N37: {=INDEX(MatchHistory!$J:$J,MATCH(1,(MatchHistory!$B:$B=$A37)*(MatchHistory!$J:$J<>""),0))}
A38: Snazz | B38: =COUNTIFS(MatchHistory!$B:$B, $A38, MatchHistory!$C:$C, "Town") | C38: =COUNTIFS(MatchHistory!B:B, A38, MatchHistory!C:C, "Town", MatchHistory!D:D, "Win") | D38: =IFERROR(__xludf.DUMMYFUNCTION("TO_PERCENT($B38/$J38)"),0.7) | E38: =IFERROR(__xludf.DUMMYFUNCTION("IF(EQ($B38, 0), TO_PERCENT(0), TO_PERCENT($C38/$B38))"),0.2857142857142857) | F38: =COUNTIFS(MatchHistory!$B:$B, $A38, MatchHistory!$C:$C, "Mafia") | G38: =COUNTIFS(MatchHistory!$B:$B, $A38, MatchHistory!$C:$C, "Mafia", MatchHistory!$D:$D, "Win") | H38: =IFERROR(__xludf.DUMMYFUNCTION("TO_PERCENT($F38/$J38)"),0.3) | I38: =IFERROR(__xludf.DUMMYFUNCTION("TO_PERCENT(IFERROR($G38/$F38, 0))"),1.0) | J38: =SUM(F38, B38) | K38: =IFERROR(__xludf.DUMMYFUNCTION("TO_PERCENT(IFERROR(($G38+$C38)/($F38+$B38), 0))"),0.5) | L38: {=INDEX(MatchHistory!$G:$G,MATCH(1,(MatchHistory!$B:$B=$A38)*(MatchHistory!$G:$G<>""),0))} | M38: {=INDEX(MatchHistory!$H:$H,MATCH(1,(MatchHistory!$B:$B=$A38)*(MatchHistory!$H:$H<>""),0))} | N38: {=INDEX(MatchHistory!$J:$J,MATCH(1,(MatchHistory!$B:$B=$A38)*(MatchHistory!$J:$J<>""),0))}
A39: Qe | B39: =COUNTIFS(MatchHistory!$B:$B, $A39, MatchHistory!$C:$C, "Town") | C39: =COUNTIFS(MatchHistory!B:B, A39, MatchHistory!C:C, "Town", MatchHistory!D:D, "Win") | D39: =IFERROR(__xludf.DUMMYFUNCTION("TO_PERCENT($B39/$J39)"),1.0) | E39: =IFERROR(__xludf.DUMMYFUNCTION("IF(EQ($B39, 0), TO_PERCENT(0), TO_PERCENT($C39/$B39))"),1.0) | F39: =COUNTIFS(MatchHistory!$B:$B, $A39, MatchHistory!$C:$C, "Mafia") | G39: =COUNTIFS(MatchHistory!$B:$B, $A39, MatchHistory!$C:$C, "Mafia", MatchHistory!$D:$D, "Win") | H39: =IFERROR(__xludf.DUMMYFUNCTION("TO_PERCENT($F39/$J39)"),0.0) | I39: =IFERROR(__xludf.DUMMYFUNCTION("TO_PERCENT(IFERROR($G39/$F39, 0))"),0.0) | J39: =SUM(F39, B39) | K39: =IFERROR(__xludf.DUMMYFUNCTION("TO_PERCENT(IFERROR(($G39+$C39)/($F39+$B39), 0))"),1.0) | L39: {=INDEX(MatchHistory!$G:$G,MATCH(1,(MatchHistory!$B:$B=$A39)*(MatchHistory!$G:$G<>""),0))} | M39: {=INDEX(MatchHistory!$H:$H,MATCH(1,(MatchHistory!$B:$B=$A39)*(MatchHistory!$H:$H<>""),0))} | N39: {=INDEX(MatchHistory!$J:$J,MATCH(1,(MatchHistory!$B:$B=$A39)*(MatchHistory!$J:$J<>""),0))}
A40: Machop | B40: =COUNTIFS(MatchHistory!$B:$B, $A40, MatchHistory!$C:$C, "Town") | C40: =COUNTIFS(MatchHistory!B:B, A40, MatchHistory!C:C, "Town", MatchHistory!D:D, "Win") | D40: =IFERROR(__xludf.DUMMYFUNCTION("TO_PERCENT($B40/$J40)"),0.75) | E40: =IFERROR(__xludf.DUMMYFUNCTION("IF(EQ($B40, 0), TO_PERCENT(0), TO_PERCENT($C40/$B40))"),0.4444444444444444) | F40: =COUNTIFS(MatchHistory!$B:$B, $A40, MatchHistory!$C:$C, "Mafia") | G40: =COUNTIFS(MatchHistory!$B:$B, $A40, MatchHistory!$C:$C, "Mafia", MatchHistory!$D:$D, "Win") | H40: =IFERROR(__xludf.DUMMYFUNCTION("TO_PERCENT($F40/$J40)"),0.25) | I40: =IFERROR(__xludf.DUMMYFUNCTION("TO_PERCENT(IFERROR($G40/$F40, 0))"),0.4444444444444444) | J40: =SUM(F40, B40) | K40: =IFERROR(__xludf.DUMMYFUNCTION("TO_PERCENT(IFERROR(($G40+$C40)/($F40+$B40), 0))"),0.4444444444444444) | L40: {=INDEX(MatchHistory!$G:$G,MATCH(1,(MatchHistory!$B:$B=$A40)*(MatchHistory!$G:$G<>""),0))} | M40: {=INDEX(MatchHistory!$H:$H,MATCH(1,(MatchHistory!$B:$B=$A40)*(MatchHistory!$H:$H<>""),0))} | N40: {=INDEX(MatchHistory!$J:$J,MATCH(1,(MatchHistory!$B:$B=$A40)*(MatchHistory!$J:$J<>""),0))}
A41: Kny | B41: =COUNTIFS(MatchHistory!$B:$B, $A41, MatchHistory!$C:$C, "Town") | C41: =COUNTIFS(MatchHistory!B:B, A41, MatchHistory!C:C, "Town", MatchHistory!D:D, "Win") | D41: =IFERROR(__xludf.DUMMYFUNCTION("TO_PERCENT($B41/$J41)"),0.7142857142857143) | E41: =IFERROR(__xludf.DUMMYFUNCTION("IF(EQ($B41, 0), TO_PERCENT(0), TO_PERCENT($C41/$B41))"),0.6) | F41: =COUNTIFS(MatchHistory!$B:$B, $A41, MatchHistory!$C:$C, "Mafia") | G41: =COUNTIFS(MatchHistory!$B:$B, $A41, MatchHistory!$C:$C, "Mafia", MatchHistory!$D:$D, "Win") | H41: =IFERROR(__xludf.DUMMYFUNCTION("TO_PERCENT($F41/$J41)"),0.2857142857142857) | I41: =IFERROR(__xludf.DUMMYFUNCTION("TO_PERCENT(IFERROR($G41/$F41, 0))"),0.5) | J41: =SUM(F41, B41) | K41: =IFERROR(__xludf.DUMMYFUNCTION("TO_PERCENT(IFERROR(($G41+$C41)/($F41+$B41), 0))"),0.5714285714285714) | L41: {=INDEX(MatchHistory!$G:$G,MATCH(1,(MatchHistory!$B:$B=$A41)*(MatchHistory!$G:$G<>""),0))} | M41: {=INDEX(MatchHistory!$H:$H,MATCH(1,(MatchHistory!$B:$B=$A41)*(MatchHistory!$H:$H<>""),0))} | N41: {=INDEX(MatchHistory!$J:$J,MATCH(1,(MatchHistory!$B:$B=$A41)*(MatchHistory!$J:$J<>""),0))}
A42: 5up | B42: =COUNTIFS(MatchHistory!$B:$B, $A42, MatchHistory!$C:$C, "Town") | C42: =COUNTIFS(MatchHistory!B:B, A42, MatchHistory!C:C, "Town", MatchHistory!D:D, "Win") | D42: =IFERROR(__xludf.DUMMYFUNCTION("TO_PERCENT($B42/$J42)"),0.5) | E42: =IFERROR(__xludf.DUMMYFUNCTION("IF(EQ($B42, 0), TO_PERCENT(0), TO_PERCENT($C42/$B42))"),1.0) | F42: =COUNTIFS(MatchHistory!$B:$B, $A42, MatchHistory!$C:$C, "Mafia") | G42: =COUNTIFS(MatchHistory!$B:$B, $A42, MatchHistory!$C:$C, "Mafia", MatchHistory!$D:$D, "Win") | H42: =IFERROR(__xludf.DUMMYFUNCTION("TO_PERCENT($F42/$J42)"),0.5) | I42: =IFERROR(__xludf.DUMMYFUNCTION("TO_PERCENT(IFERROR($G42/$F42, 0))"),1.0) | J42: =SUM(F42, B42) | K42: =IFERROR(__xludf.DUMMYFUNCTION("TO_PERCENT(IFERROR(($G42+$C42)/($F42+$B42), 0))"),1.0) | L42: {=INDEX(MatchHistory!$G:$G,MATCH(1,(MatchHistory!$B:$B=$A42)*(MatchHistory!$G:$G<>""),0))} | M42: {=INDEX(MatchHistory!$H:$H,MATCH(1,(MatchHistory!$B:$B=$A42)*(MatchHistory!$H:$H<>""),0))} | N42: {=INDEX(MatchHistory!$J:$J,MATCH(1,(MatchHistory!$B:$B=$A42)*(MatchHistory!$J:$J<>""),0))}
A43: Smit | B43: =COUNTIFS(MatchHistory!$B:$B, $A43, MatchHistory!$C:$C, "Town") | C43: =COUNTIFS(MatchHistory!B:B, A43, MatchHistory!C:C, "Town", MatchHistory!D:D, "Win") | D43: =IFERROR(__xludf.DUMMYFUNCTION("TO_PERCENT($B43/$J43)"),0.7962962962962963) | E43: =IFERROR(__xludf.DUMMYFUNCTION("IF(EQ($B43, 0), TO_PERCENT(0), TO_PERCENT($C43/$B43))"),0.37209302325581395) | F43: =COUNTIFS(MatchHistory!$B:$B, $A43, MatchHistory!$C:$C, "Mafia") | G43: =COUNTIFS(MatchHistory!$B:$B, $A43, MatchHistory!$C:$C, "Mafia", MatchHistory!$D:$D, "Win") | H43: =IFERROR(__xludf.DUMMYFUNCTION("TO_PERCENT($F43/$J43)"),0.2037037037037037) | I43: =IFERROR(__xludf.DUMMYFUNCTION("TO_PERCENT(IFERROR($G43/$F43, 0))"),0.45454545454545453) | J43: =SUM(F43, B43) | K43: =IFERROR(__xludf.DUMMYFUNCTION("TO_PERCENT(IFERROR(($G43+$C43)/($F43+$B43), 0))"),0.3888888888888889) | L43: {=INDEX(MatchHistory!$G:$G,MATCH(1,(MatchHistory!$B:$B=$A43)*(MatchHistory!$G:$G<>""),0))} | M43: {=INDEX(MatchHistory!$H:$H,MATCH(1,(MatchHistory!$B:$B=$A43)*(MatchHistory!$H:$H<>""),0))} | N43: {=INDEX(MatchHistory!$J:$J,MATCH(1,(MatchHistory!$B:$B=$A43)*(MatchHistory!$J:$J<>""),0))}
A44: Plen | B44: =COUNTIFS(MatchHistory!$B:$B, $A44, MatchHistory!$C:$C, "Town") | C44: =COUNTIFS(MatchHistory!B:B, A44, MatchHistory!C:C, "Town", MatchHistory!D:D, "Win") | D44: =IFERROR(__xludf.DUMMYFUNCTION("TO_PERCENT($B44/$J44)"),0.8333333333333334) | E44: =IFERROR(__xludf.DUMMYFUNCTION("IF(EQ($B44, 0), TO_PERCENT(0), TO_PERCENT($C44/$B44))"),0.38) | F44: =COUNTIFS(MatchHistory!$B:$B, $A44, MatchHistory!$C:$C, "Mafia") | G44: =COUNTIFS(MatchHistory!$B:$B, $A44, MatchHistory!$C:$C, "Mafia", MatchHistory!$D:$D, "Win") | H44: =IFERROR(__xludf.DUMMYFUNCTION("TO_PERCENT($F44/$J44)"),0.16666666666666666) | I44: =IFERROR(__xludf.DUMMYFUNCTION("TO_PERCENT(IFERROR($G44/$F44, 0))"),0.3) | J44: =SUM(F44, B44) | K44: =IFERROR(__xludf.DUMMYFUNCTION("TO_PERCENT(IFERROR(($G44+$C44)/($F44+$B44), 0))"),0.36666666666666664) | L44: {=INDEX(MatchHistory!$G:$G,MATCH(1,(MatchHistory!$B:$B=$A44)*(MatchHistory!$G:$G<>""),0))} | M44: {=INDEX(MatchHistory!$H:$H,MATCH(1,(MatchHistory!$B:$B=$A44)*(MatchHistory!$H:$H<>""),0))} | N44: {=INDEX(MatchHistory!$J:$J,MATCH(1,(MatchHistory!$B:$B=$A44)*(MatchHistory!$J:$J<>""),0))}
A45: Nick | B45: =COUNTIFS(MatchHistory!$B:$B, $A45, MatchHistory!$C:$C, "Town") | C45: =COUNTIFS(MatchHistory!B:B, A45, MatchHistory!C:C, "Town", MatchHistory!D:D, "Win") | D45: =IFERROR(__xludf.DUMMYFUNCTION("TO_PERCENT($B45/$J45)"),1.0) | E45: =IFERROR(__xludf.DUMMYFUNCTION("IF(EQ($B45, 0), TO_PERCENT(0), TO_PERCENT($C45/$B45))"),0.5) | F45: =COUNTIFS(MatchHistory!$B:$B, $A45, MatchHistory!$C:$C, "Mafia") | G45: =COUNTIFS(MatchHistory!$B:$B, $A45, MatchHistory!$C:$C, "Mafia", MatchHistory!$D:$D, "Win") | H45: =IFERROR(__xludf.DUMMYFUNCTION("TO_PERCENT($F45/$J45)"),0.0) | I45: =IFERROR(__xludf.DUMMYFUNCTION("TO_PERCENT(IFERROR($G45/$F45, 0))"),0.0) | J45: =SUM(F45, B45) | K45: =IFERROR(__xludf.DUMMYFUNCTION("TO_PERCENT(IFERROR(($G45+$C45)/($F45+$B45), 0))"),0.5) | L45: {=INDEX(MatchHistory!$G:$G,MATCH(1,(MatchHistory!$B:$B=$A45)*(MatchHistory!$G:$G<>""),0))} | M45: {=INDEX(MatchHistory!$H:$H,MATCH(1,(MatchHistory!$B:$B=$A45)*(MatchHistory!$H:$H<>""),0))} | N45: {=INDEX(MatchHistory!$J:$J,MATCH(1,(MatchHistory!$B:$B=$A45)*(MatchHistory!$J:$J<>""),0))}
A46: Levi | B46: =COUNTIFS(MatchHistory!$B:$B, $A46, MatchHistory!$C:$C, "Town") | C46: =COUNTIFS(MatchHistory!B:B, A46, MatchHistory!C:C, "Town", MatchHistory!D:D, "Win") | D46: =IFERROR(__xludf.DUMMYFUNCTION("TO_PERCENT($B46/$J46)"),0.42857142857142855) | E46: =IFERROR(__xludf.DUMMYFUNCTION("IF(EQ($B46, 0), TO_PERCENT(0), TO_PERCENT($C46/$B46))"),0.6666666666666666) | F46: =COUNTIFS(MatchHistory!$B:$B, $A46, MatchHistory!$C:$C, "Mafia") | G46: =COUNTIFS(MatchHistory!$B:$B, $A46, MatchHistory!$C:$C, "Mafia", MatchHistory!$D:$D, "Win") | H46: =IFERROR(__xludf.DUMMYFUNCTION("TO_PERCENT($F46/$J46)"),0.5714285714285714) | I46: =IFERROR(__xludf.DUMMYFUNCTION("TO_PERCENT(IFERROR($G46/$F46, 0))"),0.5) | J46: =SUM(F46, B46) | K46: =IFERROR(__xludf.DUMMYFUNCTION("TO_PERCENT(IFERROR(($G46+$C46)/($F46+$B46), 0))"),0.5714285714285714) | L46: {=INDEX(MatchHistory!$G:$G,MATCH(1,(MatchHistory!$B:$B=$A46)*(MatchHistory!$G:$G<>""),0))} | M46: {=INDEX(MatchHistory!$H:$H,MATCH(1,(MatchHistory!$B:$B=$A46)*(MatchHistory!$H:$H<>""),0))} | N46: {=INDEX(MatchHistory!$J:$J,MATCH(1,(MatchHistory!$B:$B=$A46)*(MatchHistory!$J:$J<>""),0))}
A47: Ken | B47: =COUNTIFS(MatchHistory!$B:$B, $A47, MatchHistory!$C:$C, "Town") | C47: =COUNTIFS(MatchHistory!B:B, A47, MatchHistory!C:C, "Town", MatchHistory!D:D, "Win") | D47: =IFERROR(__xludf.DUMMYFUNCTION("TO_PERCENT($B47/$J47)"),0.84) | E47: =IFERROR(__xludf.DUMMYFUNCTION("IF(EQ($B47, 0), TO_PERCENT(0), TO_PERCENT($C47/$B47))"),0.42857142857142855) | F47: =COUNTIFS(MatchHistory!$B:$B, $A47, MatchHistory!$C:$C, "Mafia") | G47: =COUNTIFS(MatchHistory!$B:$B, $A47, MatchHistory!$C:$C, "Mafia", MatchHistory!$D:$D, "Win") | H47: =IFERROR(__xludf.DUMMYFUNCTION("TO_PERCENT($F47/$J47)"),0.16) | I47: =IFERROR(__xludf.DUMMYFUNCTION("TO_PERCENT(IFERROR($G47/$F47, 0))"),0.0) | J47: =SUM(F47, B47) | K47: =IFERROR(__xludf.DUMMYFUNCTION("TO_PERCENT(IFERROR(($G47+$C47)/($F47+$B47), 0))"),0.36) | L47: {=INDEX(MatchHistory!$G:$G,MATCH(1,(MatchHistory!$B:$B=$A47)*(MatchHistory!$G:$G<>""),0))} | M47: {=INDEX(MatchHistory!$H:$H,MATCH(1,(MatchHistory!$B:$B=$A47)*(MatchHistory!$H:$H<>""),0))} | N47: {=INDEX(MatchHistory!$J:$J,MATCH(1,(MatchHistory!$B:$B=$A47)*(MatchHistory!$J:$J<>""),0))}
A48: Coffee | B48: =COUNTIFS(MatchHistory!$B:$B, $A48, MatchHistory!$C:$C, "Town") | C48: =COUNTIFS(MatchHistory!B:B, A48, MatchHistory!C:C, "Town", MatchHistory!D:D, "Win") | D48: =IFERROR(__xludf.DUMMYFUNCTION("TO_PERCENT($B48/$J48)"),1.0) | E48: =IFERROR(__xludf.DUMMYFUNCTION("IF(EQ($B48, 0), TO_PERCENT(0), TO_PERCENT($C48/$B48))"),1.0) | F48: =COUNTIFS(MatchHistory!$B:$B, $A48, MatchHistory!$C:$C, "Mafia") | G48: =COUNTIFS(MatchHistory!$B:$B, $A48, MatchHistory!$C:$C, "Mafia", MatchHistory!$D:$D, "Win") | H48: =IFERROR(__xludf.DUMMYFUNCTION("TO_PERCENT($F48/$J48)"),0.0) | I48: =IFERROR(__xludf.DUMMYFUNCTION("TO_PERCENT(IFERROR($G48/$F48, 0))"),0.0) | J48: =SUM(F48, B48) | K48: =IFERROR(__xludf.DUMMYFUNCTION("TO_PERCENT(IFERROR(($G48+$C48)/($F48+$B48), 0))"),1.0) | L48: {=INDEX(MatchHistory!$G:$G,MATCH(1,(MatchHistory!$B:$B=$A48)*(MatchHistory!$G:$G<>""),0))} | M48: {=INDEX(MatchHistory!$H:$H,MATCH(1,(MatchHistory!$B:$B=$A48)*(MatchHistory!$H:$H<>""),0))} | N48: {=INDEX(MatchHistory!$J:$J,MATCH(1,(MatchHistory!$B:$B=$A48)*(MatchHistory!$J:$J<>""),0))}
A49: Sam | B49: =COUNTIFS(MatchHistory!$B:$B, $A49, MatchHistory!$C:$C, "Town") | C49: =COUNTIFS(MatchHistory!B:B, A49, MatchHistory!C:C, "Town", MatchHistory!D:D, "Win") | D49: =IFERROR(__xludf.DUMMYFUNCTION("TO_PERCENT($B49/$J49)"),0.625) | E49: =IFERROR(__xludf.DUMMYFUNCTION("IF(EQ($B49, 0), TO_PERCENT(0), TO_PERCENT($C49/$B49))"),0.6) | F49: =COUNTIFS(MatchHistory!$B:$B, $A49, MatchHistory!$C:$C, "Mafia") | G49: =COUNTIFS(MatchHistory!$B:$B, $A49, MatchHistory!$C:$C, "Mafia", MatchHistory!$D:$D, "Win") | H49: =IFERROR(__xludf.DUMMYFUNCTION("TO_PERCENT($F49/$J49)"),0.375) | I49: =IFERROR(__xludf.DUMMYFUNCTION("TO_PERCENT(IFERROR($G49/$F49, 0))"),0.3333333333333333) | J49: =SUM(F49, B49) | K49: =IFERROR(__xludf.DUMMYFUNCTION("TO_PERCENT(IFERROR(($G49+$C49)/($F49+$B49), 0))"),0.5) | L49: {=INDEX(MatchHistory!$G:$G,MATCH(1,(MatchHistory!$B:$B=$A49)*(MatchHistory!$G:$G<>""),0))} | M49: {=INDEX(MatchHistory!$H:$H,MATCH(1,(MatchHistory!$B:$B=$A49)*(MatchHistory!$H:$H<>""),0))} | N49: {=INDEX(MatchHistory!$J:$J,MATCH(1,(MatchHistory!$B:$B=$A49)*(MatchHistory!$J:$J<>""),0))}
A50: Jerm | B50: =COUNTIFS(MatchHistory!$B:$B, $A50, MatchHistory!$C:$C, "Town") | C50: =COUNTIFS(MatchHistory!B:B, A50, MatchHistory!C:C, "Town", MatchHistory!D:D, "Win") | D50: =IFERROR(__xludf.DUMMYFUNCTION("TO_PERCENT($B50/$J50)"),1.0) | E50: =IFERROR(__xludf.DUMMYFUNCTION("IF(EQ($B50, 0), TO_PERCENT(0), TO_PERCENT($C50/$B50))"),1.0) | F50: =COUNTIFS(MatchHistory!$B:$B, $A50, MatchHistory!$C:$C, "Mafia") | G50: =COUNTIFS(MatchHistory!$B:$B, $A50, MatchHistory!$C:$C, "Mafia", MatchHistory!$D:$D, "Win") | H50: =IFERROR(__xludf.DUMMYFUNCTION("TO_PERCENT($F50/$J50)"),0.0) | I50: =IFERROR(__xludf.DUMMYFUNCTION("TO_PERCENT(IFERROR($G50/$F50, 0))"),0.0) | J50: =SUM(F50, B50) | K50: =IFERROR(__xludf.DUMMYFUNCTION("TO_PERCENT(IFERROR(($G50+$C50)/($F50+$B50), 0))"),1.0) | L50: {=INDEX(MatchHistory!$G:$G,MATCH(1,(MatchHistory!$B:$B=$A50)*(MatchHistory!$G:$G<>""),0))} | M50: {=INDEX(MatchHistory!$H:$H,MATCH(1,(MatchHistory!$B:$B=$A50)*(MatchHistory!$H:$H<>""),0))} | N50: {=INDEX(MatchHistory!$J:$J,MATCH(1,(MatchHistory!$B:$B=$A50)*(MatchHistory!$J:$J<>""),0))}
A51: Gunny | B51: =COUNTIFS(MatchHistory!$B:$B, $A51, MatchHistory!$C:$C, "Town") | C51: =COUNTIFS(MatchHistory!B:B, A51, MatchHistory!C:C, "Town", MatchHistory!D:D, "Win") | D51: =IFERROR(__xludf.DUMMYFUNCTION("TO_PERCENT($B51/$J51)"),1.0) | E51: =IFERROR(__xludf.DUMMYFUNCTION("IF(EQ($B51, 0), TO_PERCENT(0), TO_PERCENT($C51/$B51))"),1.0) | F51: =COUNTIFS(MatchHistory!$B:$B, $A51, MatchHistory!$C:$C, "Mafia") | G51: =COUNTIFS(MatchHistory!$B:$B, $A51, MatchHistory!$C:$C, "Mafia", MatchHistory!$D:$D, "Win") | H51: =IFERROR(__xludf.DUMMYFUNCTION("TO_PERCENT($F51/$J51)"),0.0) | I51: =IFERROR(__xludf.DUMMYFUNCTION("TO_PERCENT(IFERROR($G51/$F51, 0))"),0.0) | J51: =SUM(F51, B51) | K51: =IFERROR(__xludf.DUMMYFUNCTION("TO_PERCENT(IFERROR(($G51+$C51)/($F51+$B51), 0))"),1.0) | L51: {=INDEX(MatchHistory!$G:$G,MATCH(1,(MatchHistory!$B:$B=$A51)*(MatchHistory!$G:$G<>""),0))} | M51: {=INDEX(MatchHistory!$H:$H,MATCH(1,(MatchHistory!$B:$B=$A51)*(MatchHistory!$H:$H<>""),0))} | N51: {=INDEX(MatchHistory!$J:$J,MATCH(1,(MatchHistory!$B:$B=$A51)*(MatchHistory!$J:$J<>""),0))}
A52: Insomnia | B52: =COUNTIFS(MatchHistory!$B:$B, $A52, MatchHistory!$C:$C, "Town") | C52: =COUNTIFS(MatchHistory!B:B, A52, MatchHistory!C:C, "Town", MatchHistory!D:D, "Win") | D52: =IFERROR(__xludf.DUMMYFUNCTION("TO_PERCENT($B52/$J52)"),1.0) | E52: =IFERROR(__xludf.DUMMYFUNCTION("IF(EQ($B52, 0), TO_PERCENT(0), TO_PERCENT($C52/$B52))"),1.0) | F52: =COUNTIFS(MatchHistory!$B:$B, $A52, MatchHistory!$C:$C, "Mafia") | G52: =COUNTIFS(MatchHistory!$B:$B, $A52, MatchHistory!$C:$C, "Mafia", MatchHistory!$D:$D, "Win") | H52: =IFERROR(__xludf.DUMMYFUNCTION("TO_PERCENT($F52/$J52)"),0.0) | I52: =IFERROR(__xludf.DUMMYFUNCTION("TO_PERCENT(IFERROR($G52/$F52, 0))"),0.0) | J52: =SUM(F52, B52) | K52: =IFERROR(__xludf.DUMMYFUNCTION("TO_PERCENT(IFERROR(($G52+$C52)/($F52+$B52), 0))"),1.0) | L52: {=INDEX(MatchHistory!$G:$G,MATCH(1,(MatchHistory!$B:$B=$A52)*(MatchHistory!$G:$G<>""),0))} | M52: {=INDEX(MatchHistory!$H:$H,MATCH(1,(MatchHistory!$B:$B=$A52)*(MatchHistory!$H:$H<>""),0))} | N52: {=INDEX(MatchHistory!$J:$J,MATCH(1,(MatchHistory!$B:$B=$A52)*(MatchHistory!$J:$J<>""),0))}
A53: Torharo | B53: =COUNTIFS(MatchHistory!$B:$B, $A53, MatchHistory!$C:$C, "Town") | C53: =COUNTIFS(MatchHistory!B:B, A53, MatchHistory!C:C, "Town", MatchHistory!D:D, "Win") | D53: =IFERROR(__xludf.DUMMYFUNCTION("TO_PERCENT($B53/$J53)"),0.8) | E53: =IFERROR(__xludf.DUMMYFUNCTION("IF(EQ($B53, 0), TO_PERCENT(0), TO_PERCENT($C53/$B53))"),0.5) | F53: =COUNTIFS(MatchHistory!$B:$B, $A53, MatchHistory!$C:$C, "Mafia") | G53: =COUNTIFS(MatchHistory!$B:$B, $A53, MatchHistory!$C:$C, "Mafia", MatchHistory!$D:$D, "Win") | H53: =IFERROR(__xludf.DUMMYFUNCTION("TO_PERCENT($F53/$J53)"),0.2) | I53: =IFERROR(__xludf.DUMMYFUNCTION("TO_PERCENT(IFERROR($G53/$F53, 0))"),0.0) | J53: =SUM(F53, B53) | K53: =IFERROR(__xludf.DUMMYFUNCTION("TO_PERCENT(IFERROR(($G53+$C53)/($F53+$B53), 0))"),0.4) | L53: {=INDEX(MatchHistory!$G:$G,MATCH(1,(MatchHistory!$B:$B=$A53)*(MatchHistory!$G:$G<>""),0))} | M53: {=INDEX(MatchHistory!$H:$H,MATCH(1,(MatchHistory!$B:$B=$A53)*(MatchHistory!$H:$H<>""),0))} | N53: {=INDEX(MatchHistory!$J:$J,MATCH(1,(MatchHistory!$B:$B=$A53)*(MatchHistory!$J:$J<>""),0))}
A54: Vert | B54: =COUNTIFS(MatchHistory!$B:$B, $A54, MatchHistory!$C:$C, "Town") | C54: =COUNTIFS(MatchHistory!B:B, A54, MatchHistory!C:C, "Town", MatchHistory!D:D, "Win") | D54: =IFERROR(__xludf.DUMMYFUNCTION("TO_PERCENT($B54/$J54)"),0.75) | E54: =IFERROR(__xludf.DUMMYFUNCTION("IF(EQ($B54, 0), TO_PERCENT(0), TO_PERCENT($C54/$B54))"),0.3333333333333333) | F54: =COUNTIFS(MatchHistory!$B:$B, $A54, MatchHistory!$C:$C, "Mafia") | G54: =COUNTIFS(MatchHistory!$B:$B, $A54, MatchHistory!$C:$C, "Mafia", MatchHistory!$D:$D, "Win") | H54: =IFERROR(__xludf.DUMMYFUNCTION("TO_PERCENT($F54/$J54)"),0.25) | I54: =IFERROR(__xludf.DUMMYFUNCTION("TO_PERCENT(IFERROR($G54/$F54, 0))"),1.0) | J54: =SUM(F54, B54) | K54: =IFERROR(__xludf.DUMMYFUNCTION("TO_PERCENT(IFERROR(($G54+$C54)/($F54+$B54), 0))"),0.5) | L54: {=INDEX(MatchHistory!$G:$G,MATCH(1,(MatchHistory!$B:$B=$A54)*(MatchHistory!$G:$G<>""),0))} | M54: {=INDEX(MatchHistory!$H:$H,MATCH(1,(MatchHistory!$B:$B=$A54)*(MatchHistory!$H:$H<>""),0))} | N54: {=INDEX(MatchHistory!$J:$J,MATCH(1,(MatchHistory!$B:$B=$A54)*(MatchHistory!$J:$J<>""),0))}
A55: TCP | B55: =COUNTIFS(MatchHistory!$B:$B, $A55, MatchHistory!$C:$C, "Town") | C55: =COUNTIFS(MatchHistory!B:B, A55, MatchHistory!C:C, "Town", MatchHistory!D:D, "Win") | D55: =IFERROR(__xludf.DUMMYFUNCTION("TO_PERCENT($B55/$J55)"),0.7777777777777778) | E55: =IFERROR(__xludf.DUMMYFUNCTION("IF(EQ($B55, 0), TO_PERCENT(0), TO_PERCENT($C55/$B55))"),0.42857142857142855) | F55: =COUNTIFS(MatchHistory!$B:$B, $A55, MatchHistory!$C:$C, "Mafia") | G55: =COUNTIFS(MatchHistory!$B:$B, $A55, MatchHistory!$C:$C, "Mafia", MatchHistory!$D:$D, "Win") | H55: =IFERROR(__xludf.DUMMYFUNCTION("TO_PERCENT($F55/$J55)"),0.2222222222222222) | I55: =IFERROR(__xludf.DUMMYFUNCTION("TO_PERCENT(IFERROR($G55/$F55, 0))"),0.5) | J55: =SUM(F55, B55) | K55: =IFERROR(__xludf.DUMMYFUNCTION("TO_PERCENT(IFERROR(($G55+$C55)/($F55+$B55), 0))"),0.4444444444444444) | L55: {=INDEX(MatchHistory!$G:$G,MATCH(1,(MatchHistory!$B:$B=$A55)*(MatchHistory!$G:$G<>""),0))} | M55: {=INDEX(MatchHistory!$H:$H,MATCH(1,(MatchHistory!$B:$B=$A55)*(MatchHistory!$H:$H<>""),0))} | N55: {=INDEX(MatchHistory!$J:$J,MATCH(1,(MatchHistory!$B:$B=$A55)*(MatchHistory!$J:$J<>""),0))}
A56: Dlgn | B56: =COUNTIFS(MatchHistory!$B:$B, $A56, MatchHistory!$C:$C, "Town") | C56: =COUNTIFS(MatchHistory!B:B, A56, MatchHistory!C:C, "Town", MatchHistory!D:D, "Win") | D56: =IFERROR(__xludf.DUMMYFUNCTION("TO_PERCENT($B56/$J56)"),0.0) | E56: =IFERROR(__xludf.DUMMYFUNCTION("IF(EQ($B56, 0), TO_PERCENT(0), TO_PERCENT($C56/$B56))"),0.0) | F56: =COUNTIFS(MatchHistory!$B:$B, $A56, MatchHistory!$C:$C, "Mafia") | G56: =COUNTIFS(MatchHistory!$B:$B, $A56, MatchHistory!$C:$C, "Mafia", MatchHistory!$D:$D, "Win") | H56: =IFERROR(__xludf.DUMMYFUNCTION("TO_PERCENT($F56/$J56)"),1.0) | I56: =IFERROR(__xludf.DUMMYFUNCTION("TO_PERCENT(IFERROR($G56/$F56, 0))"),1.0) | J56: =SUM(F56, B56) | K56: =IFERROR(__xludf.DUMMYFUNCTION("TO_PERCENT(IFERROR(($G56+$C56)/($F56+$B56), 0))"),1.0) | L56: {=INDEX(MatchHistory!$G:$G,MATCH(1,(MatchHistory!$B:$B=$A56)*(MatchHistory!$G:$G<>""),0))} | M56: {=INDEX(MatchHistory!$H:$H,MATCH(1,(MatchHistory!$B:$B=$A56)*(MatchHistory!$H:$H<>""),0))} | N56: {=INDEX(MatchHistory!$J:$J,MATCH(1,(MatchHistory!$B:$B=$A56)*(MatchHistory!$J:$J<>""),0))}
A57: Vandy | B57: =COUNTIFS(MatchHistory!$B:$B, $A57, MatchHistory!$C:$C, "Town") | C57: =COUNTIFS(MatchHistory!B:B, A57, MatchHistory!C:C, "Town", MatchHistory!D:D, "Win") | D57: =IFERROR(__xludf.DUMMYFUNCTION("TO_PERCENT($B57/$J57)"),1.0) | E57: =IFERROR(__xludf.DUMMYFUNCTION("IF(EQ($B57, 0), TO_PERCENT(0), TO_PERCENT($C57/$B57))"),0.5) | F57: =COUNTIFS(MatchHistory!$B:$B, $A57, MatchHistory!$C:$C, "Mafia") | G57: =COUNTIFS(MatchHistory!$B:$B, $A57, MatchHistory!$C:$C, "Mafia", MatchHistory!$D:$D, "Win") | H57: =IFERROR(__xludf.DUMMYFUNCTION("TO_PERCENT($F57/$J57)"),0.0) | I57: =IFERROR(__xludf.DUMMYFUNCTION("TO_PERCENT(IFERROR($G57/$F57, 0))"),0.0) | J57: =SUM(F57, B57) | K57: =IFERROR(__xludf.DUMMYFUNCTION("TO_PERCENT(IFERROR(($G57+$C57)/($F57+$B57), 0))"),0.5) | L57: {=INDEX(MatchHistory!$G:$G,MATCH(1,(MatchHistory!$B:$B=$A57)*(MatchHistory!$G:$G<>""),0))} | M57: {=INDEX(MatchHistory!$H:$H,MATCH(1,(MatchHistory!$B:$B=$A57)*(MatchHistory!$H:$H<>""),0))} | N57: {=INDEX(MatchHistory!$J:$J,MATCH(1,(MatchHistory!$B:$B=$A57)*(MatchHistory!$J:$J<>""),0))}
A58: Laura | B58: =COUNTIFS(MatchHistory!$B:$B, $A58, MatchHistory!$C:$C, "Town") | C58: =COUNTIFS(MatchHistory!B:B, A58, MatchHistory!C:C, "Town", MatchHistory!D:D, "Win") | D58: =IFERROR(__xludf.DUMMYFUNCTION("TO_PERCENT($B58/$J58)"),1.0) | E58: =IFERROR(__xludf.DUMMYFUNCTION("IF(EQ($B58, 0), TO_PERCENT(0), TO_PERCENT($C58/$B58))"),0.5) | F58: =COUNTIFS(MatchHistory!$B:$B, $A58, MatchHistory!$C:$C, "Mafia") | G58: =COUNTIFS(MatchHistory!$B:$B, $A58, MatchHistory!$C:$C, "Mafia", MatchHistory!$D:$D, "Win") | H58: =IFERROR(__xludf.DUMMYFUNCTION("TO_PERCENT($F58/$J58)"),0.0) | I58: =IFERROR(__xludf.DUMMYFUNCTION("TO_PERCENT(IFERROR($G58/$F58, 0))"),0.0) | J58: =SUM(F58, B58) | K58: =IFERROR(__xludf.DUMMYFUNCTION("TO_PERCENT(IFERROR(($G58+$C58)/($F58+$B58), 0))"),0.5) | L58: {=INDEX(MatchHistory!$G:$G,MATCH(1,(MatchHistory!$B:$B=$A58)*(MatchHistory!$G:$G<>""),0))} | M58: {=INDEX(MatchHistory!$H:$H,MATCH(1,(MatchHistory!$B:$B=$A58)*(MatchHistory!$H:$H<>""),0))} | N58: {=INDEX(MatchHistory!$J:$J,MATCH(1,(MatchHistory!$B:$B=$A58)*(MatchHistory!$J:$J<>""),0))}
A59: Dani | B59: =COUNTIFS(MatchHistory!$B:$B, $A59, MatchHistory!$C:$C, "Town") | C59: =COUNTIFS(MatchHistory!B:B, A59, MatchHistory!C:C, "Town", MatchHistory!D:D, "Win") | D59: =IFERROR(__xludf.DUMMYFUNCTION("TO_PERCENT($B59/$J59)"),1.0) | E59: =IFERROR(__xludf.DUMMYFUNCTION("IF(EQ($B59, 0), TO_PERCENT(0), TO_PERCENT($C59/$B59))"),0.2222222222222222) | F59: =COUNTIFS(MatchHistory!$B:$B, $A59, MatchHistory!$C:$C, "Mafia") | G59: =COUNTIFS(MatchHistory!$B:$B, $A59, MatchHistory!$C:$C, "Mafia", MatchHistory!$D:$D, "Win") | H59: =IFERROR(__xludf.DUMMYFUNCTION("TO_PERCENT($F59/$J59)"),0.0) | I59: =IFERROR(__xludf.DUMMYFUNCTION("TO_PERCENT(IFERROR($G59/$F59, 0))"),0.0) | J59: =SUM(F59, B59) | K59: =IFERROR(__xludf.DUMMYFUNCTION("TO_PERCENT(IFERROR(($G59+$C59)/($F59+$B59), 0))"),0.2222222222222222) | L59: {=INDEX(MatchHistory!$G:$G,MATCH(1,(MatchHistory!$B:$B=$A59)*(MatchHistory!$G:$G<>""),0))} | M59: {=INDEX(MatchHistory!$H:$H,MATCH(1,(MatchHistory!$B:$B=$A59)*(MatchHistory!$H:$H<>""),0))} | N59: {=INDEX(MatchHistory!$J:$J,MATCH(1,(MatchHistory!$B:$B=$A59)*(MatchHistory!$J:$J<>""),0))}
A60: 23flash | B60: =COUNTIFS(MatchHistory!$B:$B, $A60, MatchHistory!$C:$C, "Town") | C60: =COUNTIFS(MatchHistory!B:B, A60, MatchHistory!C:C, "Town", MatchHistory!D:D, "Win") | D60: =IFERROR(__xludf.DUMMYFUNCTION("TO_PERCENT($B60/$J60)"),0.7142857142857143) | E60: =IFERROR(__xludf.DUMMYFUNCTION("IF(EQ($B60, 0), TO_PERCENT(0), TO_PERCENT($C60/$B60))"),0.4) | F60: =COUNTIFS(MatchHistory!$B:$B, $A60, MatchHistory!$C:$C, "Mafia") | G60: =COUNTIFS(MatchHistory!$B:$B, $A60, MatchHistory!$C:$C, "Mafia", MatchHistory!$D:$D, "Win") | H60: =IFERROR(__xludf.DUMMYFUNCTION("TO_PERCENT($F60/$J60)"),0.2857142857142857) | I60: =IFERROR(__xludf.DUMMYFUNCTION("TO_PERCENT(IFERROR($G60/$F60, 0))"),0.5) | J60: =SUM(F60, B60) | K60: =IFERROR(__xludf.DUMMYFUNCTION("TO_PERCENT(IFERROR(($G60+$C60)/($F60+$B60), 0))"),0.42857142857142855) | L60: {=INDEX(MatchHistory!$G:$G,MATCH(1,(MatchHistory!$B:$B=$A60)*(MatchHistory!$G:$G<>""),0))} | M60: {=INDEX(MatchHistory!$H:$H,MATCH(1,(MatchHistory!$B:$B=$A60)*(MatchHistory!$H:$H<>""),0))} | N60: {=INDEX(MatchHistory!$J:$J,MATCH(1,(MatchHistory!$B:$B=$A60)*(MatchHistory!$J:$J<>""),0))}
A61: Wyz | B61: =COUNTIFS(MatchHistory!$B:$B, $A61, MatchHistory!$C:$C, "Town") | C61: =COUNTIFS(MatchHistory!B:B, A61, MatchHistory!C:C, "Town", MatchHistory!D:D, "Win") | D61: =IFERROR(__xludf.DUMMYFUNCTION("TO_PERCENT($B61/$J61)"),1.0) | E61: =IFERROR(__xludf.DUMMYFUNCTION("IF(EQ($B61, 0), TO_PERCENT(0), TO_PERCENT($C61/$B61))"),0.5) | F61: =COUNTIFS(MatchHistory!$B:$B, $A61, MatchHistory!$C:$C, "Mafia") | G61: =COUNTIFS(MatchHistory!$B:$B, $A61, MatchHistory!$C:$C, "Mafia", MatchHistory!$D:$D, "Win") | H61: =IFERROR(__xludf.DUMMYFUNCTION("TO_PERCENT($F61/$J61)"),0.0) | I61: =IFERROR(__xludf.DUMMYFUNCTION("TO_PERCENT(IFERROR($G61/$F61, 0))"),0.0) | J61: =SUM(F61, B61) | K61: =IFERROR(__xludf.DUMMYFUNCTION("TO_PERCENT(IFERROR(($G61+$C61)/($F61+$B61), 0))"),0.5) | L61: {=INDEX(MatchHistory!$G:$G,MATCH(1,(MatchHistory!$B:$B=$A61)*(MatchHistory!$G:$G<>""),0))} | M61: {=INDEX(MatchHistory!$H:$H,MATCH(1,(MatchHistory!$B:$B=$A61)*(MatchHistory!$H:$H<>""),0))} | N61: {=INDEX(MatchHistory!$J:$J,MATCH(1,(MatchHistory!$B:$B=$A61)*(MatchHistory!$J:$J<>""),0))}
A62: Heftyduck | B62: =COUNTIFS(MatchHistory!$B:$B, $A62, MatchHistory!$C:$C, "Town") | C62: =COUNTIFS(MatchHistory!B:B, A62, MatchHistory!C:C, "Town", MatchHistory!D:D, "Win") | D62: =IFERROR(__xludf.DUMMYFUNCTION("TO_PERCENT($B62/$J62)"),0.5) | E62: =IFERROR(__xludf.DUMMYFUNCTION("IF(EQ($B62, 0), TO_PERCENT(0), TO_PERCENT($C62/$B62))"),0.0) | F62: =COUNTIFS(MatchHistory!$B:$B, $A62, MatchHistory!$C:$C, "Mafia") | G62: =COUNTIFS(MatchHistory!$B:$B, $A62, MatchHistory!$C:$C, "Mafia", MatchHistory!$D:$D, "Win") | H62: =IFERROR(__xludf.DUMMYFUNCTION("TO_PERCENT($F62/$J62)"),0.5) | I62: =IFERROR(__xludf.DUMMYFUNCTION("TO_PERCENT(IFERROR($G62/$F62, 0))"),1.0) | J62: =SUM(F62, B62) | K62: =IFERROR(__xludf.DUMMYFUNCTION("TO_PERCENT(IFERROR(($G62+$C62)/($F62+$B62), 0))"),0.5) | L62: {=INDEX(MatchHistory!$G:$G,MATCH(1,(MatchHistory!$B:$B=$A62)*(MatchHistory!$G:$G<>""),0))} | M62: {=INDEX(MatchHistory!$H:$H,MATCH(1,(MatchHistory!$B:$B=$A62)*(MatchHistory!$H:$H<>""),0))} | N62: {=INDEX(MatchHistory!$J:$J,MATCH(1,(MatchHistory!$B:$B=$A62)*(MatchHistory!$J:$J<>""),0))}
A63: Jonas | B63: =COUNTIFS(MatchHistory!$B:$B, $A63, MatchHistory!$C:$C, "Town") | C63: =COUNTIFS(MatchHistory!B:B, A63, MatchHistory!C:C, "Town", MatchHistory!D:D, "Win") | D63: =IFERROR(__xludf.DUMMYFUNCTION("TO_PERCENT($B63/$J63)"),0.5) | E63: =IFERROR(__xludf.DUMMYFUNCTION("IF(EQ($B63, 0), TO_PERCENT(0), TO_PERCENT($C63/$B63))"),0.0) | F63: =COUNTIFS(MatchHistory!$B:$B, $A63, MatchHistory!$C:$C, "Mafia") | G63: =COUNTIFS(MatchHistory!$B:$B, $A63, MatchHistory!$C:$C, "Mafia", MatchHistory!$D:$D, "Win") | H63: =IFERROR(__xludf.DUMMYFUNCTION("TO_PERCENT($F63/$J63)"),0.5) | I63: =IFERROR(__xludf.DUMMYFUNCTION("TO_PERCENT(IFERROR($G63/$F63, 0))"),1.0) | J63: =SUM(F63, B63) | K63: =IFERROR(__xludf.DUMMYFUNCTION("TO_PERCENT(IFERROR(($G63+$C63)/($F63+$B63), 0))"),0.5) | L63: {=INDEX(MatchHistory!$G:$G,MATCH(1,(MatchHistory!$B:$B=$A63)*(MatchHistory!$G:$G<>""),0))} | M63: {=INDEX(MatchHistory!$H:$H,MATCH(1,(MatchHistory!$B:$B=$A63)*(MatchHistory!$H:$H<>""),0))} | N63: {=INDEX(MatchHistory!$J:$J,MATCH(1,(MatchHistory!$B:$B=$A63)*(MatchHistory!$J:$J<>""),0))}
A64: Asiansam | B64: =COUNTIFS(MatchHistory!$B:$B, $A64, MatchHistory!$C:$C, "Town") | C64: =COUNTIFS(MatchHistory!B:B, A64, MatchHistory!C:C, "Town", MatchHistory!D:D, "Win") | D64: =IFERROR(__xludf.DUMMYFUNCTION("TO_PERCENT($B64/$J64)"),0.5) | E64: =IFERROR(__xludf.DUMMYFUNCTION("IF(EQ($B64, 0), TO_PERCENT(0), TO_PERCENT($C64/$B64))"),0.5) | F64: =COUNTIFS(MatchHistory!$B:$B, $A64, MatchHistory!$C:$C, "Mafia") | G64: =COUNTIFS(MatchHistory!$B:$B, $A64, MatchHistory!$C:$C, "Mafia", MatchHistory!$D:$D, "Win") | H64: =IFERROR(__xludf.DUMMYFUNCTION("TO_PERCENT($F64/$J64)"),0.5) | I64: =IFERROR(__xludf.DUMMYFUNCTION("TO_PERCENT(IFERROR($G64/$F64, 0))"),0.5) | J64: =SUM(F64, B64) | K64: =IFERROR(__xludf.DUMMYFUNCTION("TO_PERCENT(IFERROR(($G64+$C64)/($F64+$B64), 0))"),0.5) | L64: {=INDEX(MatchHistory!$G:$G,MATCH(1,(MatchHistory!$B:$B=$A64)*(MatchHistory!$G:$G<>""),0))} | M64: {=INDEX(MatchHistory!$H:$H,MATCH(1,(MatchHistory!$B:$B=$A64)*(MatchHistory!$H:$H<>""),0))} | N64: {=INDEX(MatchHistory!$J:$J,MATCH(1,(MatchHistory!$B:$B=$A64)*(MatchHistory!$J:$J<>""),0))}
A65: Steep | B65: =COUNTIFS(MatchHistory!$B:$B, $A65, MatchHistory!$C:$C, "Town") | C65: =COUNTIFS(MatchHistory!B:B, A65, MatchHistory!C:C, "Town", MatchHistory!D:D, "Win") | D65: =IFERROR(__xludf.DUMMYFUNCTION("TO_PERCENT($B65/$J65)"),0.6666666666666666) | E65: =IFERROR(__xludf.DUMMYFUNCTION("IF(EQ($B65, 0), TO_PERCENT(0), TO_PERCENT($C65/$B65))"),0.5) | F65: =COUNTIFS(MatchHistory!$B:$B, $A65, MatchHistory!$C:$C, "Mafia") | G65: =COUNTIFS(MatchHistory!$B:$B, $A65, MatchHistory!$C:$C, "Mafia", MatchHistory!$D:$D, "Win") | H65: =IFERROR(__xludf.DUMMYFUNCTION("TO_PERCENT($F65/$J65)"),0.3333333333333333) | I65: =IFERROR(__xludf.DUMMYFUNCTION("TO_PERCENT(IFERROR($G65/$F65, 0))"),0.0) | J65: =SUM(F65, B65) | K65: =IFERROR(__xludf.DUMMYFUNCTION("TO_PERCENT(IFERROR(($G65+$C65)/($F65+$B65), 0))"),0.3333333333333333) | L65: {=INDEX(MatchHistory!$G:$G,MATCH(1,(MatchHistory!$B:$B=$A65)*(MatchHistory!$G:$G<>""),0))} | M65: {=INDEX(MatchHistory!$H:$H,MATCH(1,(MatchHistory!$B:$B=$A65)*(MatchHistory!$H:$H<>""),0))} | N65: {=INDEX(MatchHistory!$J:$J,MATCH(1,(MatchHistory!$B:$B=$A65)*(MatchHistory!$J:$J<>""),0))}
A66: Doublea | B66: =COUNTIFS(MatchHistory!$B:$B, $A66, MatchHistory!$C:$C, "Town") | C66: =COUNTIFS(MatchHistory!B:B, A66, MatchHistory!C:C, "Town", MatchHistory!D:D, "Win") | D66: =IFERROR(__xludf.DUMMYFUNCTION("TO_PERCENT($B66/$J66)"),0.7083333333333334) | E66: =IFERROR(__xludf.DUMMYFUNCTION("IF(EQ($B66, 0), TO_PERCENT(0), TO_PERCENT($C66/$B66))"),0.35294117647058826) | F66: =COUNTIFS(MatchHistory!$B:$B, $A66, MatchHistory!$C:$C, "Mafia") | G66: =COUNTIFS(MatchHistory!$B:$B, $A66, MatchHistory!$C:$C, "Mafia", MatchHistory!$D:$D, "Win") | H66: =IFERROR(__xludf.DUMMYFUNCTION("TO_PERCENT($F66/$J66)"),0.2916666666666667) | I66: =IFERROR(__xludf.DUMMYFUNCTION("TO_PERCENT(IFERROR($G66/$F66, 0))"),0.5714285714285714) | J66: =SUM(F66, B66) | K66: =IFERROR(__xludf.DUMMYFUNCTION("TO_PERCENT(IFERROR(($G66+$C66)/($F66+$B66), 0))"),0.4166666666666667) | L66: {=INDEX(MatchHistory!$G:$G,MATCH(1,(MatchHistory!$B:$B=$A66)*(MatchHistory!$G:$G<>""),0))} | M66: {=INDEX(MatchHistory!$H:$H,MATCH(1,(MatchHistory!$B:$B=$A66)*(MatchHistory!$H:$H<>""),0))} | N66: {=INDEX(MatchHistory!$J:$J,MATCH(1,(MatchHistory!$B:$B=$A66)*(MatchHistory!$J:$J<>""),0))}
A67: Kango | B67: =COUNTIFS(MatchHistory!$B:$B, $A67, MatchHistory!$C:$C, "Town") | C67: =COUNTIFS(MatchHistory!B:B, A67, MatchHistory!C:C, "Town", MatchHistory!D:D, "Win") | D67: =IFERROR(__xludf.DUMMYFUNCTION("TO_PERCENT($B67/$J67)"),1.0) | E67: =IFERROR(__xludf.DUMMYFUNCTION("IF(EQ($B67, 0), TO_PERCENT(0), TO_PERCENT($C67/$B67))"),0.0) | F67: =COUNTIFS(MatchHistory!$B:$B, $A67, MatchHistory!$C:$C, "Mafia") | G67: =COUNTIFS(MatchHistory!$B:$B, $A67, MatchHistory!$C:$C, "Mafia", MatchHistory!$D:$D, "Win") | H67: =IFERROR(__xludf.DUMMYFUNCTION("TO_PERCENT($F67/$J67)"),0.0) | I67: =IFERROR(__xludf.DUMMYFUNCTION("TO_PERCENT(IFERROR($G67/$F67, 0))"),0.0) | J67: =SUM(F67, B67) | K67: =IFERROR(__xludf.DUMMYFUNCTION("TO_PERCENT(IFERROR(($G67+$C67)/($F67+$B67), 0))"),0.0) | L67: {=INDEX(MatchHistory!$G:$G,MATCH(1,(MatchHistory!$B:$B=$A67)*(MatchHistory!$G:$G<>""),0))} | M67: {=INDEX(MatchHistory!$H:$H,MATCH(1,(MatchHistory!$B:$B=$A67)*(MatchHistory!$H:$H<>""),0))} | N67: {=INDEX(MatchHistory!$J:$J,MATCH(1,(MatchHistory!$B:$B=$A67)*(MatchHistory!$J:$J<>""),0))}
A68: Lombax | B68: =COUNTIFS(MatchHistory!$B:$B, $A68, MatchHistory!$C:$C, "Town") | C68: =COUNTIFS(MatchHistory!B:B, A68, MatchHistory!C:C, "Town", MatchHistory!D:D, "Win") | D68: =IFERROR(__xludf.DUMMYFUNCTION("TO_PERCENT($B68/$J68)"),0.625) | E68: =IFERROR(__xludf.DUMMYFUNCTION("IF(EQ($B68, 0), TO_PERCENT(0), TO_PERCENT($C68/$B68))"),0.2) | F68: =COUNTIFS(MatchHistory!$B:$B, $A68, MatchHistory!$C:$C, "Mafia") | G68: =COUNTIFS(MatchHistory!$B:$B, $A68, MatchHistory!$C:$C, "Mafia", MatchHistory!$D:$D, "Win") | H68: =IFERROR(__xludf.DUMMYFUNCTION("TO_PERCENT($F68/$J68)"),0.375) | I68: =IFERROR(__xludf.DUMMYFUNCTION("TO_PERCENT(IFERROR($G68/$F68, 0))"),0.6666666666666666) | J68: =SUM(F68, B68) | K68: =IFERROR(__xludf.DUMMYFUNCTION("TO_PERCENT(IFERROR(($G68+$C68)/($F68+$B68), 0))"),0.375) | L68: {=INDEX(MatchHistory!$G:$G,MATCH(1,(MatchHistory!$B:$B=$A68)*(MatchHistory!$G:$G<>""),0))} | M68: {=INDEX(MatchHistory!$H:$H,MATCH(1,(MatchHistory!$B:$B=$A68)*(MatchHistory!$H:$H<>""),0))} | N68: {=INDEX(MatchHistory!$J:$J,MATCH(1,(MatchHistory!$B:$B=$A68)*(MatchHistory!$J:$J<>""),0))}
A69: Daniel | B69: =COUNTIFS(MatchHistory!$B:$B, $A69, MatchHistory!$C:$C, "Town") | C69: =COUNTIFS(MatchHistory!B:B, A69, MatchHistory!C:C, "Town", MatchHistory!D:D, "Win") | D69: =IFERROR(__xludf.DUMMYFUNCTION("TO_PERCENT($B69/$J69)"),1.0) | E69: =IFERROR(__xludf.DUMMYFUNCTION("IF(EQ($B69, 0), TO_PERCENT(0), TO_PERCENT($C69/$B69))"),0.0) | F69: =COUNTIFS(MatchHistory!$B:$B, $A69, MatchHistory!$C:$C, "Mafia") | G69: =COUNTIFS(MatchHistory!$B:$B, $A69, MatchHistory!$C:$C, "Mafia", MatchHistory!$D:$D, "Win") | H69: =IFERROR(__xludf.DUMMYFUNCTION("TO_PERCENT($F69/$J69)"),0.0) | I69: =IFERROR(__xludf.DUMMYFUNCTION("TO_PERCENT(IFERROR($G69/$F69, 0))"),0.0) | J69: =SUM(F69, B69) | K69: =IFERROR(__xludf.DUMMYFUNCTION("TO_PERCENT(IFERROR(($G69+$C69)/($F69+$B69), 0))"),0.0) | L69: {=INDEX(MatchHistory!$G:$G,MATCH(1,(MatchHistory!$B:$B=$A69)*(MatchHistory!$G:$G<>""),0))} | M69: {=INDEX(MatchHistory!$H:$H,MATCH(1,(MatchHistory!$B:$B=$A69)*(MatchHistory!$H:$H<>""),0))} | N69: {=INDEX(MatchHistory!$J:$J,MATCH(1,(MatchHistory!$B:$B=$A69)*(MatchHistory!$J:$J<>""),0))}
A70: Kwix | B70: =COUNTIFS(MatchHistory!$B:$B, $A70, MatchHistory!$C:$C, "Town") | C70: =COUNTIFS(MatchHistory!B:B, A70, MatchHistory!C:C, "Town", MatchHistory!D:D, "Win") | D70: =IFERROR(__xludf.DUMMYFUNCTION("TO_PERCENT($B70/$J70)"),0.7555555555555555) | E70: =IFERROR(__xludf.DUMMYFUNCTION("IF(EQ($B70, 0), TO_PERCENT(0), TO_PERCENT($C70/$B70))"),0.38235294117647056) | F70: =COUNTIFS(MatchHistory!$B:$B, $A70, MatchHistory!$C:$C, "Mafia") | G70: =COUNTIFS(MatchHistory!$B:$B, $A70, MatchHistory!$C:$C, "Mafia", MatchHistory!$D:$D, "Win") | H70: =IFERROR(__xludf.DUMMYFUNCTION("TO_PERCENT($F70/$J70)"),0.24444444444444444) | I70: =IFERROR(__xludf.DUMMYFUNCTION("TO_PERCENT(IFERROR($G70/$F70, 0))"),0.45454545454545453) | J70: =SUM(F70, B70) | K70: =IFERROR(__xludf.DUMMYFUNCTION("TO_PERCENT(IFERROR(($G70+$C70)/($F70+$B70), 0))"),0.4) | L70: {=INDEX(MatchHistory!$G:$G,MATCH(1,(MatchHistory!$B:$B=$A70)*(MatchHistory!$G:$G<>""),0))} | M70: {=INDEX(MatchHistory!$H:$H,MATCH(1,(MatchHistory!$B:$B=$A70)*(MatchHistory!$H:$H<>""),0))} | N70: {=INDEX(MatchHistory!$J:$J,MATCH(1,(MatchHistory!$B:$B=$A70)*(MatchHistory!$J:$J<>""),0))}
A71: Sunspot | B71: =COUNTIFS(MatchHistory!$B:$B, $A71, MatchHistory!$C:$C, "Town") | C71: =COUNTIFS(MatchHistory!B:B, A71, MatchHistory!C:C, "Town", MatchHistory!D:D, "Win") | D71: =IFERROR(__xludf.DUMMYFUNCTION("TO_PERCENT($B71/$J71)"),1.0) | E71: =IFERROR(__xludf.DUMMYFUNCTION("IF(EQ($B71, 0), TO_PERCENT(0), TO_PERCENT($C71/$B71))"),0.0) | F71: =COUNTIFS(MatchHistory!$B:$B, $A71, MatchHistory!$C:$C, "Mafia") | G71: =COUNTIFS(MatchHistory!$B:$B, $A71, MatchHistory!$C:$C, "Mafia", MatchHistory!$D:$D, "Win") | H71: =IFERROR(__xludf.DUMMYFUNCTION("TO_PERCENT($F71/$J71)"),0.0) | I71: =IFERROR(__xludf.DUMMYFUNCTION("TO_PERCENT(IFERROR($G71/$F71, 0))"),0.0) | J71: =SUM(F71, B71) | K71: =IFERROR(__xludf.DUMMYFUNCTION("TO_PERCENT(IFERROR(($G71+$C71)/($F71+$B71), 0))"),0.0) | L71: {=INDEX(MatchHistory!$G:$G,MATCH(1,(MatchHistory!$B:$B=$A71)*(MatchHistory!$G:$G<>""),0))} | M71: {=INDEX(MatchHistory!$H:$H,MATCH(1,(MatchHistory!$B:$B=$A71)*(MatchHistory!$H:$H<>""),0))} | N71: {=INDEX(MatchHistory!$J:$J,MATCH(1,(MatchHistory!$B:$B=$A71)*(MatchHistory!$J:$J<>""),0))}
A72: Zesta | B72: =COUNTIFS(MatchHistory!$B:$B, $A72, MatchHistory!$C:$C, "Town") | C72: =COUNTIFS(MatchHistory!B:B, A72, MatchHistory!C:C, "Town", MatchHistory!D:D, "Win") | D72: =IFERROR(__xludf.DUMMYFUNCTION("TO_PERCENT($B72/$J72)"),1.0) | E72: =IFERROR(__xludf.DUMMYFUNCTION("IF(EQ($B72, 0), TO_PERCENT(0), TO_PERCENT($C72/$B72))"),0.0) | F72: =COUNTIFS(MatchHistory!$B:$B, $A72, MatchHistory!$C:$C, "Mafia") | G72: =COUNTIFS(MatchHistory!$B:$B, $A72, MatchHistory!$C:$C, "Mafia", MatchHistory!$D:$D, "Win") | H72: =IFERROR(__xludf.DUMMYFUNCTION("TO_PERCENT($F72/$J72)"),0.0) | I72: =IFERROR(__xludf.DUMMYFUNCTION("TO_PERCENT(IFERROR($G72/$F72, 0))"),0.0) | J72: =SUM(F72, B72) | K72: =IFERROR(__xludf.DUMMYFUNCTION("TO_PERCENT(IFERROR(($G72+$C72)/($F72+$B72), 0))"),0.0) | L72: {=INDEX(MatchHistory!$G:$G,MATCH(1,(MatchHistory!$B:$B=$A72)*(MatchHistory!$G:$G<>""),0))} | M72: {=INDEX(MatchHistory!$H:$H,MATCH(1,(MatchHistory!$B:$B=$A72)*(MatchHistory!$H:$H<>""),0))} | N72: {=INDEX(MatchHistory!$J:$J,MATCH(1,(MatchHistory!$B:$B=$A72)*(MatchHistory!$J:$J<>""),0))}
A73: Relm | B73: =COUNTIFS(MatchHistory!$B:$B, $A73, MatchHistory!$C:$C, "Town") | C73: =COUNTIFS(MatchHistory!B:B, A73, MatchHistory!C:C, "Town", MatchHistory!D:D, "Win") | D73: =IFERROR(__xludf.DUMMYFUNCTION("TO_PERCENT($B73/$J73)"),1.0) | E73: =IFERROR(__xludf.DUMMYFUNCTION("IF(EQ($B73, 0), TO_PERCENT(0), TO_PERCENT($C73/$B73))"),0.0) | F73: =COUNTIFS(MatchHistory!$B:$B, $A73, MatchHistory!$C:$C, "Mafia") | G73: =COUNTIFS(MatchHistory!$B:$B, $A73, MatchHistory!$C:$C, "Mafia", MatchHistory!$D:$D, "Win") | H73: =IFERROR(__xludf.DUMMYFUNCTION("TO_PERCENT($F73/$J73)"),0.0) | I73: =IFERROR(__xludf.DUMMYFUNCTION("TO_PERCENT(IFERROR($G73/$F73, 0))"),0.0) | J73: =SUM(F73, B73) | K73: =IFERROR(__xludf.DUMMYFUNCTION("TO_PERCENT(IFERROR(($G73+$C73)/($F73+$B73), 0))"),0.0) | L73: {=INDEX(MatchHistory!$G:$G,MATCH(1,(MatchHistory!$B:$B=$A73)*(MatchHistory!$G:$G<>""),0))} | M73: {=INDEX(MatchHistory!$H:$H,MATCH(1,(MatchHistory!$B:$B=$A73)*(MatchHistory!$H:$H<>""),0))} | N73: {=INDEX(MatchHistory!$J:$J,MATCH(1,(MatchHistory!$B:$B=$A73)*(MatchHistory!$J:$J<>""),0))}
A74: Pie | B74: =COUNTIFS(MatchHistory!$B:$B, $A74, MatchHistory!$C:$C, "Town") | C74: =COUNTIFS(MatchHistory!B:B, A74, MatchHistory!C:C, "Town", MatchHistory!D:D, "Win") | D74: =IFERROR(__xludf.DUMMYFUNCTION("TO_PERCENT($B74/$J74)"),0.0) | E74: =IFERROR(__xludf.DUMMYFUNCTION("IF(EQ($B74, 0), TO_PERCENT(0), TO_PERCENT($C74/$B74))"),0.0) | F74: =COUNTIFS(MatchHistory!$B:$B, $A74, MatchHistory!$C:$C, "Mafia") | G74: =COUNTIFS(MatchHistory!$B:$B, $A74, MatchHistory!$C:$C, "Mafia", MatchHistory!$D:$D, "Win") | H74: =IFERROR(__xludf.DUMMYFUNCTION("TO_PERCENT($F74/$J74)"),1.0) | I74: =IFERROR(__xludf.DUMMYFUNCTION("TO_PERCENT(IFERROR($G74/$F74, 0))"),0.0) | J74: =SUM(F74, B74) | K74: =IFERROR(__xludf.DUMMYFUNCTION("TO_PERCENT(IFERROR(($G74+$C74)/($F74+$B74), 0))"),0.0) | L74: {=INDEX(MatchHistory!$G:$G,MATCH(1,(MatchHistory!$B:$B=$A74)*(MatchHistory!$G:$G<>""),0))} | M74: {=INDEX(MatchHistory!$H:$H,MATCH(1,(MatchHistory!$B:$B=$A74)*(MatchHistory!$H:$H<>""),0))} | N74: {=INDEX(MatchHistory!$J:$J,MATCH(1,(MatchHistory!$B:$B=$A74)*(MatchHistory!$J:$J<>""),0))}
A75: Raf | B75: =COUNTIFS(MatchHistory!$B:$B, $A75, MatchHistory!$C:$C, "Town") | C75: =COUNTIFS(MatchHistory!B:B, A75, MatchHistory!C:C, "Town", MatchHistory!D:D, "Win") | D75: =IFERROR(__xludf.DUMMYFUNCTION("TO_PERCENT($B75/$J75)"),1.0) | E75: =IFERROR(__xludf.DUMMYFUNCTION("IF(EQ($B75, 0), TO_PERCENT(0), TO_PERCENT($C75/$B75))"),0.0) | F75: =COUNTIFS(MatchHistory!$B:$B, $A75, MatchHistory!$C:$C, "Mafia") | G75: =COUNTIFS(MatchHistory!$B:$B, $A75, MatchHistory!$C:$C, "Mafia", MatchHistory!$D:$D, "Win") | H75: =IFERROR(__xludf.DUMMYFUNCTION("TO_PERCENT($F75/$J75)"),0.0) | I75: =IFERROR(__xludf.DUMMYFUNCTION("TO_PERCENT(IFERROR($G75/$F75, 0))"),0.0) | J75: =SUM(F75, B75) | K75: =IFERROR(__xludf.DUMMYFUNCTION("TO_PERCENT(IFERROR(($G75+$C75)/($F75+$B75), 0))"),0.0) | L75: {=INDEX(MatchHistory!$G:$G,MATCH(1,(MatchHistory!$B:$B=$A75)*(MatchHistory!$G:$G<>""),0))} | M75: {=INDEX(MatchHistory!$H:$H,MATCH(1,(MatchHistory!$B:$B=$A75)*(MatchHistory!$H:$H<>""),0))} | N75: {=INDEX(MatchHistory!$J:$J,MATCH(1,(MatchHistory!$B:$B=$A75)*(MatchHistory!$J:$J<>""),0))}
A76: Decode | B76: =COUNTIFS(MatchHistory!$B:$B, $A76, MatchHistory!$C:$C, "Town") | C76: =COUNTIFS(MatchHistory!B:B, A76, MatchHistory!C:C, "Town", MatchHistory!D:D, "Win") | D76: =IFERROR(__xludf.DUMMYFUNCTION("TO_PERCENT($B76/$J76)"),0.8) | E76: =IFERROR(__xludf.DUMMYFUNCTION("IF(EQ($B76, 0), TO_PERCENT(0), TO_PERCENT($C76/$B76))"),0.375) | F76: =COUNTIFS(MatchHistory!$B:$B, $A76, MatchHistory!$C:$C, "Mafia") | G76: =COUNTIFS(MatchHistory!$B:$B, $A76, MatchHistory!$C:$C, "Mafia", MatchHistory!$D:$D, "Win") | H76: =IFERROR(__xludf.DUMMYFUNCTION("TO_PERCENT($F76/$J76)"),0.2) | I76: =IFERROR(__xludf.DUMMYFUNCTION("TO_PERCENT(IFERROR($G76/$F76, 0))"),0.25) | J76: =SUM(F76, B76) | K76: =IFERROR(__xludf.DUMMYFUNCTION("TO_PERCENT(IFERROR(($G76+$C76)/($F76+$B76), 0))"),0.35) | L76: {=INDEX(MatchHistory!$G:$G,MATCH(1,(MatchHistory!$B:$B=$A76)*(MatchHistory!$G:$G<>""),0))} | M76: {=INDEX(MatchHistory!$H:$H,MATCH(1,(MatchHistory!$B:$B=$A76)*(MatchHistory!$H:$H<>""),0))} | N76: {=INDEX(MatchHistory!$J:$J,MATCH(1,(MatchHistory!$B:$B=$A76)*(MatchHistory!$J:$J<>""),0))}
A77: Matt | B77: =COUNTIFS(MatchHistory!$B:$B, $A77, MatchHistory!$C:$C, "Town") | C77: =COUNTIFS(MatchHistory!B:B, A77, MatchHistory!C:C, "Town", MatchHistory!D:D, "Win") | D77: =IFERROR(__xludf.DUMMYFUNCTION("TO_PERCENT($B77/$J77)"),1.0) | E77: =IFERROR(__xludf.DUMMYFUNCTION("IF(EQ($B77, 0), TO_PERCENT(0), TO_PERCENT($C77/$B77))"),0.0) | F77: =COUNTIFS(MatchHistory!$B:$B, $A77, MatchHistory!$C:$C, "Mafia") | G77: =COUNTIFS(MatchHistory!$B:$B, $A77, MatchHistory!$C:$C, "Mafia", MatchHistory!$D:$D, "Win") | H77: =IFERROR(__xludf.DUMMYFUNCTION("TO_PERCENT($F77/$J77)"),0.0) | I77: =IFERROR(__xludf.DUMMYFUNCTION("TO_PERCENT(IFERROR($G77/$F77, 0))"),0.0) | J77: =SUM(F77, B77) | K77: =IFERROR(__xludf.DUMMYFUNCTION("TO_PERCENT(IFERROR(($G77+$C77)/($F77+$B77), 0))"),0.0) | L77: {=INDEX(MatchHistory!$G:$G,MATCH(1,(MatchHistory!$B:$B=$A77)*(MatchHistory!$G:$G<>""),0))} | M77: {=INDEX(MatchHistory!$H:$H,MATCH(1,(MatchHistory!$B:$B=$A77)*(MatchHistory!$H:$H<>""),0))} | N77: {=INDEX(MatchHistory!$J:$J,MATCH(1,(MatchHistory!$B:$B=$A77)*(MatchHistory!$J:$J<>""),0))}
A78: Lovekilling | B78: =COUNTIFS(MatchHistory!$B:$B, $A78, MatchHistory!$C:$C, "Town") | C78: =COUNTIFS(MatchHistory!B:B, A78, MatchHistory!C:C, "Town", MatchHistory!D:D, "Win") | D78: =IFERROR(__xludf.DUMMYFUNCTION("TO_PERCENT($B78/$J78)"),0.5833333333333334) | E78: =IFERROR(__xludf.DUMMYFUNCTION("IF(EQ($B78, 0), TO_PERCENT(0), TO_PERCENT($C78/$B78))"),0.42857142857142855) | F78: =COUNTIFS(MatchHistory!$B:$B, $A78, MatchHistory!$C:$C, "Mafia") | G78: =COUNTIFS(MatchHistory!$B:$B, $A78, MatchHistory!$C:$C, "Mafia", MatchHistory!$D:$D, "Win") | H78: =IFERROR(__xludf.DUMMYFUNCTION("TO_PERCENT($F78/$J78)"),0.4166666666666667) | I78: =IFERROR(__xludf.DUMMYFUNCTION("TO_PERCENT(IFERROR($G78/$F78, 0))"),0.2) | J78: =SUM(F78, B78) | K78: =IFERROR(__xludf.DUMMYFUNCTION("TO_PERCENT(IFERROR(($G78+$C78)/($F78+$B78), 0))"),0.3333333333333333) | L78: {=INDEX(MatchHistory!$G:$G,MATCH(1,(MatchHistory!$B:$B=$A78)*(MatchHistory!$G:$G<>""),0))} | M78: {=INDEX(MatchHistory!$H:$H,MATCH(1,(MatchHistory!$B:$B=$A78)*(MatchHistory!$H:$H<>""),0))} | N78: {=INDEX(MatchHistory!$J:$J,MATCH(1,(MatchHistory!$B:$B=$A78)*(MatchHistory!$J:$J<>""),0))}
A79: Hunterxp | B79: =COUNTIFS(MatchHistory!$B:$B, $A79, MatchHistory!$C:$C, "Town") | C79: =COUNTIFS(MatchHistory!B:B, A79, MatchHistory!C:C, "Town", MatchHistory!D:D, "Win") | D79: =IFERROR(__xludf.DUMMYFUNCTION("TO_PERCENT($B79/$J79)"),0.7272727272727273) | E79: =IFERROR(__xludf.DUMMYFUNCTION("IF(EQ($B79, 0), TO_PERCENT(0), TO_PERCENT($C79/$B79))"),0.25) | F79: =COUNTIFS(MatchHistory!$B:$B, $A79, MatchHistory!$C:$C, "Mafia") | G79: =COUNTIFS(MatchHistory!$B:$B, $A79, MatchHistory!$C:$C, "Mafia", MatchHistory!$D:$D, "Win") | H79: =IFERROR(__xludf.DUMMYFUNCTION("TO_PERCENT($F79/$J79)"),0.2727272727272727) | I79: =IFERROR(__xludf.DUMMYFUNCTION("TO_PERCENT(IFERROR($G79/$F79, 0))"),0.6666666666666666) | J79: =SUM(F79, B79) | K79: =IFERROR(__xludf.DUMMYFUNCTION("TO_PERCENT(IFERROR(($G79+$C79)/($F79+$B79), 0))"),0.36363636363636365) | L79: {=INDEX(MatchHistory!$G:$G,MATCH(1,(MatchHistory!$B:$B=$A79)*(MatchHistory!$G:$G<>""),0))} | M79: {=INDEX(MatchHistory!$H:$H,MATCH(1,(MatchHistory!$B:$B=$A79)*(MatchHistory!$H:$H<>""),0))} | N79: {=INDEX(MatchHistory!$J:$J,MATCH(1,(MatchHistory!$B:$B=$A79)*(MatchHistory!$J:$J<>""),0))}
A80: Paradox | B80: =COUNTIFS(MatchHistory!$B:$B, $A80, MatchHistory!$C:$C, "Town") | C80: =COUNTIFS(MatchHistory!B:B, A80, MatchHistory!C:C, "Town", MatchHistory!D:D, "Win") | D80: =IFERROR(__xludf.DUMMYFUNCTION("TO_PERCENT($B80/$J80)"),0.0) | E80: =IFERROR(__xludf.DUMMYFUNCTION("IF(EQ($B80, 0), TO_PERCENT(0), TO_PERCENT($C80/$B80))"),0.0) | F80: =COUNTIFS(MatchHistory!$B:$B, $A80, MatchHistory!$C:$C, "Mafia") | G80: =COUNTIFS(MatchHistory!$B:$B, $A80, MatchHistory!$C:$C, "Mafia", MatchHistory!$D:$D, "Win") | H80: =IFERROR(__xludf.DUMMYFUNCTION("TO_PERCENT($F80/$J80)"),1.0) | I80: =IFERROR(__xludf.DUMMYFUNCTION("TO_PERCENT(IFERROR($G80/$F80, 0))"),0.0) | J80: =SUM(F80, B80) | K80: =IFERROR(__xludf.DUMMYFUNCTION("TO_PERCENT(IFERROR(($G80+$C80)/($F80+$B80), 0))"),0.0) | L80: {=INDEX(MatchHistory!$G:$G,MATCH(1,(MatchHistory!$B:$B=$A80)*(MatchHistory!$G:$G<>""),0))} | M80: {=INDEX(MatchHistory!$H:$H,MATCH(1,(MatchHistory!$B:$B=$A80)*(MatchHistory!$H:$H<>""),0))} | N80: {=INDEX(MatchHistory!$J:$J,MATCH(1,(MatchHistory!$B:$B=$A80)*(MatchHistory!$J:$J<>""),0))}
A81: Justice | B81: =COUNTIFS(MatchHistory!$B:$B, $A81, MatchHistory!$C:$C, "Town") | C81: =COUNTIFS(MatchHistory!B:B, A81, MatchHistory!C:C, "Town", MatchHistory!D:D, "Win") | D81: =IFERROR(__xludf.DUMMYFUNCTION("TO_PERCENT($B81/$J81)"),0.0) | E81: =IFERROR(__xludf.DUMMYFUNCTION("IF(EQ($B81, 0), TO_PERCENT(0), TO_PERCENT($C81/$B81))"),0.0) | F81: =COUNTIFS(MatchHistory!$B:$B, $A81, MatchHistory!$C:$C, "Mafia") | G81: =COUNTIFS(MatchHistory!$B:$B, $A81, MatchHistory!$C:$C, "Mafia", MatchHistory!$D:$D, "Win") | H81: =IFERROR(__xludf.DUMMYFUNCTION("TO_PERCENT($F81/$J81)"),1.0) | I81: =IFERROR(__xludf.DUMMYFUNCTION("TO_PERCENT(IFERROR($G81/$F81, 0))"),0.0) | J81: =SUM(F81, B81) | K81: =IFERROR(__xludf.DUMMYFUNCTION("TO_PERCENT(IFERROR(($G81+$C81)/($F81+$B81), 0))"),0.0) | L81: {=INDEX(MatchHistory!$G:$G,MATCH(1,(MatchHistory!$B:$B=$A81)*(MatchHistory!$G:$G<>""),0))} | M81: {=INDEX(MatchHistory!$H:$H,MATCH(1,(MatchHistory!$B:$B=$A81)*(MatchHistory!$H:$H<>""),0))} | N81: {=INDEX(MatchHistory!$J:$J,MATCH(1,(MatchHistory!$B:$B=$A81)*(MatchHistory!$J:$J<>""),0))}
A82: Happymeal | B82: =COUNTIFS(MatchHistory!$B:$B, $A82, MatchHistory!$C:$C, "Town") | C82: =COUNTIFS(MatchHistory!B:B, A82, MatchHistory!C:C, "Town", MatchHistory!D:D, "Win") | D82: =IFERROR(__xludf.DUMMYFUNCTION("TO_PERCENT($B82/$J82)"),0.7142857142857143) | E82: =IFERROR(__xludf.DUMMYFUNCTION("IF(EQ($B82, 0), TO_PERCENT(0), TO_PERCENT($C82/$B82))"),0.3) | F82: =COUNTIFS(MatchHistory!$B:$B, $A82, MatchHistory!$C:$C, "Mafia") | G82: =COUNTIFS(MatchHistory!$B:$B, $A82, MatchHistory!$C:$C, "Mafia", MatchHistory!$D:$D, "Win") | H82: =IFERROR(__xludf.DUMMYFUNCTION("TO_PERCENT($F82/$J82)"),0.2857142857142857) | I82: =IFERROR(__xludf.DUMMYFUNCTION("TO_PERCENT(IFERROR($G82/$F82, 0))"),0.25) | J82: =SUM(F82, B82) | K82: =IFERROR(__xludf.DUMMYFUNCTION("TO_PERCENT(IFERROR(($G82+$C82)/($F82+$B82), 0))"),0.2857142857142857) | L82: {=INDEX(MatchHistory!$G:$G,MATCH(1,(MatchHistory!$B:$B=$A82)*(MatchHistory!$G:$G<>""),0))} | M82: {=INDEX(MatchHistory!$H:$H,MATCH(1,(MatchHistory!$B:$B=$A82)*(MatchHistory!$H:$H<>""),0))} | N82: {=INDEX(MatchHistory!$J:$J,MATCH(1,(MatchHistory!$B:$B=$A82)*(MatchHistory!$J:$J<>""),0))}
A83: Brady | B83: =COUNTIFS(MatchHistory!$B:$B, $A83, MatchHistory!$C:$C, "Town") | C83: =COUNTIFS(MatchHistory!B:B, A83, MatchHistory!C:C, "Town", MatchHistory!D:D, "Win") | D83: =IFERROR(__xludf.DUMMYFUNCTION("TO_PERCENT($B83/$J83)"),0.5) | E83: =IFERROR(__xludf.DUMMYFUNCTION("IF(EQ($B83, 0), TO_PERCENT(0), TO_PERCENT($C83/$B83))"),0.0) | F83: =COUNTIFS(MatchHistory!$B:$B, $A83, MatchHistory!$C:$C, "Mafia") | G83: =COUNTIFS(MatchHistory!$B:$B, $A83, MatchHistory!$C:$C, "Mafia", MatchHistory!$D:$D, "Win") | H83: =IFERROR(__xludf.DUMMYFUNCTION("TO_PERCENT($F83/$J83)"),0.5) | I83: =IFERROR(__xludf.DUMMYFUNCTION("TO_PERCENT(IFERROR($G83/$F83, 0))"),0.0) | J83: =SUM(F83, B83) | K83: =IFERROR(__xludf.DUMMYFUNCTION("TO_PERCENT(IFERROR(($G83+$C83)/($F83+$B83), 0))"),0.0) | L83: {=INDEX(MatchHistory!$G:$G,MATCH(1,(MatchHistory!$B:$B=$A83)*(MatchHistory!$G:$G<>""),0))} | M83: {=INDEX(MatchHistory!$H:$H,MATCH(1,(MatchHistory!$B:$B=$A83)*(MatchHistory!$H:$H<>""),0))} | N83: {=INDEX(MatchHistory!$J:$J,MATCH(1,(MatchHistory!$B:$B=$A83)*(MatchHistory!$J:$J<>""),0))}
A84: Kowa | B84: =COUNTIFS(MatchHistory!$B:$B, $A84, MatchHistory!$C:$C, "Town") | C84: =COUNTIFS(MatchHistory!B:B, A84, MatchHistory!C:C, "Town", MatchHistory!D:D, "Win") | D84: =IFERROR(__xludf.DUMMYFUNCTION("TO_PERCENT($B84/$J84)"),0.5) | E84: =IFERROR(__xludf.DUMMYFUNCTION("IF(EQ($B84, 0), TO_PERCENT(0), TO_PERCENT($C84/$B84))"),0.0) | F84: =COUNTIFS(MatchHistory!$B:$B, $A84, MatchHistory!$C:$C, "Mafia") | G84: =COUNTIFS(MatchHistory!$B:$B, $A84, MatchHistory!$C:$C, "Mafia", MatchHistory!$D:$D, "Win") | H84: =IFERROR(__xludf.DUMMYFUNCTION("TO_PERCENT($F84/$J84)"),0.5) | I84: =IFERROR(__xludf.DUMMYFUNCTION("TO_PERCENT(IFERROR($G84/$F84, 0))"),0.0) | J84: =SUM(F84, B84) | K84: =IFERROR(__xludf.DUMMYFUNCTION("TO_PERCENT(IFERROR(($G84+$C84)/($F84+$B84), 0))"),0.0) | L84: {=INDEX(MatchHistory!$G:$G,MATCH(1,(MatchHistory!$B:$B=$A84)*(MatchHistory!$G:$G<>""),0))} | M84: {=INDEX(MatchHistory!$H:$H,MATCH(1,(MatchHistory!$B:$B=$A84)*(MatchHistory!$H:$H<>""),0))} | N84: {=INDEX(MatchHistory!$J:$J,MATCH(1,(MatchHistory!$B:$B=$A84)*(MatchHistory!$J:$J<>""),0))}
A85: Antfrost | B85: =COUNTIFS(MatchHistory!$B:$B, $A85, MatchHistory!$C:$C, "Town") | C85: =COUNTIFS(MatchHistory!B:B, A85, MatchHistory!C:C, "Town", MatchHistory!D:D, "Win") | D85: =IFERROR(__xludf.DUMMYFUNCTION("TO_PERCENT($B85/$J85)"),0.75) | E85: =IFERROR(__xludf.DUMMYFUNCTION("IF(EQ($B85, 0), TO_PERCENT(0), TO_PERCENT($C85/$B85))"),0.3333333333333333) | F85: =COUNTIFS(MatchHistory!$B:$B, $A85, MatchHistory!$C:$C, "Mafia") | G85: =COUNTIFS(MatchHistory!$B:$B, $A85, MatchHistory!$C:$C, "Mafia", MatchHistory!$D:$D, "Win") | H85: =IFERROR(__xludf.DUMMYFUNCTION("TO_PERCENT($F85/$J85)"),0.25) | I85: =IFERROR(__xludf.DUMMYFUNCTION("TO_PERCENT(IFERROR($G85/$F85, 0))"),0.0) | J85: =SUM(F85, B85) | K85: =IFERROR(__xludf.DUMMYFUNCTION("TO_PERCENT(IFERROR(($G85+$C85)/($F85+$B85), 0))"),0.25) | L85: {=INDEX(MatchHistory!$G:$G,MATCH(1,(MatchHistory!$B:$B=$A85)*(MatchHistory!$G:$G<>""),0))} | M85: {=INDEX(MatchHistory!$H:$H,MATCH(1,(MatchHistory!$B:$B=$A85)*(MatchHistory!$H:$H<>""),0))} | N85: {=INDEX(MatchHistory!$J:$J,MATCH(1,(MatchHistory!$B:$B=$A85)*(MatchHistory!$J:$J<>""),0))}
A86: Aipha | B86: =COUNTIFS(MatchHistory!$B:$B, $A86, MatchHistory!$C:$C, "Town") | C86: =COUNTIFS(MatchHistory!B:B, A86, MatchHistory!C:C, "Town", MatchHistory!D:D, "Win") | D86: =IFERROR(__xludf.DUMMYFUNCTION("TO_PERCENT($B86/$J86)"),0.8421052631578947) | E86: =IFERROR(__xludf.DUMMYFUNCTION("IF(EQ($B86, 0), TO_PERCENT(0), TO_PERCENT($C86/$B86))"),0.25) | F86: =COUNTIFS(MatchHistory!$B:$B, $A86, MatchHistory!$C:$C, "Mafia") | G86: =COUNTIFS(MatchHistory!$B:$B, $A86, MatchHistory!$C:$C, "Mafia", MatchHistory!$D:$D, "Win") | H86: =IFERROR(__xludf.DUMMYFUNCTION("TO_PERCENT($F86/$J86)"),0.15789473684210525) | I86: =IFERROR(__xludf.DUMMYFUNCTION("TO_PERCENT(IFERROR($G86/$F86, 0))"),0.6666666666666666) | J86: =SUM(F86, B86) | K86: =IFERROR(__xludf.DUMMYFUNCTION("TO_PERCENT(IFERROR(($G86+$C86)/($F86+$B86), 0))"),0.3157894736842105) | L86: {=INDEX(MatchHistory!$G:$G,MATCH(1,(MatchHistory!$B:$B=$A86)*(MatchHistory!$G:$G<>""),0))} | M86: {=INDEX(MatchHistory!$H:$H,MATCH(1,(MatchHistory!$B:$B=$A86)*(MatchHistory!$H:$H<>""),0))} | N86: {=INDEX(MatchHistory!$J:$J,MATCH(1,(MatchHistory!$B:$B=$A86)*(MatchHistory!$J:$J<>""),0))}
A87: Maz | B87: =COUNTIFS(MatchHistory!$B:$B, $A87, MatchHistory!$C:$C, "Town") | C87: =COUNTIFS(MatchHistory!B:B, A87, MatchHistory!C:C, "Town", MatchHistory!D:D, "Win") | D87: =IFERROR(__xludf.DUMMYFUNCTION("TO_PERCENT($B87/$J87)"),0.5714285714285714) | E87: =IFERROR(__xludf.DUMMYFUNCTION("IF(EQ($B87, 0), TO_PERCENT(0), TO_PERCENT($C87/$B87))"),0.5) | F87: =COUNTIFS(MatchHistory!$B:$B, $A87, MatchHistory!$C:$C, "Mafia") | G87: =COUNTIFS(MatchHistory!$B:$B, $A87, MatchHistory!$C:$C, "Mafia", MatchHistory!$D:$D, "Win") | H87: =IFERROR(__xludf.DUMMYFUNCTION("TO_PERCENT($F87/$J87)"),0.42857142857142855) | I87: =IFERROR(__xludf.DUMMYFUNCTION("TO_PERCENT(IFERROR($G87/$F87, 0))"),0.0) | J87: =SUM(F87, B87) | K87: =IFERROR(__xludf.DUMMYFUNCTION("TO_PERCENT(IFERROR(($G87+$C87)/($F87+$B87), 0))"),0.2857142857142857) | L87: {=INDEX(MatchHistory!$G:$G,MATCH(1,(MatchHistory!$B:$B=$A87)*(MatchHistory!$G:$G<>""),0))} | M87: {=INDEX(MatchHistory!$H:$H,MATCH(1,(MatchHistory!$B:$B=$A87)*(MatchHistory!$H:$H<>""),0))} | N87: {=INDEX(MatchHistory!$J:$J,MATCH(1,(MatchHistory!$B:$B=$A87)*(MatchHistory!$J:$J<>""),0))}
A99: ='Season 1 - MafiaRatings'!A:A
A100: ='Season 1 - MafiaRatings'!A:A
A101: ='Season 1 - MafiaRatings'!A:A
A102: ='Season 1 - MafiaRatings'!A:A
A103: ='Season 1 - MafiaRatings'!A:A
A104: ='Season 1 - MafiaRatings'!A:A
A105: ='Season 1 - MafiaRatings'!A:A
A106: ='Season 1 - MafiaRatings'!A:A
A107: ='Season 1 - MafiaRatings'!A:A
A108: ='Season 1 - MafiaRatings'!A:A
A109: ='Season 1 - MafiaRatings'!A:A
A110: ='Season 1 - MafiaRatings'!A:A
... A900: ='Season 1 - MafiaRatings'!A:A

Sheet MatchRatings
A1: Player | B1: mu | C1: sigma
A2: Jake | B2: 28.003534 | C2: 8.1263685
A3: Carson | B3: 28.296813 | C3: 6.3037995
A4: Creatchee | B4: 36.278695 | C4: 7.1696676
A5: Smit | B5: 24.703831 | C5: 6.3714388
A6: Boobles | B6: 28.045981 | C6: 7.8794217
A7: Badpants | B7: 26.300765 | C7: 6.2667052
A8: Kwix | B8: 21.588854 | C8: 6.4990269
A9: Chipper | B9: 28.734035 | C9: 6.5538483
A10: Machop | B10: 25.659334 | C10: 6.7882797
A11: Happymeal | B11: 22.31471 | C11: 7.5936741
A12: Lou | B12: 31.817505 | C12: 6.2562903
A13: Iln | B13: 32.195321 | C13: 6.081446
... A90: DrMorris | B90: 24.241391 | C90: 8.2767851

Sheet MatchHistory
A1: GameID | B1: Player | C1: Alignment | D1: Result | E1: RateChange | F1: old_mu | G1: new_mu | H1: new_sigma | I1: old_rating | J1: new_rating | K1: old_sigma
A2: 162 | B2: Noah | C2: Town | D2: Win | E2: 51 | F2: 33.909314 | G2: 34.60669 | H2: 6.2520663 | I2: 1665 | J2: 1716 | K2: 6.2797034
A3: 162 | B3: Badpants | C3: Town | D3: Win | E3: 50 | F3: 25.600082 | G3: 26.300765 | H3: 6.2667052 | I3: 1099 | J3: 1149 | K3: 6.2946075
A4: 162 | B4: Decode | C4: Town | D4: Win | E4: 70 | F4: 21.504604 | G4: 22.464662 | H4: 7.3202124 | I4: 711 | J4: 781 | K4: 7.3703782
A5: 162 | B5: Kden | C5: Town | D5: Win | E5: 55 | F5: 27.049288 | G5: 27.805869 | H5: 6.5089648 | I5: 1172 | J5: 1227 | K5: 6.5414217
A6: 162 | B6: Heckmuffins | C6: Town | D6: Win | E6: 79 | F6: 32.608016 | G6: 33.679836 | H6: 7.7276159 | I6: 1423 | J6: 1502 | K6: 7.7882448
A7: 162 | B7: Rocker | C7: Town | D7: Win | E7: 45 | F7: 37.986836 | G7: 38.616522 | H7: 5.9441115 | I7: 1975 | J7: 2020 | K7: 5.9664234
A8: 162 | B8: Brownkow | C8: Town | D8: Win | E8: 45 | F8: 31.436729 | G8: 32.067088 | H8: 5.9472571 | I8: 1529 | J8: 1574 | K8: 5.969621
A9: 162 | B9: Gilbert | C9: Town | D9: Win | E9: 59 | F9: 26.87935 | G9: 27.684881 | H9: 6.7135921 | I9: 1139 | J9: 1198 | K9: 6.7501481
A10: 162 | B10: Lou | C10: Town | D10: Win | E10: 50 | F10: 31.119176 | G10: 31.817505 | H10: 6.2562903 | I10: 1475 | J10: 1525 | K10: 6.2840038
A11: 162 | B11: Iln | C11: Town | D11: Win | E11: 47 | F11: 31.535889 | G11: 32.195321 | H11: 6.081446 | I11: 1522 | J11: 1569 | K11: 6.1060738
A12: 162 | B12: Chipper | C12: Mafia | D12: Loss | E12: -49 | F12: 29.501217 | G12: 28.734035 | H12: 6.5538483 | I12: 1334 | J12: 1285 | K12: 6.5871841
A13: 162 | B13: Strik3r | C13: Mafia | D13: Loss | E13: -48 | F13: 30.247833 | G13: 29.504945 | H13: 6.4504999 | I13: 1396 | J13: 1348 | K13: 6.4818286
... A1548: 46 | B1548: Lou | C1548: Mafia | D1548: Win | E1548: 58 | F1548: 25 | G1548: 25.770401 | H1548: 8.2820661 | I1548: 850 | J1548: 908 | K1548: 8.3333333

Sheet Season 1 - Stats Summary
A1: Name | B1: Town Games | C1: Town Wins | D1: Town Win % | E1: Mafia Games | F1: Mafia Wins | G1: Mafia Win % | H1: Total Win % | I1: Mu | J1: Sigma | K1: Rating
A2: Machop | B2: =COUNTIFS('Season 1 - MatchHistory'!$B:$B, $A2, 'Season 1 - MatchHistory'!$C:$C, "Town") | C2: =COUNTIFS('Season 1 - MatchHistory'!B:B, A2, 'Season 1 - MatchHistory'!C:C, "Town", 'Season 1 - MatchHistory'!D:D, "Win") | D2: =IFERROR(__xludf.DUMMYFUNCTION("IF(EQ($B2, 0), TO_PERCENT(0), TO_PERCENT($C2/$B2))"),0.47058823529411764) | E2: =COUNTIFS('Season 1 - MatchHistory'!$B:$B, $A2, 'Season 1 - MatchHistory'!$C:$C, "Mafia") | F2: =COUNTIFS('Season 1 - MatchHistory'!$B:$B, $A2, 'Season 1 - MatchHistory'!$C:$C, "Mafia", 'Season 1 - MatchHistory'!$D:$D, "Win") | G2: =IFERROR(__xludf.DUMMYFUNCTION("TO_PERCENT(IFERROR($F2/$E2, 0))"),1.0) | H2: =IFERROR(__xludf.DUMMYFUNCTION("TO_PERCENT(IFERROR(($F2+$C2)/($E2+$B2), 0))"),0.55) | I2: {=INDEX('Season 1 - MatchHistory'!$G:$G,MATCH(1,('Season 1 - MatchHistory'!$B:$B=$A2)*('Season 1 - MatchHistory'!$G:$G<>""),0))} | J2: {=INDEX('Season 1 - MatchHistory'!$H:$H,MATCH(1,('Season 1 - MatchHistory'!$B:$B=$A2)*('Season 1 - MatchHistory'!$H:$H<>""),0))} | K2: {=INDEX('Season 1 - MatchHistory'!$J:$J,MATCH(1,('Season 1 - MatchHistory'!$B:$B=$A2)*('Season 1 - MatchHistory'!$J:$J<>""),0))}
A3: Maz | B3: =COUNTIFS('Season 1 - MatchHistory'!$B:$B, $A3, 'Season 1 - MatchHistory'!$C:$C, "Town") | C3: =COUNTIFS('Season 1 - MatchHistory'!B:B, A3, 'Season 1 - MatchHistory'!C:C, "Town", 'Season 1 - MatchHistory'!D:D, "Win") | D3: =IFERROR(__xludf.DUMMYFUNCTION("IF(EQ($B3, 0), TO_PERCENT(0), TO_PERCENT($C3/$B3))"),0.4666666666666667) | E3: =COUNTIFS('Season 1 - MatchHistory'!$B:$B, $A3, 'Season 1 - MatchHistory'!$C:$C, "Mafia") | F3: =COUNTIFS('Season 1 - MatchHistory'!$B:$B, $A3, 'Season 1 - MatchHistory'!$C:$C, "Mafia", 'Season 1 - MatchHistory'!$D:$D, "Win") | G3: =IFERROR(__xludf.DUMMYFUNCTION("TO_PERCENT(IFERROR($F3/$E3, 0))"),1.0) | H3: =IFERROR(__xludf.DUMMYFUNCTION("TO_PERCENT(IFERROR(($F3+$C3)/($E3+$B3), 0))"),0.6363636363636364) | I3: {=INDEX('Season 1 - MatchHistory'!$G:$G,MATCH(1,('Season 1 - MatchHistory'!$B:$B=$A3)*('Season 1 - MatchHistory'!$G:$G<>""),0))} | J3: {=INDEX('Season 1 - MatchHistory'!$H:$H,MATCH(1,('Season 1 - MatchHistory'!$B:$B=$A3)*('Season 1 - MatchHistory'!$H:$H<>""),0))} | K3: {=INDEX('Season 1 - MatchHistory'!$J:$J,MATCH(1,('Season 1 - MatchHistory'!$B:$B=$A3)*('Season 1 - MatchHistory'!$J:$J<>""),0))}
A4: Boobles | B4: =COUNTIFS('Season 1 - MatchHistory'!$B:$B, $A4, 'Season 1 - MatchHistory'!$C:$C, "Town") | C4: =COUNTIFS('Season 1 - MatchHistory'!B:B, A4, 'Season 1 - MatchHistory'!C:C, "Town", 'Season 1 - MatchHistory'!D:D, "Win") | D4: =IFERROR(__xludf.DUMMYFUNCTION("IF(EQ($B4, 0), TO_PERCENT(0), TO_PERCENT($C4/$B4))"),0.6363636363636364) | E4: =COUNTIFS('Season 1 - MatchHistory'!$B:$B, $A4, 'Season 1 - MatchHistory'!$C:$C, "Mafia") | F4: =COUNTIFS('Season 1 - MatchHistory'!$B:$B, $A4, 'Season 1 - MatchHistory'!$C:$C, "Mafia", 'Season 1 - MatchHistory'!$D:$D, "Win") | G4: =IFERROR(__xludf.DUMMYFUNCTION("TO_PERCENT(IFERROR($F4/$E4, 0))"),1.0) | H4: =IFERROR(__xludf.DUMMYFUNCTION("TO_PERCENT(IFERROR(($F4+$C4)/($E4+$B4), 0))"),0.6666666666666666) | I4: {=INDEX('Season 1 - MatchHistory'!$G:$G,MATCH(1,('Season 1 - MatchHistory'!$B:$B=$A4)*('Season 1 - MatchHistory'!$G:$G<>""),0))} | J4: {=INDEX('Season 1 - MatchHistory'!$H:$H,MATCH(1,('Season 1 - MatchHistory'!$B:$B=$A4)*('Season 1 - MatchHistory'!$H:$H<>""),0))} | K4: {=INDEX('Season 1 - MatchHistory'!$J:$J,MATCH(1,('Season 1 - MatchHistory'!$B:$B=$A4)*('Season 1 - MatchHistory'!$J:$J<>""),0))}
A5: Noah | B5: =COUNTIFS('Season 1 - MatchHistory'!$B:$B, $A5, 'Season 1 - MatchHistory'!$C:$C, "Town") | C5: =COUNTIFS('Season 1 - MatchHistory'!B:B, A5, 'Season 1 - MatchHistory'!C:C, "Town", 'Season 1 - MatchHistory'!D:D, "Win") | D5: =IFERROR(__xludf.DUMMYFUNCTION("IF(EQ($B5, 0), TO_PERCENT(0), TO_PERCENT($C5/$B5))"),0.4230769230769231) | E5: =COUNTIFS('Season 1 - MatchHistory'!$B:$B, $A5, 'Season 1 - MatchHistory'!$C:$C, "Mafia") | F5: =COUNTIFS('Season 1 - MatchHistory'!$B:$B, $A5, 'Season 1 - MatchHistory'!$C:$C, "Mafia", 'Season 1 - MatchHistory'!$D:$D, "Win") | G5: =IFERROR(__xludf.DUMMYFUNCTION("TO_PERCENT(IFERROR($F5/$E5, 0))"),0.8333333333333334) | H5: =IFERROR(__xludf.DUMMYFUNCTION("TO_PERCENT(IFERROR(($F5+$C5)/($E5+$B5), 0))"),0.5526315789473685) | I5: {=INDEX('Season 1 - MatchHistory'!$G:$G,MATCH(1,('Season 1 - MatchHistory'!$B:$B=$A5)*('Season 1 - MatchHistory'!$G:$G<>""),0))} | J5: {=INDEX('Season 1 - MatchHistory'!$H:$H,MATCH(1,('Season 1 - MatchHistory'!$B:$B=$A5)*('Season 1 - MatchHistory'!$H:$H<>""),0))} | K5: {=INDEX('Season 1 - MatchHistory'!$J:$J,MATCH(1,('Season 1 - MatchHistory'!$B:$B=$A5)*('Season 1 - MatchHistory'!$J:$J<>""),0))}
A6: Rick | B6: =COUNTIFS('Season 1 - MatchHistory'!$B:$B, $A6, 'Season 1 - MatchHistory'!$C:$C, "Town") | C6: =COUNTIFS('Season 1 - MatchHistory'!B:B, A6, 'Season 1 - MatchHistory'!C:C, "Town", 'Season 1 - MatchHistory'!D:D, "Win") | D6: =IFERROR(__xludf.DUMMYFUNCTION("IF(EQ($B6, 0), TO_PERCENT(0), TO_PERCENT($C6/$B6))"),0.8) | E6: =COUNTIFS('Season 1 - MatchHistory'!$B:$B, $A6, 'Season 1 - MatchHistory'!$C:$C, "Mafia") | F6: =COUNTIFS('Season 1 - MatchHistory'!$B:$B, $A6, 'Season 1 - MatchHistory'!$C:$C, "Mafia", 'Season 1 - MatchHistory'!$D:$D, "Win") | G6: =IFERROR(__xludf.DUMMYFUNCTION("TO_PERCENT(IFERROR($F6/$E6, 0))"),1.0) | H6: =IFERROR(__xludf.DUMMYFUNCTION("TO_PERCENT(IFERROR(($F6+$C6)/($E6+$B6), 0))"),0.8333333333333334) | I6: {=INDEX('Season 1 - MatchHistory'!$G:$G,MATCH(1,('Season 1 - MatchHistory'!$B:$B=$A6)*('Season 1 - MatchHistory'!$G:$G<>""),0))} | J6: {=INDEX('Season 1 - MatchHistory'!$H:$H,MATCH(1,('Season 1 - MatchHistory'!$B:$B=$A6)*('Season 1 - MatchHistory'!$H:$H<>""),0))} | K6: {=INDEX('Season 1 - MatchHistory'!$J:$J,MATCH(1,('Season 1 - MatchHistory'!$B:$B=$A6)*('Season 1 - MatchHistory'!$J:$J<>""),0))}
A7: Keegan | B7: =COUNTIFS('Season 1 - MatchHistory'!$B:$B, $A7, 'Season 1 - MatchHistory'!$C:$C, "Town") | C7: =COUNTIFS('Season 1 - MatchHistory'!B:B, A7, 'Season 1 - MatchHistory'!C:C, "Town", 'Season 1 - MatchHistory'!D:D, "Win") | D7: =IFERROR(__xludf.DUMMYFUNCTION("IF(EQ($B7, 0), TO_PERCENT(0), TO_PERCENT($C7/$B7))"),0.4666666666666667) | E7: =COUNTIFS('Season 1 - MatchHistory'!$B:$B, $A7, 'Season 1 - MatchHistory'!$C:$C, "Mafia") | F7: =COUNTIFS('Season 1 - MatchHistory'!$B:$B, $A7, 'Season 1 - MatchHistory'!$C:$C, "Mafia", 'Season 1 - MatchHistory'!$D:$D, "Win") | G7: =IFERROR(__xludf.DUMMYFUNCTION("TO_PERCENT(IFERROR($F7/$E7, 0))"),1.0) | H7: =IFERROR(__xludf.DUMMYFUNCTION("TO_PERCENT(IFERROR(($F7+$C7)/($E7+$B7), 0))"),0.5294117647058824) | I7: {=INDEX('Season 1 - MatchHistory'!$G:$G,MATCH(1,('Season 1 - MatchHistory'!$B:$B=$A7)*('Season 1 - MatchHistory'!$G:$G<>""),0))} | J7: {=INDEX('Season 1 - MatchHistory'!$H:$H,MATCH(1,('Season 1 - MatchHistory'!$B:$B=$A7)*('Season 1 - MatchHistory'!$H:$H<>""),0))} | K7: {=INDEX('Season 1 - MatchHistory'!$J:$J,MATCH(1,('Season 1 - MatchHistory'!$B:$B=$A7)*('Season 1 - MatchHistory'!$J:$J<>""),0))}
A8: Mintt | B8: =COUNTIFS('Season 1 - MatchHistory'!$B:$B, $A8, 'Season 1 - MatchHistory'!$C:$C, "Town") | C8: =COUNTIFS('Season 1 - MatchHistory'!B:B, A8, 'Season 1 - MatchHistory'!C:C, "Town", 'Season 1 - MatchHistory'!D:D, "Win") | D8: =IFERROR(__xludf.DUMMYFUNCTION("IF(EQ($B8, 0), TO_PERCENT(0), TO_PERCENT($C8/$B8))"),0.75) | E8: =COUNTIFS('Season 1 - MatchHistory'!$B:$B, $A8, 'Season 1 - MatchHistory'!$C:$C, "Mafia") | F8: =COUNTIFS('Season 1 - MatchHistory'!$B:$B, $A8, 'Season 1 - MatchHistory'!$C:$C, "Mafia", 'Season 1 - MatchHistory'!$D:$D, "Win") | G8: =IFERROR(__xludf.DUMMYFUNCTION("TO_PERCENT(IFERROR($F8/$E8, 0))"),1.0) | H8: =IFERROR(__xludf.DUMMYFUNCTION("TO_PERCENT(IFERROR(($F8+$C8)/($E8+$B8), 0))"),0.8) | I8: {=INDEX('Season 1 - MatchHistory'!$G:$G,MATCH(1,('Season 1 - MatchHistory'!$B:$B=$A8)*('Season 1 - MatchHistory'!$G:$G<>""),0))} | J8: {=INDEX('Season 1 - MatchHistory'!$H:$H,MATCH(1,('Season 1 - MatchHistory'!$B:$B=$A8)*('Season 1 - MatchHistory'!$H:$H<>""),0))} | K8: {=INDEX('Season 1 - MatchHistory'!$J:$J,MATCH(1,('Season 1 - MatchHistory'!$B:$B=$A8)*('Season 1 - MatchHistory'!$J:$J<>""),0))}
A9: Badpants | B9: =COUNTIFS('Season 1 - MatchHistory'!$B:$B, $A9, 'Season 1 - MatchHistory'!$C:$C, "Town") | C9: =COUNTIFS('Season 1 - MatchHistory'!B:B, A9, 'Season 1 - MatchHistory'!C:C, "Town", 'Season 1 - MatchHistory'!D:D, "Win") | D9: =IFERROR(__xludf.DUMMYFUNCTION("IF(EQ($B9, 0), TO_PERCENT(0), TO_PERCENT($C9/$B9))"),1.0) | E9: =COUNTIFS('Season 1 - MatchHistory'!$B:$B, $A9, 'Season 1 - MatchHistory'!$C:$C, "Mafia") | F9: =COUNTIFS('Season 1 - MatchHistory'!$B:$B, $A9, 'Season 1 - MatchHistory'!$C:$C, "Mafia", 'Season 1 - MatchHistory'!$D:$D, "Win") | G9: =IFERROR(__xludf.DUMMYFUNCTION("TO_PERCENT(IFERROR($F9/$E9, 0))"),0.6666666666666666) | H9: =IFERROR(__xludf.DUMMYFUNCTION("TO_PERCENT(IFERROR(($F9+$C9)/($E9+$B9), 0))"),0.8) | I9: {=INDEX('Season 1 - MatchHistory'!$G:$G,MATCH(1,('Season 1 - MatchHistory'!$B:$B=$A9)*('Season 1 - MatchHistory'!$G:$G<>""),0))} | J9: {=INDEX('Season 1 - MatchHistory'!$H:$H,MATCH(1,('Season 1 - MatchHistory'!$B:$B=$A9)*('Season 1 - MatchHistory'!$H:$H<>""),0))} | K9: {=INDEX('Season 1 - MatchHistory'!$J:$J,MATCH(1,('Season 1 - MatchHistory'!$B:$B=$A9)*('Season 1 - MatchHistory'!$J:$J<>""),0))}
A10: Xcync | B10: =COUNTIFS('Season 1 - MatchHistory'!$B:$B, $A10, 'Season 1 - MatchHistory'!$C:$C, "Town") | C10: =COUNTIFS('Season 1 - MatchHistory'!B:B, A10, 'Season 1 - MatchHistory'!C:C, "Town", 'Season 1 - MatchHistory'!D:D, "Win") | D10: =IFERROR(__xludf.DUMMYFUNCTION("IF(EQ($B10, 0), TO_PERCENT(0), TO_PERCENT($C10/$B10))"),0.6666666666666666) | E10: =COUNTIFS('Season 1 - MatchHistory'!$B:$B, $A10, 'Season 1 - MatchHistory'!$C:$C, "Mafia") | F10: =COUNTIFS('Season 1 - MatchHistory'!$B:$B, $A10, 'Season 1 - MatchHistory'!$C:$C, "Mafia", 'Season 1 - MatchHistory'!$D:$D, "Win") | G10: =IFERROR(__xludf.DUMMYFUNCTION("TO_PERCENT(IFERROR($F10/$E10, 0))"),0.0) | H10: =IFERROR(__xludf.DUMMYFUNCTION("TO_PERCENT(IFERROR(($F10+$C10)/($E10+$B10), 0))"),0.5714285714285714) | I10: {=INDEX('Season 1 - MatchHistory'!$G:$G,MATCH(1,('Season 1 - MatchHistory'!$B:$B=$A10)*('Season 1 - MatchHistory'!$G:$G<>""),0))} | J10: {=INDEX('Season 1 - MatchHistory'!$H:$H,MATCH(1,('Season 1 - MatchHistory'!$B:$B=$A10)*('Season 1 - MatchHistory'!$H:$H<>""),0))} | K10: {=INDEX('Season 1 - MatchHistory'!$J:$J,MATCH(1,('Season 1 - MatchHistory'!$B:$B=$A10)*('Season 1 - MatchHistory'!$J:$J<>""),0))}
A11: Aipha | B11: =COUNTIFS('Season 1 - MatchHistory'!$B:$B, $A11, 'Season 1 - MatchHistory'!$C:$C, "Town") | C11: =COUNTIFS('Season 1 - MatchHistory'!B:B, A11, 'Season 1 - MatchHistory'!C:C, "Town", 'Season 1 - MatchHistory'!D:D, "Win") | D11: =IFERROR(__xludf.DUMMYFUNCTION("IF(EQ($B11, 0), TO_PERCENT(0), TO_PERCENT($C11/$B11))"),1.0) | E11: =COUNTIFS('Season 1 - MatchHistory'!$B:$B, $A11, 'Season 1 - MatchHistory'!$C:$C, "Mafia") | F11: =COUNTIFS('Season 1 - MatchHistory'!$B:$B, $A11, 'Season 1 - MatchHistory'!$C:$C, "Mafia", 'Season 1 - MatchHistory'!$D:$D, "Win") | G11: =IFERROR(__xludf.DUMMYFUNCTION("TO_PERCENT(IFERROR($F11/$E11, 0))"),1.0) | H11: =IFERROR(__xludf.DUMMYFUNCTION("TO_PERCENT(IFERROR(($F11+$C11)/($E11+$B11), 0))"),1.0) | I11: {=INDEX('Season 1 - MatchHistory'!$G:$G,MATCH(1,('Season 1 - MatchHistory'!$B:$B=$A11)*('Season 1 - MatchHistory'!$G:$G<>""),0))} | J11: {=INDEX('Season 1 - MatchHistory'!$H:$H,MATCH(1,('Season 1 - MatchHistory'!$B:$B=$A11)*('Season 1 - MatchHistory'!$H:$H<>""),0))} | K11: {=INDEX('Season 1 - MatchHistory'!$J:$J,MATCH(1,('Season 1 - MatchHistory'!$B:$B=$A11)*('Season 1 - MatchHistory'!$J:$J<>""),0))}
A12: Motr | B12: =COUNTIFS('Season 1 - MatchHistory'!$B:$B, $A12, 'Season 1 - MatchHistory'!$C:$C, "Town") | C12: =COUNTIFS('Season 1 - MatchHistory'!B:B, A12, 'Season 1 - MatchHistory'!C:C, "Town", 'Season 1 - MatchHistory'!D:D, "Win") | D12: =IFERROR(__xludf.DUMMYFUNCTION("IF(EQ($B12, 0), TO_PERCENT(0), TO_PERCENT($C12/$B12))"),0.75) | E12: =COUNTIFS('Season 1 - MatchHistory'!$B:$B, $A12, 'Season 1 - MatchHistory'!$C:$C, "Mafia") | F12: =COUNTIFS('Season 1 - MatchHistory'!$B:$B, $A12, 'Season 1 - MatchHistory'!$C:$C, "Mafia", 'Season 1 - MatchHistory'!$D:$D, "Win") | G12: =IFERROR(__xludf.DUMMYFUNCTION("TO_PERCENT(IFERROR($F12/$E12, 0))"),0.5) | H12: =IFERROR(__xludf.DUMMYFUNCTION("TO_PERCENT(IFERROR(($F12+$C12)/($E12+$B12), 0))"),0.6666666666666666) | I12: {=INDEX('Season 1 - MatchHistory'!$G:$G,MATCH(1,('Season 1 - MatchHistory'!$B:$B=$A12)*('Season 1 - MatchHistory'!$G:$G<>""),0))} | J12: {=INDEX('Season 1 - MatchHistory'!$H:$H,MATCH(1,('Season 1 - MatchHistory'!$B:$B=$A12)*('Season 1 - MatchHistory'!$H:$H<>""),0))} | K12: {=INDEX('Season 1 - MatchHistory'!$J:$J,MATCH(1,('Season 1 - MatchHistory'!$B:$B=$A12)*('Season 1 - MatchHistory'!$J:$J<>""),0))}
A13: Chipper | B13: =COUNTIFS('Season 1 - MatchHistory'!$B:$B, $A13, 'Season 1 - MatchHistory'!$C:$C, "Town") | C13: =COUNTIFS('Season 1 - MatchHistory'!B:B, A13, 'Season 1 - MatchHistory'!C:C, "Town", 'Season 1 - MatchHistory'!D:D, "Win") | D13: =IFERROR(__xludf.DUMMYFUNCTION("IF(EQ($B13, 0), TO_PERCENT(0), TO_PERCENT($C13/$B13))"),0.6666666666666666) | E13: =COUNTIFS('Season 1 - MatchHistory'!$B:$B, $A13, 'Season 1 - MatchHistory'!$C:$C, "Mafia") | F13: =COUNTIFS('Season 1 - MatchHistory'!$B:$B, $A13, 'Season 1 - MatchHistory'!$C:$C, "Mafia", 'Season 1 - MatchHistory'!$D:$D, "Win") | G13: =IFERROR(__xludf.DUMMYFUNCTION("TO_PERCENT(IFERROR($F13/$E13, 0))"),0.0) | H13: =IFERROR(__xludf.DUMMYFUNCTION("TO_PERCENT(IFERROR(($F13+$C13)/($E13+$B13), 0))"),0.5714285714285714) | I13: {=INDEX('Season 1 - MatchHistory'!$G:$G,MATCH(1,('Season 1 - MatchHistory'!$B:$B=$A13)*('Season 1 - MatchHistory'!$G:$G<>""),0))} | J13: {=INDEX('Season 1 - MatchHistory'!$H:$H,MATCH(1,('Season 1 - MatchHistory'!$B:$B=$A13)*('Season 1 - MatchHistory'!$H:$H<>""),0))} | K13: {=INDEX('Season 1 - MatchHistory'!$J:$J,MATCH(1,('Season 1 - MatchHistory'!$B:$B=$A13)*('Season 1 - MatchHistory'!$J:$J<>""),0))}
A14: Nick | B14: =COUNTIFS('Season 1 - MatchHistory'!$B:$B, $A14, 'Season 1 - MatchHistory'!$C:$C, "Town") | C14: =COUNTIFS('Season 1 - MatchHistory'!B:B, A14, 'Season 1 - MatchHistory'!C:C, "Town", 'Season 1 - MatchHistory'!D:D, "Win") | D14: =IFERROR(__xludf.DUMMYFUNCTION("IF(EQ($B14, 0), TO_PERCENT(0), TO_PERCENT($C14/$B14))"),0.6) | E14: =COUNTIFS('Season 1 - MatchHistory'!$B:$B, $A14, 'Season 1 - MatchHistory'!$C:$C, "Mafia") | F14: =COUNTIFS('Season 1 - MatchHistory'!$B:$B, $A14, 'Season 1 - MatchHistory'!$C:$C, "Mafia", 'Season 1 - MatchHistory'!$D:$D, "Win") | G14: =IFERROR(__xludf.DUMMYFUNCTION("TO_PERCENT(IFERROR($F14/$E14, 0))"),0.0) | H14: =IFERROR(__xludf.DUMMYFUNCTION("TO_PERCENT(IFERROR(($F14+$C14)/($E14+$B14), 0))"),0.6) | I14: {=INDEX('Season 1 - MatchHistory'!$G:$G,MATCH(1,('Season 1 - MatchHistory'!$B:$B=$A14)*('Season 1 - MatchHistory'!$G:$G<>""),0))} | J14: {=INDEX('Season 1 - MatchHistory'!$H:$H,MATCH(1,('Season 1 - MatchHistory'!$B:$B=$A14)*('Season 1 - MatchHistory'!$H:$H<>""),0))} | K14: {=INDEX('Season 1 - MatchHistory'!$J:$J,MATCH(1,('Season 1 - MatchHistory'!$B:$B=$A14)*('Season 1 - MatchHistory'!$J:$J<>""),0))}
A15: Hydro | B15: =COUNTIFS('Season 1 - MatchHistory'!$B:$B, $A15, 'Season 1 - MatchHistory'!$C:$C, "Town") | C15: =COUNTIFS('Season 1 - MatchHistory'!B:B, A15, 'Season 1 - MatchHistory'!C:C, "Town", 'Season 1 - MatchHistory'!D:D, "Win") | D15: =IFERROR(__xludf.DUMMYFUNCTION("IF(EQ($B15, 0), TO_PERCENT(0), TO_PERCENT($C15/$B15))"),0.5714285714285714) | E15: =COUNTIFS('Season 1 - MatchHistory'!$B:$B, $A15, 'Season 1 - MatchHistory'!$C:$C, "Mafia") | F15: =COUNTIFS('Season 1 - MatchHistory'!$B:$B, $A15, 'Season 1 - MatchHistory'!$C:$C, "Mafia", 'Season 1 - MatchHistory'!$D:$D, "Win") | G15: =IFERROR(__xludf.DUMMYFUNCTION("TO_PERCENT(IFERROR($F15/$E15, 0))"),0.0) | H15: =IFERROR(__xludf.DUMMYFUNCTION("TO_PERCENT(IFERROR(($F15+$C15)/($E15+$B15), 0))"),0.5714285714285714) | I15: {=INDEX('Season 1 - MatchHistory'!$G:$G,MATCH(1,('Season 1 - MatchHistory'!$B:$B=$A15)*('Season 1 - MatchHistory'!$G:$G<>""),0))} | J15: {=INDEX('Season 1 - MatchHistory'!$H:$H,MATCH(1,('Season 1 - MatchHistory'!$B:$B=$A15)*('Season 1 - MatchHistory'!$H:$H<>""),0))} | K15: {=INDEX('Season 1 - MatchHistory'!$J:$J,MATCH(1,('Season 1 - MatchHistory'!$B:$B=$A15)*('Season 1 - MatchHistory'!$J:$J<>""),0))}
A16: Kny | B16: =COUNTIFS('Season 1 - MatchHistory'!$B:$B, $A16, 'Season 1 - MatchHistory'!$C:$C, "Town") | C16: =COUNTIFS('Season 1 - MatchHistory'!B:B, A16, 'Season 1 - MatchHistory'!C:C, "Town", 'Season 1 - MatchHistory'!D:D, "Win") | D16: =IFERROR(__xludf.DUMMYFUNCTION("IF(EQ($B16, 0), TO_PERCENT(0), TO_PERCENT($C16/$B16))"),0.3888888888888889) | E16: =COUNTIFS('Season 1 - MatchHistory'!$B:$B, $A16, 'Season 1 - MatchHistory'!$C:$C, "Mafia") | F16: =COUNTIFS('Season 1 - MatchHistory'!$B:$B, $A16, 'Season 1 - MatchHistory'!$C:$C, "Mafia", 'Season 1 - MatchHistory'!$D:$D, "Win") | G16: =IFERROR(__xludf.DUMMYFUNCTION("TO_PERCENT(IFERROR($F16/$E16, 0))"),0.6666666666666666) | H16: =IFERROR(__xludf.DUMMYFUNCTION("TO_PERCENT(IFERROR(($F16+$C16)/($E16+$B16), 0))"),0.42857142857142855) | I16: {=INDEX('Season 1 - MatchHistory'!$G:$G,MATCH(1,('Season 1 - MatchHistory'!$B:$B=$A16)*('Season 1 - MatchHistory'!$G:$G<>""),0))} | J16: {=INDEX('Season 1 - MatchHistory'!$H:$H,MATCH(1,('Season 1 - MatchHistory'!$B:$B=$A16)*('Season 1 - MatchHistory'!$H:$H<>""),0))} | K16: {=INDEX('Season 1 - MatchHistory'!$J:$J,MATCH(1,('Season 1 - MatchHistory'!$B:$B=$A16)*('Season 1 - MatchHistory'!$J:$J<>""),0))}
A17: Lou | B17: =COUNTIFS('Season 1 - MatchHistory'!$B:$B, $A17, 'Season 1 - MatchHistory'!$C:$C, "Town") | C17: =COUNTIFS('Season 1 - MatchHistory'!B:B, A17, 'Season 1 - MatchHistory'!C:C, "Town", 'Season 1 - MatchHistory'!D:D, "Win") | D17: =IFERROR(__xludf.DUMMYFUNCTION("IF(EQ($B17, 0), TO_PERCENT(0), TO_PERCENT($C17/$B17))"),0.75) | E17: =COUNTIFS('Season 1 - MatchHistory'!$B:$B, $A17, 'Season 1 - MatchHistory'!$C:$C, "Mafia") | F17: =COUNTIFS('Season 1 - MatchHistory'!$B:$B, $A17, 'Season 1 - MatchHistory'!$C:$C, "Mafia", 'Season 1 - MatchHistory'!$D:$D, "Win") | G17: =IFERROR(__xludf.DUMMYFUNCTION("TO_PERCENT(IFERROR($F17/$E17, 0))"),0.5) | H17: =IFERROR(__xludf.DUMMYFUNCTION("TO_PERCENT(IFERROR(($F17+$C17)/($E17+$B17), 0))"),0.6666666666666666) | I17: {=INDEX('Season 1 - MatchHistory'!$G:$G,MATCH(1,('Season 1 - MatchHistory'!$B:$B=$A17)*('Season 1 - MatchHistory'!$G:$G<>""),0))} | J17: {=INDEX('Season 1 - MatchHistory'!$H:$H,MATCH(1,('Season 1 - MatchHistory'!$B:$B=$A17)*('Season 1 - MatchHistory'!$H:$H<>""),0))} | K17: {=INDEX('Season 1 - MatchHistory'!$J:$J,MATCH(1,('Season 1 - MatchHistory'!$B:$B=$A17)*('Season 1 - MatchHistory'!$J:$J<>""),0))}
A18: Carson | B18: =COUNTIFS('Season 1 - MatchHistory'!$B:$B, $A18, 'Season 1 - MatchHistory'!$C:$C, "Town") | C18: =COUNTIFS('Season 1 - MatchHistory'!B:B, A18, 'Season 1 - MatchHistory'!C:C, "Town", 'Season 1 - MatchHistory'!D:D, "Win") | D18: =IFERROR(__xludf.DUMMYFUNCTION("IF(EQ($B18, 0), TO_PERCENT(0), TO_PERCENT($C18/$B18))"),0.38095238095238093) | E18: =COUNTIFS('Season 1 - MatchHistory'!$B:$B, $A18, 'Season 1 - MatchHistory'!$C:$C, "Mafia") | F18: =COUNTIFS('Season 1 - MatchHistory'!$B:$B, $A18, 'Season 1 - MatchHistory'!$C:$C, "Mafia", 'Season 1 - MatchHistory'!$D:$D, "Win") | G18: =IFERROR(__xludf.DUMMYFUNCTION("TO_PERCENT(IFERROR($F18/$E18, 0))"),0.6666666666666666) | H18: =IFERROR(__xludf.DUMMYFUNCTION("TO_PERCENT(IFERROR(($F18+$C18)/($E18+$B18), 0))"),0.4444444444444444) | I18: {=INDEX('Season 1 - MatchHistory'!$G:$G,MATCH(1,('Season 1 - MatchHistory'!$B:$B=$A18)*('Season 1 - MatchHistory'!$G:$G<>""),0))} | J18: {=INDEX('Season 1 - MatchHistory'!$H:$H,MATCH(1,('Season 1 - MatchHistory'!$B:$B=$A18)*('Season 1 - MatchHistory'!$H:$H<>""),0))} | K18: {=INDEX('Season 1 - MatchHistory'!$J:$J,MATCH(1,('Season 1 - MatchHistory'!$B:$B=$A18)*('Season 1 - MatchHistory'!$J:$J<>""),0))}
A19: Antfrost | B19: =COUNTIFS('Season 1 - MatchHistory'!$B:$B, $A19, 'Season 1 - MatchHistory'!$C:$C, "Town") | C19: =COUNTIFS('Season 1 - MatchHistory'!B:B, A19, 'Season 1 - MatchHistory'!C:C, "Town", 'Season 1 - MatchHistory'!D:D, "Win") | D19: =IFERROR(__xludf.DUMMYFUNCTION("IF(EQ($B19, 0), TO_PERCENT(0), TO_PERCENT($C19/$B19))"),0.6666666666666666) | E19: =COUNTIFS('Season 1 - MatchHistory'!$B:$B, $A19, 'Season 1 - MatchHistory'!$C:$C, "Mafia") | F19: =COUNTIFS('Season 1 - MatchHistory'!$B:$B, $A19, 'Season 1 - MatchHistory'!$C:$C, "Mafia", 'Season 1 - MatchHistory'!$D:$D, "Win") | G19: =IFERROR(__xludf.DUMMYFUNCTION("TO_PERCENT(IFERROR($F19/$E19, 0))"),0.0) | H19: =IFERROR(__xludf.DUMMYFUNCTION("TO_PERCENT(IFERROR(($F19+$C19)/($E19+$B19), 0))"),0.6666666666666666) | I19: {=INDEX('Season 1 - MatchHistory'!$G:$G,MATCH(1,('Season 1 - MatchHistory'!$B:$B=$A19)*('Season 1 - MatchHistory'!$G:$G<>""),0))} | J19: {=INDEX('Season 1 - MatchHistory'!$H:$H,MATCH(1,('Season 1 - MatchHistory'!$B:$B=$A19)*('Season 1 - MatchHistory'!$H:$H<>""),0))} | K19: {=INDEX('Season 1 - MatchHistory'!$J:$J,MATCH(1,('Season 1 - MatchHistory'!$B:$B=$A19)*('Season 1 - MatchHistory'!$J:$J<>""),0))}
A20: Kdak | B20: =COUNTIFS('Season 1 - MatchHistory'!$B:$B, $A20, 'Season 1 - MatchHistory'!$C:$C, "Town") | C20: =COUNTIFS('Season 1 - MatchHistory'!B:B, A20, 'Season 1 - MatchHistory'!C:C, "Town", 'Season 1 - MatchHistory'!D:D, "Win") | D20: =IFERROR(__xludf.DUMMYFUNCTION("IF(EQ($B20, 0), TO_PERCENT(0), TO_PERCENT($C20/$B20))"),1.0) | E20: =COUNTIFS('Season 1 - MatchHistory'!$B:$B, $A20, 'Season 1 - MatchHistory'!$C:$C, "Mafia") | F20: =COUNTIFS('Season 1 - MatchHistory'!$B:$B, $A20, 'Season 1 - MatchHistory'!$C:$C, "Mafia", 'Season 1 - MatchHistory'!$D:$D, "Win") | G20: =IFERROR(__xludf.DUMMYFUNCTION("TO_PERCENT(IFERROR($F20/$E20, 0))"),0.0) | H20: =IFERROR(__xludf.DUMMYFUNCTION("TO_PERCENT(IFERROR(($F20+$C20)/($E20+$B20), 0))"),1.0) | I20: {=INDEX('Season 1 - MatchHistory'!$G:$G,MATCH(1,('Season 1 - MatchHistory'!$B:$B=$A20)*('Season 1 - MatchHistory'!$G:$G<>""),0))} | J20: {=INDEX('Season 1 - MatchHistory'!$H:$H,MATCH(1,('Season 1 - MatchHistory'!$B:$B=$A20)*('Season 1 - MatchHistory'!$H:$H<>""),0))} | K20: {=INDEX('Season 1 - MatchHistory'!$J:$J,MATCH(1,('Season 1 - MatchHistory'!$B:$B=$A20)*('Season 1 - MatchHistory'!$J:$J<>""),0))}
A21: Schmittball | B21: =COUNTIFS('Season 1 - MatchHistory'!$B:$B, $A21, 'Season 1 - MatchHistory'!$C:$C, "Town") | C21: =COUNTIFS('Season 1 - MatchHistory'!B:B, A21, 'Season 1 - MatchHistory'!C:C, "Town", 'Season 1 - MatchHistory'!D:D, "Win") | D21: =IFERROR(__xludf.DUMMYFUNCTION("IF(EQ($B21, 0), TO_PERCENT(0), TO_PERCENT($C21/$B21))"),1.0) | E21: =COUNTIFS('Season 1 - MatchHistory'!$B:$B, $A21, 'Season 1 - MatchHistory'!$C:$C, "Mafia") | F21: =COUNTIFS('Season 1 - MatchHistory'!$B:$B, $A21, 'Season 1 - MatchHistory'!$C:$C, "Mafia", 'Season 1 - MatchHistory'!$D:$D, "Win") | G21: =IFERROR(__xludf.DUMMYFUNCTION("TO_PERCENT(IFERROR($F21/$E21, 0))"),0.0) | H21: =IFERROR(__xludf.DUMMYFUNCTION("TO_PERCENT(IFERROR(($F21+$C21)/($E21+$B21), 0))"),1.0) | I21: {=INDEX('Season 1 - MatchHistory'!$G:$G,MATCH(1,('Season 1 - MatchHistory'!$B:$B=$A21)*('Season 1 - MatchHistory'!$G:$G<>""),0))} | J21: {=INDEX('Season 1 - MatchHistory'!$H:$H,MATCH(1,('Season 1 - MatchHistory'!$B:$B=$A21)*('Season 1 - MatchHistory'!$H:$H<>""),0))} | K21: {=INDEX('Season 1 - MatchHistory'!$J:$J,MATCH(1,('Season 1 - MatchHistory'!$B:$B=$A21)*('Season 1 - MatchHistory'!$J:$J<>""),0))}
A22: Crispy | B22: =COUNTIFS('Season 1 - MatchHistory'!$B:$B, $A22, 'Season 1 - MatchHistory'!$C:$C, "Town") | C22: =COUNTIFS('Season 1 - MatchHistory'!B:B, A22, 'Season 1 - MatchHistory'!C:C, "Town", 'Season 1 - MatchHistory'!D:D, "Win") | D22: =IFERROR(__xludf.DUMMYFUNCTION("IF(EQ($B22, 0), TO_PERCENT(0), TO_PERCENT($C22/$B22))"),1.0) | E22: =COUNTIFS('Season 1 - MatchHistory'!$B:$B, $A22, 'Season 1 - MatchHistory'!$C:$C, "Mafia") | F22: =COUNTIFS('Season 1 - MatchHistory'!$B:$B, $A22, 'Season 1 - MatchHistory'!$C:$C, "Mafia", 'Season 1 - MatchHistory'!$D:$D, "Win") | G22: =IFERROR(__xludf.DUMMYFUNCTION("TO_PERCENT(IFERROR($F22/$E22, 0))"),0.0) | H22: =IFERROR(__xludf.DUMMYFUNCTION("TO_PERCENT(IFERROR(($F22+$C22)/($E22+$B22), 0))"),1.0) | I22: {=INDEX('Season 1 - MatchHistory'!$G:$G,MATCH(1,('Season 1 - MatchHistory'!$B:$B=$A22)*('Season 1 - MatchHistory'!$G:$G<>""),0))} | J22: {=INDEX('Season 1 - MatchHistory'!$H:$H,MATCH(1,('Season 1 - MatchHistory'!$B:$B=$A22)*('Season 1 - MatchHistory'!$H:$H<>""),0))} | K22: {=INDEX('Season 1 - MatchHistory'!$J:$J,MATCH(1,('Season 1 - MatchHistory'!$B:$B=$A22)*('Season 1 - MatchHistory'!$J:$J<>""),0))}
A23: Jonas | B23: =COUNTIFS('Season 1 - MatchHistory'!$B:$B, $A23, 'Season 1 - MatchHistory'!$C:$C, "Town") | C23: =COUNTIFS('Season 1 - MatchHistory'!B:B, A23, 'Season 1 - MatchHistory'!C:C, "Town", 'Season 1 - MatchHistory'!D:D, "Win") | D23: =IFERROR(__xludf.DUMMYFUNCTION("IF(EQ($B23, 0), TO_PERCENT(0), TO_PERCENT($C23/$B23))"),1.0) | E23: =COUNTIFS('Season 1 - MatchHistory'!$B:$B, $A23, 'Season 1 - MatchHistory'!$C:$C, "Mafia") | F23: =COUNTIFS('Season 1 - MatchHistory'!$B:$B, $A23, 'Season 1 - MatchHistory'!$C:$C, "Mafia", 'Season 1 - MatchHistory'!$D:$D, "Win") | G23: =IFERROR(__xludf.DUMMYFUNCTION("TO_PERCENT(IFERROR($F23/$E23, 0))"),0.0) | H23: =IFERROR(__xludf.DUMMYFUNCTION("TO_PERCENT(IFERROR(($F23+$C23)/($E23+$B23), 0))"),1.0) | I23: {=INDEX('Season 1 - MatchHistory'!$G:$G,MATCH(1,('Season 1 - MatchHistory'!$B:$B=$A23)*('Season 1 - MatchHistory'!$G:$G<>""),0))} | J23: {=INDEX('Season 1 - MatchHistory'!$H:$H,MATCH(1,('Season 1 - MatchHistory'!$B:$B=$A23)*('Season 1 - MatchHistory'!$H:$H<>""),0))} | K23: {=INDEX('Season 1 - MatchHistory'!$J:$J,MATCH(1,('Season 1 - MatchHistory'!$B:$B=$A23)*('Season 1 - MatchHistory'!$J:$J<>""),0))}
A24: Pinkee | B24: =COUNTIFS('Season 1 - MatchHistory'!$B:$B, $A24, 'Season 1 - MatchHistory'!$C:$C, "Town") | C24: =COUNTIFS('Season 1 - MatchHistory'!B:B, A24, 'Season 1 - MatchHistory'!C:C, "Town", 'Season 1 - MatchHistory'!D:D, "Win") | D24: =IFERROR(__xludf.DUMMYFUNCTION("IF(EQ($B24, 0), TO_PERCENT(0), TO_PERCENT($C24/$B24))"),0.4) | E24: =COUNTIFS('Season 1 - MatchHistory'!$B:$B, $A24, 'Season 1 - MatchHistory'!$C:$C, "Mafia") | F24: =COUNTIFS('Season 1 - MatchHistory'!$B:$B, $A24, 'Season 1 - MatchHistory'!$C:$C, "Mafia", 'Season 1 - MatchHistory'!$D:$D, "Win") | G24: =IFERROR(__xludf.DUMMYFUNCTION("TO_PERCENT(IFERROR($F24/$E24, 0))"),1.0) | H24: =IFERROR(__xludf.DUMMYFUNCTION("TO_PERCENT(IFERROR(($F24+$C24)/($E24+$B24), 0))"),0.5) | I24: {=INDEX('Season 1 - MatchHistory'!$G:$G,MATCH(1,('Season 1 - MatchHistory'!$B:$B=$A24)*('Season 1 - MatchHistory'!$G:$G<>""),0))} | J24: {=INDEX('Season 1 - MatchHistory'!$H:$H,MATCH(1,('Season 1 - MatchHistory'!$B:$B=$A24)*('Season 1 - MatchHistory'!$H:$H<>""),0))} | K24: {=INDEX('Season 1 - MatchHistory'!$J:$J,MATCH(1,('Season 1 - MatchHistory'!$B:$B=$A24)*('Season 1 - MatchHistory'!$J:$J<>""),0))}
A25: Kwix | B25: =COUNTIFS('Season 1 - MatchHistory'!$B:$B, $A25, 'Season 1 - MatchHistory'!$C:$C, "Town") | C25: =COUNTIFS('Season 1 - MatchHistory'!B:B, A25, 'Season 1 - MatchHistory'!C:C, "Town", 'Season 1 - MatchHistory'!D:D, "Win") | D25: =IFERROR(__xludf.DUMMYFUNCTION("IF(EQ($B25, 0), TO_PERCENT(0), TO_PERCENT($C25/$B25))"),0.4166666666666667) | E25: =COUNTIFS('Season 1 - MatchHistory'!$B:$B, $A25, 'Season 1 - MatchHistory'!$C:$C, "Mafia") | F25: =COUNTIFS('Season 1 - MatchHistory'!$B:$B, $A25, 'Season 1 - MatchHistory'!$C:$C, "Mafia", 'Season 1 - MatchHistory'!$D:$D, "Win") | G25: =IFERROR(__xludf.DUMMYFUNCTION("TO_PERCENT(IFERROR($F25/$E25, 0))"),0.6) | H25: =IFERROR(__xludf.DUMMYFUNCTION("TO_PERCENT(IFERROR(($F25+$C25)/($E25+$B25), 0))"),0.47058823529411764) | I25: {=INDEX('Season 1 - MatchHistory'!$G:$G,MATCH(1,('Season 1 - MatchHistory'!$B:$B=$A25)*('Season 1 - MatchHistory'!$G:$G<>""),0))} | J25: {=INDEX('Season 1 - MatchHistory'!$H:$H,MATCH(1,('Season 1 - MatchHistory'!$B:$B=$A25)*('Season 1 - MatchHistory'!$H:$H<>""),0))} | K25: {=INDEX('Season 1 - MatchHistory'!$J:$J,MATCH(1,('Season 1 - MatchHistory'!$B:$B=$A25)*('Season 1 - MatchHistory'!$J:$J<>""),0))}
A26: Torharo | B26: =COUNTIFS('Season 1 - MatchHistory'!$B:$B, $A26, 'Season 1 - MatchHistory'!$C:$C, "Town") | C26: =COUNTIFS('Season 1 - MatchHistory'!B:B, A26, 'Season 1 - MatchHistory'!C:C, "Town", 'Season 1 - MatchHistory'!D:D, "Win") | D26: =IFERROR(__xludf.DUMMYFUNCTION("IF(EQ($B26, 0), TO_PERCENT(0), TO_PERCENT($C26/$B26))"),0.3333333333333333) | E26: =COUNTIFS('Season 1 - MatchHistory'!$B:$B, $A26, 'Season 1 - MatchHistory'!$C:$C, "Mafia") | F26: =COUNTIFS('Season 1 - MatchHistory'!$B:$B, $A26, 'Season 1 - MatchHistory'!$C:$C, "Mafia", 'Season 1 - MatchHistory'!$D:$D, "Win") | G26: =IFERROR(__xludf.DUMMYFUNCTION("TO_PERCENT(IFERROR($F26/$E26, 0))"),0.7142857142857143) | H26: =IFERROR(__xludf.DUMMYFUNCTION("TO_PERCENT(IFERROR(($F26+$C26)/($E26+$B26), 0))"),0.5384615384615384) | I26: {=INDEX('Season 1 - MatchHistory'!$G:$G,MATCH(1,('Season 1 - MatchHistory'!$B:$B=$A26)*('Season 1 - MatchHistory'!$G:$G<>""),0))} | J26: {=INDEX('Season 1 - MatchHistory'!$H:$H,MATCH(1,('Season 1 - MatchHistory'!$B:$B=$A26)*('Season 1 - MatchHistory'!$H:$H<>""),0))} | K26: {=INDEX('Season 1 - MatchHistory'!$J:$J,MATCH(1,('Season 1 - MatchHistory'!$B:$B=$A26)*('Season 1 - MatchHistory'!$J:$J<>""),0))}
A27: Lombax | B27: =COUNTIFS('Season 1 - MatchHistory'!$B:$B, $A27, 'Season 1 - MatchHistory'!$C:$C, "Town") | C27: =COUNTIFS('Season 1 - MatchHistory'!B:B, A27, 'Season 1 - MatchHistory'!C:C, "Town", 'Season 1 - MatchHistory'!D:D, "Win") | D27: =IFERROR(__xludf.DUMMYFUNCTION("IF(EQ($B27, 0), TO_PERCENT(0), TO_PERCENT($C27/$B27))"),0.5) | E27: =COUNTIFS('Season 1 - MatchHistory'!$B:$B, $A27, 'Season 1 - MatchHistory'!$C:$C, "Mafia") | F27: =COUNTIFS('Season 1 - MatchHistory'!$B:$B, $A27, 'Season 1 - MatchHistory'!$C:$C, "Mafia", 'Season 1 - MatchHistory'!$D:$D, "Win") | G27: =IFERROR(__xludf.DUMMYFUNCTION("TO_PERCENT(IFERROR($F27/$E27, 0))"),0.0) | H27: =IFERROR(__xludf.DUMMYFUNCTION("TO_PERCENT(IFERROR(($F27+$C27)/($E27+$B27), 0))"),0.5) | I27: {=INDEX('Season 1 - MatchHistory'!$G:$G,MATCH(1,('Season 1 - MatchHistory'!$B:$B=$A27)*('Season 1 - MatchHistory'!$G:$G<>""),0))} | J27: {=INDEX('Season 1 - MatchHistory'!$H:$H,MATCH(1,('Season 1 - MatchHistory'!$B:$B=$A27)*('Season 1 - MatchHistory'!$H:$H<>""),0))} | K27: {=INDEX('Season 1 - MatchHistory'!$J:$J,MATCH(1,('Season 1 - MatchHistory'!$B:$B=$A27)*('Season 1 - MatchHistory'!$J:$J<>""),0))}
A28: Streety | B28: =COUNTIFS('Season 1 - MatchHistory'!$B:$B, $A28, 'Season 1 - MatchHistory'!$C:$C, "Town") | C28: =COUNTIFS('Season 1 - MatchHistory'!B:B, A28, 'Season 1 - MatchHistory'!C:C, "Town", 'Season 1 - MatchHistory'!D:D, "Win") | D28: =IFERROR(__xludf.DUMMYFUNCTION("IF(EQ($B28, 0), TO_PERCENT(0), TO_PERCENT($C28/$B28))"),0.3157894736842105) | E28: =COUNTIFS('Season 1 - MatchHistory'!$B:$B, $A28, 'Season 1 - MatchHistory'!$C:$C, "Mafia") | F28: =COUNTIFS('Season 1 - MatchHistory'!$B:$B, $A28, 'Season 1 - MatchHistory'!$C:$C, "Mafia", 'Season 1 - MatchHistory'!$D:$D, "Win") | G28: =IFERROR(__xludf.DUMMYFUNCTION("TO_PERCENT(IFERROR($F28/$E28, 0))"),0.8) | H28: =IFERROR(__xludf.DUMMYFUNCTION("TO_PERCENT(IFERROR(($F28+$C28)/($E28+$B28), 0))"),0.4166666666666667) | I28: {=INDEX('Season 1 - MatchHistory'!$G:$G,MATCH(1,('Season 1 - MatchHistory'!$B:$B=$A28)*('Season 1 - MatchHistory'!$G:$G<>""),0))} | J28: {=INDEX('Season 1 - MatchHistory'!$H:$H,MATCH(1,('Season 1 - MatchHistory'!$B:$B=$A28)*('Season 1 - MatchHistory'!$H:$H<>""),0))} | K28: {=INDEX('Season 1 - MatchHistory'!$J:$J,MATCH(1,('Season 1 - MatchHistory'!$B:$B=$A28)*('Season 1 - MatchHistory'!$J:$J<>""),0))}
A29: Jan | B29: =COUNTIFS('Season 1 - MatchHistory'!$B:$B, $A29, 'Season 1 - MatchHistory'!$C:$C, "Town") | C29: =COUNTIFS('Season 1 - MatchHistory'!B:B, A29, 'Season 1 - MatchHistory'!C:C, "Town", 'Season 1 - MatchHistory'!D:D, "Win") | D29: =IFERROR(__xludf.DUMMYFUNCTION("IF(EQ($B29, 0), TO_PERCENT(0), TO_PERCENT($C29/$B29))"),0.0) | E29: =COUNTIFS('Season 1 - MatchHistory'!$B:$B, $A29, 'Season 1 - MatchHistory'!$C:$C, "Mafia") | F29: =COUNTIFS('Season 1 - MatchHistory'!$B:$B, $A29, 'Season 1 - MatchHistory'!$C:$C, "Mafia", 'Season 1 - MatchHistory'!$D:$D, "Win") | G29: =IFERROR(__xludf.DUMMYFUNCTION("TO_PERCENT(IFERROR($F29/$E29, 0))"),1.0) | H29: =IFERROR(__xludf.DUMMYFUNCTION("TO_PERCENT(IFERROR(($F29+$C29)/($E29+$B29), 0))"),1.0) | I29: {=INDEX('Season 1 - MatchHistory'!$G:$G,MATCH(1,('Season 1 - MatchHistory'!$B:$B=$A29)*('Season 1 - MatchHistory'!$G:$G<>""),0))} | J29: {=INDEX('Season 1 - MatchHistory'!$H:$H,MATCH(1,('Season 1 - MatchHistory'!$B:$B=$A29)*('Season 1 - MatchHistory'!$H:$H<>""),0))} | K29: {=INDEX('Season 1 - MatchHistory'!$J:$J,MATCH(1,('Season 1 - MatchHistory'!$B:$B=$A29)*('Season 1 - MatchHistory'!$J:$J<>""),0))}
A30: Striker | B30: =COUNTIFS('Season 1 - MatchHistory'!$B:$B, $A30, 'Season 1 - MatchHistory'!$C:$C, "Town") | C30: =COUNTIFS('Season 1 - MatchHistory'!B:B, A30, 'Season 1 - MatchHistory'!C:C, "Town", 'Season 1 - MatchHistory'!D:D, "Win") | D30: =IFERROR(__xludf.DUMMYFUNCTION("IF(EQ($B30, 0), TO_PERCENT(0), TO_PERCENT($C30/$B30))"),0.5) | E30: =COUNTIFS('Season 1 - MatchHistory'!$B:$B, $A30, 'Season 1 - MatchHistory'!$C:$C, "Mafia") | F30: =COUNTIFS('Season 1 - MatchHistory'!$B:$B, $A30, 'Season 1 - MatchHistory'!$C:$C, "Mafia", 'Season 1 - MatchHistory'!$D:$D, "Win") | G30: =IFERROR(__xludf.DUMMYFUNCTION("TO_PERCENT(IFERROR($F30/$E30, 0))"),0.0) | H30: =IFERROR(__xludf.DUMMYFUNCTION("TO_PERCENT(IFERROR(($F30+$C30)/($E30+$B30), 0))"),0.5) | I30: {=INDEX('Season 1 - MatchHistory'!$G:$G,MATCH(1,('Season 1 - MatchHistory'!$B:$B=$A30)*('Season 1 - MatchHistory'!$G:$G<>""),0))} | J30: {=INDEX('Season 1 - MatchHistory'!$H:$H,MATCH(1,('Season 1 - MatchHistory'!$B:$B=$A30)*('Season 1 - MatchHistory'!$H:$H<>""),0))} | K30: {=INDEX('Season 1 - MatchHistory'!$J:$J,MATCH(1,('Season 1 - MatchHistory'!$B:$B=$A30)*('Season 1 - MatchHistory'!$J:$J<>""),0))}
A31: SamStockton | B31: =COUNTIFS('Season 1 - MatchHistory'!$B:$B, $A31, 'Season 1 - MatchHistory'!$C:$C, "Town") | C31: =COUNTIFS('Season 1 - MatchHistory'!B:B, A31, 'Season 1 - MatchHistory'!C:C, "Town", 'Season 1 - MatchHistory'!D:D, "Win") | D31: =IFERROR(__xludf.DUMMYFUNCTION("IF(EQ($B31, 0), TO_PERCENT(0), TO_PERCENT($C31/$B31))"),0.3333333333333333) | E31: =COUNTIFS('Season 1 - MatchHistory'!$B:$B, $A31, 'Season 1 - MatchHistory'!$C:$C, "Mafia") | F31: =COUNTIFS('Season 1 - MatchHistory'!$B:$B, $A31, 'Season 1 - MatchHistory'!$C:$C, "Mafia", 'Season 1 - MatchHistory'!$D:$D, "Win") | G31: =IFERROR(__xludf.DUMMYFUNCTION("TO_PERCENT(IFERROR($F31/$E31, 0))"),1.0) | H31: =IFERROR(__xludf.DUMMYFUNCTION("TO_PERCENT(IFERROR(($F31+$C31)/($E31+$B31), 0))"),0.5) | I31: {=INDEX('Season 1 - MatchHistory'!$G:$G,MATCH(1,('Season 1 - MatchHistory'!$B:$B=$A31)*('Season 1 - MatchHistory'!$G:$G<>""),0))} | J31: {=INDEX('Season 1 - MatchHistory'!$H:$H,MATCH(1,('Season 1 - MatchHistory'!$B:$B=$A31)*('Season 1 - MatchHistory'!$H:$H<>""),0))} | K31: {=INDEX('Season 1 - MatchHistory'!$J:$J,MATCH(1,('Season 1 - MatchHistory'!$B:$B=$A31)*('Season 1 - MatchHistory'!$J:$J<>""),0))}
A32: Zangetsu | B32: =COUNTIFS('Season 1 - MatchHistory'!$B:$B, $A32, 'Season 1 - MatchHistory'!$C:$C, "Town") | C32: =COUNTIFS('Season 1 - MatchHistory'!B:B, A32, 'Season 1 - MatchHistory'!C:C, "Town", 'Season 1 - MatchHistory'!D:D, "Win") | D32: =IFERROR(__xludf.DUMMYFUNCTION("IF(EQ($B32, 0), TO_PERCENT(0), TO_PERCENT($C32/$B32))"),0.5) | E32: =COUNTIFS('Season 1 - MatchHistory'!$B:$B, $A32, 'Season 1 - MatchHistory'!$C:$C, "Mafia") | F32: =COUNTIFS('Season 1 - MatchHistory'!$B:$B, $A32, 'Season 1 - MatchHistory'!$C:$C, "Mafia", 'Season 1 - MatchHistory'!$D:$D, "Win") | G32: =IFERROR(__xludf.DUMMYFUNCTION("TO_PERCENT(IFERROR($F32/$E32, 0))"),0.0) | H32: =IFERROR(__xludf.DUMMYFUNCTION("TO_PERCENT(IFERROR(($F32+$C32)/($E32+$B32), 0))"),0.5) | I32: {=INDEX('Season 1 - MatchHistory'!$G:$G,MATCH(1,('Season 1 - MatchHistory'!$B:$B=$A32)*('Season 1 - MatchHistory'!$G:$G<>""),0))} | J32: {=INDEX('Season 1 - MatchHistory'!$H:$H,MATCH(1,('Season 1 - MatchHistory'!$B:$B=$A32)*('Season 1 - MatchHistory'!$H:$H<>""),0))} | K32: {=INDEX('Season 1 - MatchHistory'!$J:$J,MATCH(1,('Season 1 - MatchHistory'!$B:$B=$A32)*('Season 1 - MatchHistory'!$J:$J<>""),0))}
A33: CJ | B33: =COUNTIFS('Season 1 - MatchHistory'!$B:$B, $A33, 'Season 1 - MatchHistory'!$C:$C, "Town") | C33: =COUNTIFS('Season 1 - MatchHistory'!B:B, A33, 'Season 1 - MatchHistory'!C:C, "Town", 'Season 1 - MatchHistory'!D:D, "Win") | D33: =IFERROR(__xludf.DUMMYFUNCTION("IF(EQ($B33, 0), TO_PERCENT(0), TO_PERCENT($C33/$B33))"),0.5) | E33: =COUNTIFS('Season 1 - MatchHistory'!$B:$B, $A33, 'Season 1 - MatchHistory'!$C:$C, "Mafia") | F33: =COUNTIFS('Season 1 - MatchHistory'!$B:$B, $A33, 'Season 1 - MatchHistory'!$C:$C, "Mafia", 'Season 1 - MatchHistory'!$D:$D, "Win") | G33: =IFERROR(__xludf.DUMMYFUNCTION("TO_PERCENT(IFERROR($F33/$E33, 0))"),0.6666666666666666) | H33: =IFERROR(__xludf.DUMMYFUNCTION("TO_PERCENT(IFERROR(($F33+$C33)/($E33+$B33), 0))"),0.6) | I33: {=INDEX('Season 1 - MatchHistory'!$G:$G,MATCH(1,('Season 1 - MatchHistory'!$B:$B=$A33)*('Season 1 - MatchHistory'!$G:$G<>""),0))} | J33: {=INDEX('Season 1 - MatchHistory'!$H:$H,MATCH(1,('Season 1 - MatchHistory'!$B:$B=$A33)*('Season 1 - MatchHistory'!$H:$H<>""),0))} | K33: {=INDEX('Season 1 - MatchHistory'!$J:$J,MATCH(1,('Season 1 - MatchHistory'!$B:$B=$A33)*('Season 1 - MatchHistory'!$J:$J<>""),0))}
A34: Kaelten | B34: =COUNTIFS('Season 1 - MatchHistory'!$B:$B, $A34, 'Season 1 - MatchHistory'!$C:$C, "Town") | C34: =COUNTIFS('Season 1 - MatchHistory'!B:B, A34, 'Season 1 - MatchHistory'!C:C, "Town", 'Season 1 - MatchHistory'!D:D, "Win") | D34: =IFERROR(__xludf.DUMMYFUNCTION("IF(EQ($B34, 0), TO_PERCENT(0), TO_PERCENT($C34/$B34))"),0.0) | E34: =COUNTIFS('Season 1 - MatchHistory'!$B:$B, $A34, 'Season 1 - MatchHistory'!$C:$C, "Mafia") | F34: =COUNTIFS('Season 1 - MatchHistory'!$B:$B, $A34, 'Season 1 - MatchHistory'!$C:$C, "Mafia", 'Season 1 - MatchHistory'!$D:$D, "Win") | G34: =IFERROR(__xludf.DUMMYFUNCTION("TO_PERCENT(IFERROR($F34/$E34, 0))"),1.0) | H34: =IFERROR(__xludf.DUMMYFUNCTION("TO_PERCENT(IFERROR(($F34+$C34)/($E34+$B34), 0))"),1.0) | I34: {=INDEX('Season 1 - MatchHistory'!$G:$G,MATCH(1,('Season 1 - MatchHistory'!$B:$B=$A34)*('Season 1 - MatchHistory'!$G:$G<>""),0))} | J34: {=INDEX('Season 1 - MatchHistory'!$H:$H,MATCH(1,('Season 1 - MatchHistory'!$B:$B=$A34)*('Season 1 - MatchHistory'!$H:$H<>""),0))} | K34: {=INDEX('Season 1 - MatchHistory'!$J:$J,MATCH(1,('Season 1 - MatchHistory'!$B:$B=$A34)*('Season 1 - MatchHistory'!$J:$J<>""),0))}
A35: Tulsa | B35: =COUNTIFS('Season 1 - MatchHistory'!$B:$B, $A35, 'Season 1 - MatchHistory'!$C:$C, "Town") | C35: =COUNTIFS('Season 1 - MatchHistory'!B:B, A35, 'Season 1 - MatchHistory'!C:C, "Town", 'Season 1 - MatchHistory'!D:D, "Win") | D35: =IFERROR(__xludf.DUMMYFUNCTION("IF(EQ($B35, 0), TO_PERCENT(0), TO_PERCENT($C35/$B35))"),0.0) | E35: =COUNTIFS('Season 1 - MatchHistory'!$B:$B, $A35, 'Season 1 - MatchHistory'!$C:$C, "Mafia") | F35: =COUNTIFS('Season 1 - MatchHistory'!$B:$B, $A35, 'Season 1 - MatchHistory'!$C:$C, "Mafia", 'Season 1 - MatchHistory'!$D:$D, "Win") | G35: =IFERROR(__xludf.DUMMYFUNCTION("TO_PERCENT(IFERROR($F35/$E35, 0))"),1.0) | H35: =IFERROR(__xludf.DUMMYFUNCTION("TO_PERCENT(IFERROR(($F35+$C35)/($E35+$B35), 0))"),1.0) | I35: {=INDEX('Season 1 - MatchHistory'!$G:$G,MATCH(1,('Season 1 - MatchHistory'!$B:$B=$A35)*('Season 1 - MatchHistory'!$G:$G<>""),0))} | J35: {=INDEX('Season 1 - MatchHistory'!$H:$H,MATCH(1,('Season 1 - MatchHistory'!$B:$B=$A35)*('Season 1 - MatchHistory'!$H:$H<>""),0))} | K35: {=INDEX('Season 1 - MatchHistory'!$J:$J,MATCH(1,('Season 1 - MatchHistory'!$B:$B=$A35)*('Season 1 - MatchHistory'!$J:$J<>""),0))}
A36: Plen | B36: =COUNTIFS('Season 1 - MatchHistory'!$B:$B, $A36, 'Season 1 - MatchHistory'!$C:$C, "Town") | C36: =COUNTIFS('Season 1 - MatchHistory'!B:B, A36, 'Season 1 - MatchHistory'!C:C, "Town", 'Season 1 - MatchHistory'!D:D, "Win") | D36: =IFERROR(__xludf.DUMMYFUNCTION("IF(EQ($B36, 0), TO_PERCENT(0), TO_PERCENT($C36/$B36))"),0.4) | E36: =COUNTIFS('Season 1 - MatchHistory'!$B:$B, $A36, 'Season 1 - MatchHistory'!$C:$C, "Mafia") | F36: =COUNTIFS('Season 1 - MatchHistory'!$B:$B, $A36, 'Season 1 - MatchHistory'!$C:$C, "Mafia", 'Season 1 - MatchHistory'!$D:$D, "Win") | G36: =IFERROR(__xludf.DUMMYFUNCTION("TO_PERCENT(IFERROR($F36/$E36, 0))"),0.5) | H36: =IFERROR(__xludf.DUMMYFUNCTION("TO_PERCENT(IFERROR(($F36+$C36)/($E36+$B36), 0))"),0.42857142857142855) | I36: {=INDEX('Season 1 - MatchHistory'!$G:$G,MATCH(1,('Season 1 - MatchHistory'!$B:$B=$A36)*('Season 1 - MatchHistory'!$G:$G<>""),0))} | J36: {=INDEX('Season 1 - MatchHistory'!$H:$H,MATCH(1,('Season 1 - MatchHistory'!$B:$B=$A36)*('Season 1 - MatchHistory'!$H:$H<>""),0))} | K36: {=INDEX('Season 1 - MatchHistory'!$J:$J,MATCH(1,('Season 1 - MatchHistory'!$B:$B=$A36)*('Season 1 - MatchHistory'!$J:$J<>""),0))}
A37: Shane | B37: =COUNTIFS('Season 1 - MatchHistory'!$B:$B, $A37, 'Season 1 - MatchHistory'!$C:$C, "Town") | C37: =COUNTIFS('Season 1 - MatchHistory'!B:B, A37, 'Season 1 - MatchHistory'!C:C, "Town", 'Season 1 - MatchHistory'!D:D, "Win") | D37: =IFERROR(__xludf.DUMMYFUNCTION("IF(EQ($B37, 0), TO_PERCENT(0), TO_PERCENT($C37/$B37))"),0.5) | E37: =COUNTIFS('Season 1 - MatchHistory'!$B:$B, $A37, 'Season 1 - MatchHistory'!$C:$C, "Mafia") | F37: =COUNTIFS('Season 1 - MatchHistory'!$B:$B, $A37, 'Season 1 - MatchHistory'!$C:$C, "Mafia", 'Season 1 - MatchHistory'!$D:$D, "Win") | G37: =IFERROR(__xludf.DUMMYFUNCTION("TO_PERCENT(IFERROR($F37/$E37, 0))"),0.0) | H37: =IFERROR(__xludf.DUMMYFUNCTION("TO_PERCENT(IFERROR(($F37+$C37)/($E37+$B37), 0))"),0.5) | I37: {=INDEX('Season 1 - MatchHistory'!$G:$G,MATCH(1,('Season 1 - MatchHistory'!$B:$B=$A37)*('Season 1 - MatchHistory'!$G:$G<>""),0))} | J37: {=INDEX('Season 1 - MatchHistory'!$H:$H,MATCH(1,('Season 1 - MatchHistory'!$B:$B=$A37)*('Season 1 - MatchHistory'!$H:$H<>""),0))} | K37: {=INDEX('Season 1 - MatchHistory'!$J:$J,MATCH(1,('Season 1 - MatchHistory'!$B:$B=$A37)*('Season 1 - MatchHistory'!$J:$J<>""),0))}
A38: Morty | B38: =COUNTIFS('Season 1 - MatchHistory'!$B:$B, $A38, 'Season 1 - MatchHistory'!$C:$C, "Town") | C38: =COUNTIFS('Season 1 - MatchHistory'!B:B, A38, 'Season 1 - MatchHistory'!C:C, "Town", 'Season 1 - MatchHistory'!D:D, "Win") | D38: =IFERROR(__xludf.DUMMYFUNCTION("IF(EQ($B38, 0), TO_PERCENT(0), TO_PERCENT($C38/$B38))"),0.5) | E38: =COUNTIFS('Season 1 - MatchHistory'!$B:$B, $A38, 'Season 1 - MatchHistory'!$C:$C, "Mafia") | F38: =COUNTIFS('Season 1 - MatchHistory'!$B:$B, $A38, 'Season 1 - MatchHistory'!$C:$C, "Mafia", 'Season 1 - MatchHistory'!$D:$D, "Win") | G38: =IFERROR(__xludf.DUMMYFUNCTION("TO_PERCENT(IFERROR($F38/$E38, 0))"),0.0) | H38: =IFERROR(__xludf.DUMMYFUNCTION("TO_PERCENT(IFERROR(($F38+$C38)/($E38+$B38), 0))"),0.5) | I38: {=INDEX('Season 1 - MatchHistory'!$G:$G,MATCH(1,('Season 1 - MatchHistory'!$B:$B=$A38)*('Season 1 - MatchHistory'!$G:$G<>""),0))} | J38: {=INDEX('Season 1 - MatchHistory'!$H:$H,MATCH(1,('Season 1 - MatchHistory'!$B:$B=$A38)*('Season 1 - MatchHistory'!$H:$H<>""),0))} | K38: {=INDEX('Season 1 - MatchHistory'!$J:$J,MATCH(1,('Season 1 - MatchHistory'!$B:$B=$A38)*('Season 1 - MatchHistory'!$J:$J<>""),0))}
A39: Hunter | B39: =COUNTIFS('Season 1 - MatchHistory'!$B:$B, $A39, 'Season 1 - MatchHistory'!$C:$C, "Town") | C39: =COUNTIFS('Season 1 - MatchHistory'!B:B, A39, 'Season 1 - MatchHistory'!C:C, "Town", 'Season 1 - MatchHistory'!D:D, "Win") | D39: =IFERROR(__xludf.DUMMYFUNCTION("IF(EQ($B39, 0), TO_PERCENT(0), TO_PERCENT($C39/$B39))"),0.3333333333333333) | E39: =COUNTIFS('Season 1 - MatchHistory'!$B:$B, $A39, 'Season 1 - MatchHistory'!$C:$C, "Mafia") | F39: =COUNTIFS('Season 1 - MatchHistory'!$B:$B, $A39, 'Season 1 - MatchHistory'!$C:$C, "Mafia", 'Season 1 - MatchHistory'!$D:$D, "Win") | G39: =IFERROR(__xludf.DUMMYFUNCTION("TO_PERCENT(IFERROR($F39/$E39, 0))"),0.0) | H39: =IFERROR(__xludf.DUMMYFUNCTION("TO_PERCENT(IFERROR(($F39+$C39)/($E39+$B39), 0))"),0.3333333333333333) | I39: {=INDEX('Season 1 - MatchHistory'!$G:$G,MATCH(1,('Season 1 - MatchHistory'!$B:$B=$A39)*('Season 1 - MatchHistory'!$G:$G<>""),0))} | J39: {=INDEX('Season 1 - MatchHistory'!$H:$H,MATCH(1,('Season 1 - MatchHistory'!$B:$B=$A39)*('Season 1 - MatchHistory'!$H:$H<>""),0))} | K39: {=INDEX('Season 1 - MatchHistory'!$J:$J,MATCH(1,('Season 1 - MatchHistory'!$B:$B=$A39)*('Season 1 - MatchHistory'!$J:$J<>""),0))}
A40: Levi | B40: =COUNTIFS('Season 1 - MatchHistory'!$B:$B, $A40, 'Season 1 - MatchHistory'!$C:$C, "Town") | C40: =COUNTIFS('Season 1 - MatchHistory'!B:B, A40, 'Season 1 - MatchHistory'!C:C, "Town", 'Season 1 - MatchHistory'!D:D, "Win") | D40: =IFERROR(__xludf.DUMMYFUNCTION("IF(EQ($B40, 0), TO_PERCENT(0), TO_PERCENT($C40/$B40))"),0.5) | E40: =COUNTIFS('Season 1 - MatchHistory'!$B:$B, $A40, 'Season 1 - MatchHistory'!$C:$C, "Mafia") | F40: =COUNTIFS('Season 1 - MatchHistory'!$B:$B, $A40, 'Season 1 - MatchHistory'!$C:$C, "Mafia", 'Season 1 - MatchHistory'!$D:$D, "Win") | G40: =IFERROR(__xludf.DUMMYFUNCTION("TO_PERCENT(IFERROR($F40/$E40, 0))"),0.0) | H40: =IFERROR(__xludf.DUMMYFUNCTION("TO_PERCENT(IFERROR(($F40+$C40)/($E40+$B40), 0))"),0.5) | I40: {=INDEX('Season 1 - MatchHistory'!$G:$G,MATCH(1,('Season 1 - MatchHistory'!$B:$B=$A40)*('Season 1 - MatchHistory'!$G:$G<>""),0))} | J40: {=INDEX('Season 1 - MatchHistory'!$H:$H,MATCH(1,('Season 1 - MatchHistory'!$B:$B=$A40)*('Season 1 - MatchHistory'!$H:$H<>""),0))} | K40: {=INDEX('Season 1 - MatchHistory'!$J:$J,MATCH(1,('Season 1 - MatchHistory'!$B:$B=$A40)*('Season 1 - MatchHistory'!$J:$J<>""),0))}
A41: Steep | B41: =COUNTIFS('Season 1 - MatchHistory'!$B:$B, $A41, 'Season 1 - MatchHistory'!$C:$C, "Town") | C41: =COUNTIFS('Season 1 - MatchHistory'!B:B, A41, 'Season 1 - MatchHistory'!C:C, "Town", 'Season 1 - MatchHistory'!D:D, "Win") | D41: =IFERROR(__xludf.DUMMYFUNCTION("IF(EQ($B41, 0), TO_PERCENT(0), TO_PERCENT($C41/$B41))"),0.25) | E41: =COUNTIFS('Season 1 - MatchHistory'!$B:$B, $A41, 'Season 1 - MatchHistory'!$C:$C, "Mafia") | F41: =COUNTIFS('Season 1 - MatchHistory'!$B:$B, $A41, 'Season 1 - MatchHistory'!$C:$C, "Mafia", 'Season 1 - MatchHistory'!$D:$D, "Win") | G41: =IFERROR(__xludf.DUMMYFUNCTION("TO_PERCENT(IFERROR($F41/$E41, 0))"),1.0) | H41: =IFERROR(__xludf.DUMMYFUNCTION("TO_PERCENT(IFERROR(($F41+$C41)/($E41+$B41), 0))"),0.4) | I41: {=INDEX('Season 1 - MatchHistory'!$G:$G,MATCH(1,('Season 1 - MatchHistory'!$B:$B=$A41)*('Season 1 - MatchHistory'!$G:$G<>""),0))} | J41: {=INDEX('Season 1 - MatchHistory'!$H:$H,MATCH(1,('Season 1 - MatchHistory'!$B:$B=$A41)*('Season 1 - MatchHistory'!$H:$H<>""),0))} | K41: {=INDEX('Season 1 - MatchHistory'!$J:$J,MATCH(1,('Season 1 - MatchHistory'!$B:$B=$A41)*('Season 1 - MatchHistory'!$J:$J<>""),0))}
A42: 5up | B42: =COUNTIFS('Season 1 - MatchHistory'!$B:$B, $A42, 'Season 1 - MatchHistory'!$C:$C, "Town") | C42: =COUNTIFS('Season 1 - MatchHistory'!B:B, A42, 'Season 1 - MatchHistory'!C:C, "Town", 'Season 1 - MatchHistory'!D:D, "Win") | D42: =IFERROR(__xludf.DUMMYFUNCTION("IF(EQ($B42, 0), TO_PERCENT(0), TO_PERCENT($C42/$B42))"),0.3333333333333333) | E42: =COUNTIFS('Season 1 - MatchHistory'!$B:$B, $A42, 'Season 1 - MatchHistory'!$C:$C, "Mafia") | F42: =COUNTIFS('Season 1 - MatchHistory'!$B:$B, $A42, 'Season 1 - MatchHistory'!$C:$C, "Mafia", 'Season 1 - MatchHistory'!$D:$D, "Win") | G42: =IFERROR(__xludf.DUMMYFUNCTION("TO_PERCENT(IFERROR($F42/$E42, 0))"),1.0) | H42: =IFERROR(__xludf.DUMMYFUNCTION("TO_PERCENT(IFERROR(($F42+$C42)/($E42+$B42), 0))"),0.42857142857142855) | I42: {=INDEX('Season 1 - MatchHistory'!$G:$G,MATCH(1,('Season 1 - MatchHistory'!$B:$B=$A42)*('Season 1 - MatchHistory'!$G:$G<>""),0))} | J42: {=INDEX('Season 1 - MatchHistory'!$H:$H,MATCH(1,('Season 1 - MatchHistory'!$B:$B=$A42)*('Season 1 - MatchHistory'!$H:$H<>""),0))} | K42: {=INDEX('Season 1 - MatchHistory'!$J:$J,MATCH(1,('Season 1 - MatchHistory'!$B:$B=$A42)*('Season 1 - MatchHistory'!$J:$J<>""),0))}
A43: AsianSam | B43: =COUNTIFS('Season 1 - MatchHistory'!$B:$B, $A43, 'Season 1 - MatchHistory'!$C:$C, "Town") | C43: =COUNTIFS('Season 1 - MatchHistory'!B:B, A43, 'Season 1 - MatchHistory'!C:C, "Town", 'Season 1 - MatchHistory'!D:D, "Win") | D43: =IFERROR(__xludf.DUMMYFUNCTION("IF(EQ($B43, 0), TO_PERCENT(0), TO_PERCENT($C43/$B43))"),0.5) | E43: =COUNTIFS('Season 1 - MatchHistory'!$B:$B, $A43, 'Season 1 - MatchHistory'!$C:$C, "Mafia") | F43: =COUNTIFS('Season 1 - MatchHistory'!$B:$B, $A43, 'Season 1 - MatchHistory'!$C:$C, "Mafia", 'Season 1 - MatchHistory'!$D:$D, "Win") | G43: =IFERROR(__xludf.DUMMYFUNCTION("TO_PERCENT(IFERROR($F43/$E43, 0))"),0.5) | H43: =IFERROR(__xludf.DUMMYFUNCTION("TO_PERCENT(IFERROR(($F43+$C43)/($E43+$B43), 0))"),0.5) | I43: {=INDEX('Season 1 - MatchHistory'!$G:$G,MATCH(1,('Season 1 - MatchHistory'!$B:$B=$A43)*('Season 1 - MatchHistory'!$G:$G<>""),0))} | J43: {=INDEX('Season 1 - MatchHistory'!$H:$H,MATCH(1,('Season 1 - MatchHistory'!$B:$B=$A43)*('Season 1 - MatchHistory'!$H:$H<>""),0))} | K43: {=INDEX('Season 1 - MatchHistory'!$J:$J,MATCH(1,('Season 1 - MatchHistory'!$B:$B=$A43)*('Season 1 - MatchHistory'!$J:$J<>""),0))}
A44: Dani | B44: =COUNTIFS('Season 1 - MatchHistory'!$B:$B, $A44, 'Season 1 - MatchHistory'!$C:$C, "Town") | C44: =COUNTIFS('Season 1 - MatchHistory'!B:B, A44, 'Season 1 - MatchHistory'!C:C, "Town", 'Season 1 - MatchHistory'!D:D, "Win") | D44: =IFERROR(__xludf.DUMMYFUNCTION("IF(EQ($B44, 0), TO_PERCENT(0), TO_PERCENT($C44/$B44))"),0.5) | E44: =COUNTIFS('Season 1 - MatchHistory'!$B:$B, $A44, 'Season 1 - MatchHistory'!$C:$C, "Mafia") | F44: =COUNTIFS('Season 1 - MatchHistory'!$B:$B, $A44, 'Season 1 - MatchHistory'!$C:$C, "Mafia", 'Season 1 - MatchHistory'!$D:$D, "Win") | G44: =IFERROR(__xludf.DUMMYFUNCTION("TO_PERCENT(IFERROR($F44/$E44, 0))"),0.6666666666666666) | H44: =IFERROR(__xludf.DUMMYFUNCTION("TO_PERCENT(IFERROR(($F44+$C44)/($E44+$B44), 0))"),0.6) | I44: {=INDEX('Season 1 - MatchHistory'!$G:$G,MATCH(1,('Season 1 - MatchHistory'!$B:$B=$A44)*('Season 1 - MatchHistory'!$G:$G<>""),0))} | J44: {=INDEX('Season 1 - MatchHistory'!$H:$H,MATCH(1,('Season 1 - MatchHistory'!$B:$B=$A44)*('Season 1 - MatchHistory'!$H:$H<>""),0))} | K44: {=INDEX('Season 1 - MatchHistory'!$J:$J,MATCH(1,('Season 1 - MatchHistory'!$B:$B=$A44)*('Season 1 - MatchHistory'!$J:$J<>""),0))}
A45: Josh | B45: =COUNTIFS('Season 1 - MatchHistory'!$B:$B, $A45, 'Season 1 - MatchHistory'!$C:$C, "Town") | C45: =COUNTIFS('Season 1 - MatchHistory'!B:B, A45, 'Season 1 - MatchHistory'!C:C, "Town", 'Season 1 - MatchHistory'!D:D, "Win") | D45: =IFERROR(__xludf.DUMMYFUNCTION("IF(EQ($B45, 0), TO_PERCENT(0), TO_PERCENT($C45/$B45))"),0.3333333333333333) | E45: =COUNTIFS('Season 1 - MatchHistory'!$B:$B, $A45, 'Season 1 - MatchHistory'!$C:$C, "Mafia") | F45: =COUNTIFS('Season 1 - MatchHistory'!$B:$B, $A45, 'Season 1 - MatchHistory'!$C:$C, "Mafia", 'Season 1 - MatchHistory'!$D:$D, "Win") | G45: =IFERROR(__xludf.DUMMYFUNCTION("TO_PERCENT(IFERROR($F45/$E45, 0))"),1.0) | H45: =IFERROR(__xludf.DUMMYFUNCTION("TO_PERCENT(IFERROR(($F45+$C45)/($E45+$B45), 0))"),0.4) | I45: {=INDEX('Season 1 - MatchHistory'!$G:$G,MATCH(1,('Season 1 - MatchHistory'!$B:$B=$A45)*('Season 1 - MatchHistory'!$G:$G<>""),0))} | J45: {=INDEX('Season 1 - MatchHistory'!$H:$H,MATCH(1,('Season 1 - MatchHistory'!$B:$B=$A45)*('Season 1 - MatchHistory'!$H:$H<>""),0))} | K45: {=INDEX('Season 1 - MatchHistory'!$J:$J,MATCH(1,('Season 1 - MatchHistory'!$B:$B=$A45)*('Season 1 - MatchHistory'!$J:$J<>""),0))}
A46: Kowa | B46: =COUNTIFS('Season 1 - MatchHistory'!$B:$B, $A46, 'Season 1 - MatchHistory'!$C:$C, "Town") | C46: =COUNTIFS('Season 1 - MatchHistory'!B:B, A46, 'Season 1 - MatchHistory'!C:C, "Town", 'Season 1 - MatchHistory'!D:D, "Win") | D46: =IFERROR(__xludf.DUMMYFUNCTION("IF(EQ($B46, 0), TO_PERCENT(0), TO_PERCENT($C46/$B46))"),1.0) | E46: =COUNTIFS('Season 1 - MatchHistory'!$B:$B, $A46, 'Season 1 - MatchHistory'!$C:$C, "Mafia") | F46: =COUNTIFS('Season 1 - MatchHistory'!$B:$B, $A46, 'Season 1 - MatchHistory'!$C:$C, "Mafia", 'Season 1 - MatchHistory'!$D:$D, "Win") | G46: =IFERROR(__xludf.DUMMYFUNCTION("TO_PERCENT(IFERROR($F46/$E46, 0))"),0.0) | H46: =IFERROR(__xludf.DUMMYFUNCTION("TO_PERCENT(IFERROR(($F46+$C46)/($E46+$B46), 0))"),0.5) | I46: {=INDEX('Season 1 - MatchHistory'!$G:$G,MATCH(1,('Season 1 - MatchHistory'!$B:$B=$A46)*('Season 1 - MatchHistory'!$G:$G<>""),0))} | J46: {=INDEX('Season 1 - MatchHistory'!$H:$H,MATCH(1,('Season 1 - MatchHistory'!$B:$B=$A46)*('Season 1 - MatchHistory'!$H:$H<>""),0))} | K46: {=INDEX('Season 1 - MatchHistory'!$J:$J,MATCH(1,('Season 1 - MatchHistory'!$B:$B=$A46)*('Season 1 - MatchHistory'!$J:$J<>""),0))}
A47: 23flash | B47: =COUNTIFS('Season 1 - MatchHistory'!$B:$B, $A47, 'Season 1 - MatchHistory'!$C:$C, "Town") | C47: =COUNTIFS('Season 1 - MatchHistory'!B:B, A47, 'Season 1 - MatchHistory'!C:C, "Town", 'Season 1 - MatchHistory'!D:D, "Win") | D47: =IFERROR(__xludf.DUMMYFUNCTION("IF(EQ($B47, 0), TO_PERCENT(0), TO_PERCENT($C47/$B47))"),0.3333333333333333) | E47: =COUNTIFS('Season 1 - MatchHistory'!$B:$B, $A47, 'Season 1 - MatchHistory'!$C:$C, "Mafia") | F47: =COUNTIFS('Season 1 - MatchHistory'!$B:$B, $A47, 'Season 1 - MatchHistory'!$C:$C, "Mafia", 'Season 1 - MatchHistory'!$D:$D, "Win") | G47: =IFERROR(__xludf.DUMMYFUNCTION("TO_PERCENT(IFERROR($F47/$E47, 0))"),0.0) | H47: =IFERROR(__xludf.DUMMYFUNCTION("TO_PERCENT(IFERROR(($F47+$C47)/($E47+$B47), 0))"),0.3333333333333333) | I47: {=INDEX('Season 1 - MatchHistory'!$G:$G,MATCH(1,('Season 1 - MatchHistory'!$B:$B=$A47)*('Season 1 - MatchHistory'!$G:$G<>""),0))} | J47: {=INDEX('Season 1 - MatchHistory'!$H:$H,MATCH(1,('Season 1 - MatchHistory'!$B:$B=$A47)*('Season 1 - MatchHistory'!$H:$H<>""),0))} | K47: {=INDEX('Season 1 - MatchHistory'!$J:$J,MATCH(1,('Season 1 - MatchHistory'!$B:$B=$A47)*('Season 1 - MatchHistory'!$J:$J<>""),0))}
A48: Brownkow | B48: =COUNTIFS('Season 1 - MatchHistory'!$B:$B, $A48, 'Season 1 - MatchHistory'!$C:$C, "Town") | C48: =COUNTIFS('Season 1 - MatchHistory'!B:B, A48, 'Season 1 - MatchHistory'!C:C, "Town", 'Season 1 - MatchHistory'!D:D, "Win") | D48: =IFERROR(__xludf.DUMMYFUNCTION("IF(EQ($B48, 0), TO_PERCENT(0), TO_PERCENT($C48/$B48))"),0.3333333333333333) | E48: =COUNTIFS('Season 1 - MatchHistory'!$B:$B, $A48, 'Season 1 - MatchHistory'!$C:$C, "Mafia") | F48: =COUNTIFS('Season 1 - MatchHistory'!$B:$B, $A48, 'Season 1 - MatchHistory'!$C:$C, "Mafia", 'Season 1 - MatchHistory'!$D:$D, "Win") | G48: =IFERROR(__xludf.DUMMYFUNCTION("TO_PERCENT(IFERROR($F48/$E48, 0))"),0.0) | H48: =IFERROR(__xludf.DUMMYFUNCTION("TO_PERCENT(IFERROR(($F48+$C48)/($E48+$B48), 0))"),0.3333333333333333) | I48: {=INDEX('Season 1 - MatchHistory'!$G:$G,MATCH(1,('Season 1 - MatchHistory'!$B:$B=$A48)*('Season 1 - MatchHistory'!$G:$G<>""),0))} | J48: {=INDEX('Season 1 - MatchHistory'!$H:$H,MATCH(1,('Season 1 - MatchHistory'!$B:$B=$A48)*('Season 1 - MatchHistory'!$H:$H<>""),0))} | K48: {=INDEX('Season 1 - MatchHistory'!$J:$J,MATCH(1,('Season 1 - MatchHistory'!$B:$B=$A48)*('Season 1 - MatchHistory'!$J:$J<>""),0))}
A49: Aro | B49: =COUNTIFS('Season 1 - MatchHistory'!$B:$B, $A49, 'Season 1 - MatchHistory'!$C:$C, "Town") | C49: =COUNTIFS('Season 1 - MatchHistory'!B:B, A49, 'Season 1 - MatchHistory'!C:C, "Town", 'Season 1 - MatchHistory'!D:D, "Win") | D49: =IFERROR(__xludf.DUMMYFUNCTION("IF(EQ($B49, 0), TO_PERCENT(0), TO_PERCENT($C49/$B49))"),0.0) | E49: =COUNTIFS('Season 1 - MatchHistory'!$B:$B, $A49, 'Season 1 - MatchHistory'!$C:$C, "Mafia") | F49: =COUNTIFS('Season 1 - MatchHistory'!$B:$B, $A49, 'Season 1 - MatchHistory'!$C:$C, "Mafia", 'Season 1 - MatchHistory'!$D:$D, "Win") | G49: =IFERROR(__xludf.DUMMYFUNCTION("TO_PERCENT(IFERROR($F49/$E49, 0))"),1.0) | H49: =IFERROR(__xludf.DUMMYFUNCTION("TO_PERCENT(IFERROR(($F49+$C49)/($E49+$B49), 0))"),0.5) | I49: {=INDEX('Season 1 - MatchHistory'!$G:$G,MATCH(1,('Season 1 - MatchHistory'!$B:$B=$A49)*('Season 1 - MatchHistory'!$G:$G<>""),0))} | J49: {=INDEX('Season 1 - MatchHistory'!$H:$H,MATCH(1,('Season 1 - MatchHistory'!$B:$B=$A49)*('Season 1 - MatchHistory'!$H:$H<>""),0))} | K49: {=INDEX('Season 1 - MatchHistory'!$J:$J,MATCH(1,('Season 1 - MatchHistory'!$B:$B=$A49)*('Season 1 - MatchHistory'!$J:$J<>""),0))}
A50: Vandy | B50: =COUNTIFS('Season 1 - MatchHistory'!$B:$B, $A50, 'Season 1 - MatchHistory'!$C:$C, "Town") | C50: =COUNTIFS('Season 1 - MatchHistory'!B:B, A50, 'Season 1 - MatchHistory'!C:C, "Town", 'Season 1 - MatchHistory'!D:D, "Win") | D50: =IFERROR(__xludf.DUMMYFUNCTION("IF(EQ($B50, 0), TO_PERCENT(0), TO_PERCENT($C50/$B50))"),0.5) | E50: =COUNTIFS('Season 1 - MatchHistory'!$B:$B, $A50, 'Season 1 - MatchHistory'!$C:$C, "Mafia") | F50: =COUNTIFS('Season 1 - MatchHistory'!$B:$B, $A50, 'Season 1 - MatchHistory'!$C:$C, "Mafia", 'Season 1 - MatchHistory'!$D:$D, "Win") | G50: =IFERROR(__xludf.DUMMYFUNCTION("TO_PERCENT(IFERROR($F50/$E50, 0))"),0.5) | H50: =IFERROR(__xludf.DUMMYFUNCTION("TO_PERCENT(IFERROR(($F50+$C50)/($E50+$B50), 0))"),0.5) | I50: {=INDEX('Season 1 - MatchHistory'!$G:$G,MATCH(1,('Season 1 - MatchHistory'!$B:$B=$A50)*('Season 1 - MatchHistory'!$G:$G<>""),0))} | J50: {=INDEX('Season 1 - MatchHistory'!$H:$H,MATCH(1,('Season 1 - MatchHistory'!$B:$B=$A50)*('Season 1 - MatchHistory'!$H:$H<>""),0))} | K50: {=INDEX('Season 1 - MatchHistory'!$J:$J,MATCH(1,('Season 1 - MatchHistory'!$B:$B=$A50)*('Season 1 - MatchHistory'!$J:$J<>""),0))} | L50: ='Season 1 - MafiaRatings'!H:H | M50: ='Season 1 - MafiaRatings'!I:I | N50: ='Season 1 - MafiaRatings'!J:J | O50: ='Season 1 - MafiaRatings'!K:K | P50: ='Season 1 - MafiaRatings'!L:L | Q50: ='Season 1 - MafiaRatings'!M:M | R50: ='Season 1 - MafiaRatings'!N:N | S50: ='Season 1 - MafiaRatings'!O:O | T50: ='Season 1 - MafiaRatings'!P:P | U50: ='Season 1 - MafiaRatings'!Q:Q | V50: ='Season 1 - MafiaRatings'!R:R | W50: ='Season 1 - MafiaRatings'!S:S | X50: ='Season 1 - MafiaRatings'!T:T | Y50: ='Season 1 - MafiaRatings'!U:U | Z50: ='Season 1 - MafiaRatings'!V:V | AA50: ='Season 1 - MafiaRatings'!W:W | AB50: ='Season 1 - MafiaRatings'!X:X | AC50: ='Season 1 - MafiaRatings'!Y:Y | AD50: ='Season 1 - MafiaRatings'!Z:Z | AE50: ='Season 1 - MafiaRatings'!AA:AA
A51: Happymeal | B51: =COUNTIFS('Season 1 - MatchHistory'!$B:$B, $A51, 'Season 1 - MatchHistory'!$C:$C, "Town") | C51: =COUNTIFS('Season 1 - MatchHistory'!B:B, A51, 'Season 1 - MatchHistory'!C:C, "Town", 'Season 1 - MatchHistory'!D:D, "Win") | D51: =IFERROR(__xludf.DUMMYFUNCTION("IF(EQ($B51, 0), TO_PERCENT(0), TO_PERCENT($C51/$B51))"),0.2727272727272727) | E51: =COUNTIFS('Season 1 - MatchHistory'!$B:$B, $A51, 'Season 1 - MatchHistory'!$C:$C, "Mafia") | F51: =COUNTIFS('Season 1 - MatchHistory'!$B:$B, $A51, 'Season 1 - MatchHistory'!$C:$C, "Mafia", 'Season 1 - MatchHistory'!$D:$D, "Win") | G51: =IFERROR(__xludf.DUMMYFUNCTION("TO_PERCENT(IFERROR($F51/$E51, 0))"),1.0) | H51: =IFERROR(__xludf.DUMMYFUNCTION("TO_PERCENT(IFERROR(($F51+$C51)/($E51+$B51), 0))"),0.3333333333333333) | I51: {=INDEX('Season 1 - MatchHistory'!$G:$G,MATCH(1,('Season 1 - MatchHistory'!$B:$B=$A51)*('Season 1 - MatchHistory'!$G:$G<>""),0))} | J51: {=INDEX('Season 1 - MatchHistory'!$H:$H,MATCH(1,('Season 1 - MatchHistory'!$B:$B=$A51)*('Season 1 - MatchHistory'!$H:$H<>""),0))} | K51: {=INDEX('Season 1 - MatchHistory'!$J:$J,MATCH(1,('Season 1 - MatchHistory'!$B:$B=$A51)*('Season 1 - MatchHistory'!$J:$J<>""),0))}
A52: Putinwalk | B52: =COUNTIFS('Season 1 - MatchHistory'!$B:$B, $A52, 'Season 1 - MatchHistory'!$C:$C, "Town") | C52: =COUNTIFS('Season 1 - MatchHistory'!B:B, A52, 'Season 1 - MatchHistory'!C:C, "Town", 'Season 1 - MatchHistory'!D:D, "Win") | D52: =IFERROR(__xludf.DUMMYFUNCTION("IF(EQ($B52, 0), TO_PERCENT(0), TO_PERCENT($C52/$B52))"),0.0) | E52: =COUNTIFS('Season 1 - MatchHistory'!$B:$B, $A52, 'Season 1 - MatchHistory'!$C:$C, "Mafia") | F52: =COUNTIFS('Season 1 - MatchHistory'!$B:$B, $A52, 'Season 1 - MatchHistory'!$C:$C, "Mafia", 'Season 1 - MatchHistory'!$D:$D, "Win") | G52: =IFERROR(__xludf.DUMMYFUNCTION("TO_PERCENT(IFERROR($F52/$E52, 0))"),0.5) | H52: =IFERROR(__xludf.DUMMYFUNCTION("TO_PERCENT(IFERROR(($F52+$C52)/($E52+$B52), 0))"),0.5) | I52: {=INDEX('Season 1 - MatchHistory'!$G:$G,MATCH(1,('Season 1 - MatchHistory'!$B:$B=$A52)*('Season 1 - MatchHistory'!$G:$G<>""),0))} | J52: {=INDEX('Season 1 - MatchHistory'!$H:$H,MATCH(1,('Season 1 - MatchHistory'!$B:$B=$A52)*('Season 1 - MatchHistory'!$H:$H<>""),0))} | K52: {=INDEX('Season 1 - MatchHistory'!$J:$J,MATCH(1,('Season 1 - MatchHistory'!$B:$B=$A52)*('Season 1 - MatchHistory'!$J:$J<>""),0))}
A53: Jared | B53: =COUNTIFS('Season 1 - MatchHistory'!$B:$B, $A53, 'Season 1 - MatchHistory'!$C:$C, "Town") | C53: =COUNTIFS('Season 1 - MatchHistory'!B:B, A53, 'Season 1 - MatchHistory'!C:C, "Town", 'Season 1 - MatchHistory'!D:D, "Win") | D53: =IFERROR(__xludf.DUMMYFUNCTION("IF(EQ($B53, 0), TO_PERCENT(0), TO_PERCENT($C53/$B53))"),0.0) | E53: =COUNTIFS('Season 1 - MatchHistory'!$B:$B, $A53, 'Season 1 - MatchHistory'!$C:$C, "Mafia") | F53: =COUNTIFS('Season 1 - MatchHistory'!$B:$B, $A53, 'Season 1 - MatchHistory'!$C:$C, "Mafia", 'Season 1 - MatchHistory'!$D:$D, "Win") | G53: =IFERROR(__xludf.DUMMYFUNCTION("TO_PERCENT(IFERROR($F53/$E53, 0))"),1.0) | H53: =IFERROR(__xludf.DUMMYFUNCTION("TO_PERCENT(IFERROR(($F53+$C53)/($E53+$B53), 0))"),0.5) | I53: {=INDEX('Season 1 - MatchHistory'!$G:$G,MATCH(1,('Season 1 - MatchHistory'!$B:$B=$A53)*('Season 1 - MatchHistory'!$G:$G<>""),0))} | J53: {=INDEX('Season 1 - MatchHistory'!$H:$H,MATCH(1,('Season 1 - MatchHistory'!$B:$B=$A53)*('Season 1 - MatchHistory'!$H:$H<>""),0))} | K53: {=INDEX('Season 1 - MatchHistory'!$J:$J,MATCH(1,('Season 1 - MatchHistory'!$B:$B=$A53)*('Season 1 - MatchHistory'!$J:$J<>""),0))}
A54: Jojo | B54: =COUNTIFS('Season 1 - MatchHistory'!$B:$B, $A54, 'Season 1 - MatchHistory'!$C:$C, "Town") | C54: =COUNTIFS('Season 1 - MatchHistory'!B:B, A54, 'Season 1 - MatchHistory'!C:C, "Town", 'Season 1 - MatchHistory'!D:D, "Win") | D54: =IFERROR(__xludf.DUMMYFUNCTION("IF(EQ($B54, 0), TO_PERCENT(0), TO_PERCENT($C54/$B54))"),0.0) | E54: =COUNTIFS('Season 1 - MatchHistory'!$B:$B, $A54, 'Season 1 - MatchHistory'!$C:$C, "Mafia") | F54: =COUNTIFS('Season 1 - MatchHistory'!$B:$B, $A54, 'Season 1 - MatchHistory'!$C:$C, "Mafia", 'Season 1 - MatchHistory'!$D:$D, "Win") | G54: =IFERROR(__xludf.DUMMYFUNCTION("TO_PERCENT(IFERROR($F54/$E54, 0))"),1.0) | H54: =IFERROR(__xludf.DUMMYFUNCTION("TO_PERCENT(IFERROR(($F54+$C54)/($E54+$B54), 0))"),0.3333333333333333) | I54: {=INDEX('Season 1 - MatchHistory'!$G:$G,MATCH(1,('Season 1 - MatchHistory'!$B:$B=$A54)*('Season 1 - MatchHistory'!$G:$G<>""),0))} | J54: {=INDEX('Season 1 - MatchHistory'!$H:$H,MATCH(1,('Season 1 - MatchHistory'!$B:$B=$A54)*('Season 1 - MatchHistory'!$H:$H<>""),0))} | K54: {=INDEX('Season 1 - MatchHistory'!$J:$J,MATCH(1,('Season 1 - MatchHistory'!$B:$B=$A54)*('Season 1 - MatchHistory'!$J:$J<>""),0))}
A55: Rollo | B55: =COUNTIFS('Season 1 - MatchHistory'!$B:$B, $A55, 'Season 1 - MatchHistory'!$C:$C, "Town") | C55: =COUNTIFS('Season 1 - MatchHistory'!B:B, A55, 'Season 1 - MatchHistory'!C:C, "Town", 'Season 1 - MatchHistory'!D:D, "Win") | D55: =IFERROR(__xludf.DUMMYFUNCTION("IF(EQ($B55, 0), TO_PERCENT(0), TO_PERCENT($C55/$B55))"),0.0) | E55: =COUNTIFS('Season 1 - MatchHistory'!$B:$B, $A55, 'Season 1 - MatchHistory'!$C:$C, "Mafia") | F55: =COUNTIFS('Season 1 - MatchHistory'!$B:$B, $A55, 'Season 1 - MatchHistory'!$C:$C, "Mafia", 'Season 1 - MatchHistory'!$D:$D, "Win") | G55: =IFERROR(__xludf.DUMMYFUNCTION("TO_PERCENT(IFERROR($F55/$E55, 0))"),1.0) | H55: =IFERROR(__xludf.DUMMYFUNCTION("TO_PERCENT(IFERROR(($F55+$C55)/($E55+$B55), 0))"),0.3333333333333333) | I55: {=INDEX('Season 1 - MatchHistory'!$G:$G,MATCH(1,('Season 1 - MatchHistory'!$B:$B=$A55)*('Season 1 - MatchHistory'!$G:$G<>""),0))} | J55: {=INDEX('Season 1 - MatchHistory'!$H:$H,MATCH(1,('Season 1 - MatchHistory'!$B:$B=$A55)*('Season 1 - MatchHistory'!$H:$H<>""),0))} | K55: {=INDEX('Season 1 - MatchHistory'!$J:$J,MATCH(1,('Season 1 - MatchHistory'!$B:$B=$A55)*('Season 1 - MatchHistory'!$J:$J<>""),0))}
A56: Iln | B56: =COUNTIFS('Season 1 - MatchHistory'!$B:$B, $A56, 'Season 1 - MatchHistory'!$C:$C, "Town") | C56: =COUNTIFS('Season 1 - MatchHistory'!B:B, A56, 'Season 1 - MatchHistory'!C:C, "Town", 'Season 1 - MatchHistory'!D:D, "Win") | D56: =IFERROR(__xludf.DUMMYFUNCTION("IF(EQ($B56, 0), TO_PERCENT(0), TO_PERCENT($C56/$B56))"),1.0) | E56: =COUNTIFS('Season 1 - MatchHistory'!$B:$B, $A56, 'Season 1 - MatchHistory'!$C:$C, "Mafia") | F56: =COUNTIFS('Season 1 - MatchHistory'!$B:$B, $A56, 'Season 1 - MatchHistory'!$C:$C, "Mafia", 'Season 1 - MatchHistory'!$D:$D, "Win") | G56: =IFERROR(__xludf.DUMMYFUNCTION("TO_PERCENT(IFERROR($F56/$E56, 0))"),0.0) | H56: =IFERROR(__xludf.DUMMYFUNCTION("TO_PERCENT(IFERROR(($F56+$C56)/($E56+$B56), 0))"),0.5) | I56: {=INDEX('Season 1 - MatchHistory'!$G:$G,MATCH(1,('Season 1 - MatchHistory'!$B:$B=$A56)*('Season 1 - MatchHistory'!$G:$G<>""),0))} | J56: {=INDEX('Season 1 - MatchHistory'!$H:$H,MATCH(1,('Season 1 - MatchHistory'!$B:$B=$A56)*('Season 1 - MatchHistory'!$H:$H<>""),0))} | K56: {=INDEX('Season 1 - MatchHistory'!$J:$J,MATCH(1,('Season 1 - MatchHistory'!$B:$B=$A56)*('Season 1 - MatchHistory'!$J:$J<>""),0))}
A57: Wyz | B57: =COUNTIFS('Season 1 - MatchHistory'!$B:$B, $A57, 'Season 1 - MatchHistory'!$C:$C, "Town") | C57: =COUNTIFS('Season 1 - MatchHistory'!B:B, A57, 'Season 1 - MatchHistory'!C:C, "Town", 'Season 1 - MatchHistory'!D:D, "Win") | D57: =IFERROR(__xludf.DUMMYFUNCTION("IF(EQ($B57, 0), TO_PERCENT(0), TO_PERCENT($C57/$B57))"),0.0) | E57: =COUNTIFS('Season 1 - MatchHistory'!$B:$B, $A57, 'Season 1 - MatchHistory'!$C:$C, "Mafia") | F57: =COUNTIFS('Season 1 - MatchHistory'!$B:$B, $A57, 'Season 1 - MatchHistory'!$C:$C, "Mafia", 'Season 1 - MatchHistory'!$D:$D, "Win") | G57: =IFERROR(__xludf.DUMMYFUNCTION("TO_PERCENT(IFERROR($F57/$E57, 0))"),0.0) | H57: =IFERROR(__xludf.DUMMYFUNCTION("TO_PERCENT(IFERROR(($F57+$C57)/($E57+$B57), 0))"),0.0) | I57: {=INDEX('Season 1 - MatchHistory'!$G:$G,MATCH(1,('Season 1 - MatchHistory'!$B:$B=$A57)*('Season 1 - MatchHistory'!$G:$G<>""),0))} | J57: {=INDEX('Season 1 - MatchHistory'!$H:$H,MATCH(1,('Season 1 - MatchHistory'!$B:$B=$A57)*('Season 1 - MatchHistory'!$H:$H<>""),0))} | K57: {=INDEX('Season 1 - MatchHistory'!$J:$J,MATCH(1,('Season 1 - MatchHistory'!$B:$B=$A57)*('Season 1 - MatchHistory'!$J:$J<>""),0))}
A58: Duke | B58: =COUNTIFS('Season 1 - MatchHistory'!$B:$B, $A58, 'Season 1 - MatchHistory'!$C:$C, "Town") | C58: =COUNTIFS('Season 1 - MatchHistory'!B:B, A58, 'Season 1 - MatchHistory'!C:C, "Town", 'Season 1 - MatchHistory'!D:D, "Win") | D58: =IFERROR(__xludf.DUMMYFUNCTION("IF(EQ($B58, 0), TO_PERCENT(0), TO_PERCENT($C58/$B58))"),0.0) | E58: =COUNTIFS('Season 1 - MatchHistory'!$B:$B, $A58, 'Season 1 - MatchHistory'!$C:$C, "Mafia") | F58: =COUNTIFS('Season 1 - MatchHistory'!$B:$B, $A58, 'Season 1 - MatchHistory'!$C:$C, "Mafia", 'Season 1 - MatchHistory'!$D:$D, "Win") | G58: =IFERROR(__xludf.DUMMYFUNCTION("TO_PERCENT(IFERROR($F58/$E58, 0))"),0.0) | H58: =IFERROR(__xludf.DUMMYFUNCTION("TO_PERCENT(IFERROR(($F58+$C58)/($E58+$B58), 0))"),0.0) | I58: {=INDEX('Season 1 - MatchHistory'!$G:$G,MATCH(1,('Season 1 - MatchHistory'!$B:$B=$A58)*('Season 1 - MatchHistory'!$G:$G<>""),0))} | J58: {=INDEX('Season 1 - MatchHistory'!$H:$H,MATCH(1,('Season 1 - MatchHistory'!$B:$B=$A58)*('Season 1 - MatchHistory'!$H:$H<>""),0))} | K58: {=INDEX('Season 1 - MatchHistory'!$J:$J,MATCH(1,('Season 1 - MatchHistory'!$B:$B=$A58)*('Season 1 - MatchHistory'!$J:$J<>""),0))}
A59: Laura | B59: =COUNTIFS('Season 1 - MatchHistory'!$B:$B, $A59, 'Season 1 - MatchHistory'!$C:$C, "Town") | C59: =COUNTIFS('Season 1 - MatchHistory'!B:B, A59, 'Season 1 - MatchHistory'!C:C, "Town", 'Season 1 - MatchHistory'!D:D, "Win") | D59: =IFERROR(__xludf.DUMMYFUNCTION("IF(EQ($B59, 0), TO_PERCENT(0), TO_PERCENT($C59/$B59))"),0.5) | E59: =COUNTIFS('Season 1 - MatchHistory'!$B:$B, $A59, 'Season 1 - MatchHistory'!$C:$C, "Mafia") | F59: =COUNTIFS('Season 1 - MatchHistory'!$B:$B, $A59, 'Season 1 - MatchHistory'!$C:$C, "Mafia", 'Season 1 - MatchHistory'!$D:$D, "Win") | G59: =IFERROR(__xludf.DUMMYFUNCTION("TO_PERCENT(IFERROR($F59/$E59, 0))"),0.0) | H59: =IFERROR(__xludf.DUMMYFUNCTION("TO_PERCENT(IFERROR(($F59+$C59)/($E59+$B59), 0))"),0.3333333333333333) | I59: {=INDEX('Season 1 - MatchHistory'!$G:$G,MATCH(1,('Season 1 - MatchHistory'!$B:$B=$A59)*('Season 1 - MatchHistory'!$G:$G<>""),0))} | J59: {=INDEX('Season 1 - MatchHistory'!$H:$H,MATCH(1,('Season 1 - MatchHistory'!$B:$B=$A59)*('Season 1 - MatchHistory'!$H:$H<>""),0))} | K59: {=INDEX('Season 1 - MatchHistory'!$J:$J,MATCH(1,('Season 1 - MatchHistory'!$B:$B=$A59)*('Season 1 - MatchHistory'!$J:$J<>""),0))}
A60: Brady | B60: =COUNTIFS('Season 1 - MatchHistory'!$B:$B, $A60, 'Season 1 - MatchHistory'!$C:$C, "Town") | C60: =COUNTIFS('Season 1 - MatchHistory'!B:B, A60, 'Season 1 - MatchHistory'!C:C, "Town", 'Season 1 - MatchHistory'!D:D, "Win") | D60: =IFERROR(__xludf.DUMMYFUNCTION("IF(EQ($B60, 0), TO_PERCENT(0), TO_PERCENT($C60/$B60))"),0.0) | E60: =COUNTIFS('Season 1 - MatchHistory'!$B:$B, $A60, 'Season 1 - MatchHistory'!$C:$C, "Mafia") | F60: =COUNTIFS('Season 1 - MatchHistory'!$B:$B, $A60, 'Season 1 - MatchHistory'!$C:$C, "Mafia", 'Season 1 - MatchHistory'!$D:$D, "Win") | G60: =IFERROR(__xludf.DUMMYFUNCTION("TO_PERCENT(IFERROR($F60/$E60, 0))"),0.0) | H60: =IFERROR(__xludf.DUMMYFUNCTION("TO_PERCENT(IFERROR(($F60+$C60)/($E60+$B60), 0))"),0.0) | I60: {=INDEX('Season 1 - MatchHistory'!$G:$G,MATCH(1,('Season 1 - MatchHistory'!$B:$B=$A60)*('Season 1 - MatchHistory'!$G:$G<>""),0))} | J60: {=INDEX('Season 1 - MatchHistory'!$H:$H,MATCH(1,('Season 1 - MatchHistory'!$B:$B=$A60)*('Season 1 - MatchHistory'!$H:$H<>""),0))} | K60: {=INDEX('Season 1 - MatchHistory'!$J:$J,MATCH(1,('Season 1 - MatchHistory'!$B:$B=$A60)*('Season 1 - MatchHistory'!$J:$J<>""),0))}
A61: Younguns | B61: =COUNTIFS('Season 1 - MatchHistory'!$B:$B, $A61, 'Season 1 - MatchHistory'!$C:$C, "Town") | C61: =COUNTIFS('Season 1 - MatchHistory'!B:B, A61, 'Season 1 - MatchHistory'!C:C, "Town", 'Season 1 - MatchHistory'!D:D, "Win") | D61: =IFERROR(__xludf.DUMMYFUNCTION("IF(EQ($B61, 0), TO_PERCENT(0), TO_PERCENT($C61/$B61))"),0.0) | E61: =COUNTIFS('Season 1 - MatchHistory'!$B:$B, $A61, 'Season 1 - MatchHistory'!$C:$C, "Mafia") | F61: =COUNTIFS('Season 1 - MatchHistory'!$B:$B, $A61, 'Season 1 - MatchHistory'!$C:$C, "Mafia", 'Season 1 - MatchHistory'!$D:$D, "Win") | G61: =IFERROR(__xludf.DUMMYFUNCTION("TO_PERCENT(IFERROR($F61/$E61, 0))"),0.0) | H61: =IFERROR(__xludf.DUMMYFUNCTION("TO_PERCENT(IFERROR(($F61+$C61)/($E61+$B61), 0))"),0.0) | I61: {=INDEX('Season 1 - MatchHistory'!$G:$G,MATCH(1,('Season 1 - MatchHistory'!$B:$B=$A61)*('Season 1 - MatchHistory'!$G:$G<>""),0))} | J61: {=INDEX('Season 1 - MatchHistory'!$H:$H,MATCH(1,('Season 1 - MatchHistory'!$B:$B=$A61)*('Season 1 - MatchHistory'!$H:$H<>""),0))} | K61: {=INDEX('Season 1 - MatchHistory'!$J:$J,MATCH(1,('Season 1 - MatchHistory'!$B:$B=$A61)*('Season 1 - MatchHistory'!$J:$J<>""),0))}
A62: Daniel | B62: =COUNTIFS('Season 1 - MatchHistory'!$B:$B, $A62, 'Season 1 - MatchHistory'!$C:$C, "Town") | C62: =COUNTIFS('Season 1 - MatchHistory'!B:B, A62, 'Season 1 - MatchHistory'!C:C, "Town", 'Season 1 - MatchHistory'!D:D, "Win") | D62: =IFERROR(__xludf.DUMMYFUNCTION("IF(EQ($B62, 0), TO_PERCENT(0), TO_PERCENT($C62/$B62))"),0.0) | E62: =COUNTIFS('Season 1 - MatchHistory'!$B:$B, $A62, 'Season 1 - MatchHistory'!$C:$C, "Mafia") | F62: =COUNTIFS('Season 1 - MatchHistory'!$B:$B, $A62, 'Season 1 - MatchHistory'!$C:$C, "Mafia", 'Season 1 - MatchHistory'!$D:$D, "Win") | G62: =IFERROR(__xludf.DUMMYFUNCTION("TO_PERCENT(IFERROR($F62/$E62, 0))"),0.0) | H62: =IFERROR(__xludf.DUMMYFUNCTION("TO_PERCENT(IFERROR(($F62+$C62)/($E62+$B62), 0))"),0.0) | I62: {=INDEX('Season 1 - MatchHistory'!$G:$G,MATCH(1,('Season 1 - MatchHistory'!$B:$B=$A62)*('Season 1 - MatchHistory'!$G:$G<>""),0))} | J62: {=INDEX('Season 1 - MatchHistory'!$H:$H,MATCH(1,('Season 1 - MatchHistory'!$B:$B=$A62)*('Season 1 - MatchHistory'!$H:$H<>""),0))} | K62: {=INDEX('Season 1 - MatchHistory'!$J:$J,MATCH(1,('Season 1 - MatchHistory'!$B:$B=$A62)*('Season 1 - MatchHistory'!$J:$J<>""),0))}
A63: Yuzu | B63: =COUNTIFS('Season 1 - MatchHistory'!$B:$B, $A63, 'Season 1 - MatchHistory'!$C:$C, "Town") | C63: =COUNTIFS('Season 1 - MatchHistory'!B:B, A63, 'Season 1 - MatchHistory'!C:C, "Town", 'Season 1 - MatchHistory'!D:D, "Win") | D63: =IFERROR(__xludf.DUMMYFUNCTION("IF(EQ($B63, 0), TO_PERCENT(0), TO_PERCENT($C63/$B63))"),0.0) | E63: =COUNTIFS('Season 1 - MatchHistory'!$B:$B, $A63, 'Season 1 - MatchHistory'!$C:$C, "Mafia") | F63: =COUNTIFS('Season 1 - MatchHistory'!$B:$B, $A63, 'Season 1 - MatchHistory'!$C:$C, "Mafia", 'Season 1 - MatchHistory'!$D:$D, "Win") | G63: =IFERROR(__xludf.DUMMYFUNCTION("TO_PERCENT(IFERROR($F63/$E63, 0))"),0.0) | H63: =IFERROR(__xludf.DUMMYFUNCTION("TO_PERCENT(IFERROR(($F63+$C63)/($E63+$B63), 0))"),0.0) | I63: {=INDEX('Season 1 - MatchHistory'!$G:$G,MATCH(1,('Season 1 - MatchHistory'!$B:$B=$A63)*('Season 1 - MatchHistory'!$G:$G<>""),0))} | J63: {=INDEX('Season 1 - MatchHistory'!$H:$H,MATCH(1,('Season 1 - MatchHistory'!$B:$B=$A63)*('Season 1 - MatchHistory'!$H:$H<>""),0))} | K63: {=INDEX('Season 1 - MatchHistory'!$J:$J,MATCH(1,('Season 1 - MatchHistory'!$B:$B=$A63)*('Season 1 - MatchHistory'!$J:$J<>""),0))}
A64: Drim | B64: =COUNTIFS('Season 1 - MatchHistory'!$B:$B, $A64, 'Season 1 - MatchHistory'!$C:$C, "Town") | C64: =COUNTIFS('Season 1 - MatchHistory'!B:B, A64, 'Season 1 - MatchHistory'!C:C, "Town", 'Season 1 - MatchHistory'!D:D, "Win") | D64: =IFERROR(__xludf.DUMMYFUNCTION("IF(EQ($B64, 0), TO_PERCENT(0), TO_PERCENT($C64/$B64))"),0.0) | E64: =COUNTIFS('Season 1 - MatchHistory'!$B:$B, $A64, 'Season 1 - MatchHistory'!$C:$C, "Mafia") | F64: =COUNTIFS('Season 1 - MatchHistory'!$B:$B, $A64, 'Season 1 - MatchHistory'!$C:$C, "Mafia", 'Season 1 - MatchHistory'!$D:$D, "Win") | G64: =IFERROR(__xludf.DUMMYFUNCTION("TO_PERCENT(IFERROR($F64/$E64, 0))"),0.0) | H64: =IFERROR(__xludf.DUMMYFUNCTION("TO_PERCENT(IFERROR(($F64+$C64)/($E64+$B64), 0))"),0.0) | I64: {=INDEX('Season 1 - MatchHistory'!$G:$G,MATCH(1,('Season 1 - MatchHistory'!$B:$B=$A64)*('Season 1 - MatchHistory'!$G:$G<>""),0))} | J64: {=INDEX('Season 1 - MatchHistory'!$H:$H,MATCH(1,('Season 1 - MatchHistory'!$B:$B=$A64)*('Season 1 - MatchHistory'!$H:$H<>""),0))} | K64: {=INDEX('Season 1 - MatchHistory'!$J:$J,MATCH(1,('Season 1 - MatchHistory'!$B:$B=$A64)*('Season 1 - MatchHistory'!$J:$J<>""),0))}
A65: Emo | B65: =COUNTIFS('Season 1 - MatchHistory'!$B:$B, $A65, 'Season 1 - MatchHistory'!$C:$C, "Town") | C65: =COUNTIFS('Season 1 - MatchHistory'!B:B, A65, 'Season 1 - MatchHistory'!C:C, "Town", 'Season 1 - MatchHistory'!D:D, "Win") | D65: =IFERROR(__xludf.DUMMYFUNCTION("TO_PERCENT(IFERROR($C65/$B65, 0))"),0.0) | E65: =COUNTIFS('Season 1 - MatchHistory'!$B:$B, $A65, 'Season 1 - MatchHistory'!$C:$C, "Mafia") | F65: =COUNTIFS('Season 1 - MatchHistory'!$B:$B, $A65, 'Season 1 - MatchHistory'!$C:$C, "Mafia", 'Season 1 - MatchHistory'!$D:$D, "Win") | G65: =IFERROR(__xludf.DUMMYFUNCTION("TO_PERCENT(IFERROR($F65/$E65, 0))"),0.0) | H65: =IFERROR(__xludf.DUMMYFUNCTION("TO_PERCENT(IFERROR(($F65+$C65)/($E65+$B65), 0))"),0.0) | I65: {=INDEX('Season 1 - MatchHistory'!$G:$G,MATCH(1,('Season 1 - MatchHistory'!$B:$B=$A65)*('Season 1 - MatchHistory'!$G:$G<>""),0))} | J65: {=INDEX('Season 1 - MatchHistory'!$H:$H,MATCH(1,('Season 1 - MatchHistory'!$B:$B=$A65)*('Season 1 - MatchHistory'!$H:$H<>""),0))} | K65: {=INDEX('Season 1 - MatchHistory'!$J:$J,MATCH(1,('Season 1 - MatchHistory'!$B:$B=$A65)*('Season 1 - MatchHistory'!$J:$J<>""),0))}
A66: Tambo | B66: =COUNTIFS('Season 1 - MatchHistory'!$B:$B, $A66, 'Season 1 - MatchHistory'!$C:$C, "Town") | C66: =COUNTIFS('Season 1 - MatchHistory'!B:B, A66, 'Season 1 - MatchHistory'!C:C, "Town", 'Season 1 - MatchHistory'!D:D, "Win") | D66: =IFERROR(__xludf.DUMMYFUNCTION("IF(EQ($B66, 0), TO_PERCENT(0), TO_PERCENT($C66/$B66))"),0.0) | E66: =COUNTIFS('Season 1 - MatchHistory'!$B:$B, $A66, 'Season 1 - MatchHistory'!$C:$C, "Mafia") | F66: =COUNTIFS('Season 1 - MatchHistory'!$B:$B, $A66, 'Season 1 - MatchHistory'!$C:$C, "Mafia", 'Season 1 - MatchHistory'!$D:$D, "Win") | G66: =IFERROR(__xludf.DUMMYFUNCTION("TO_PERCENT(IFERROR($F66/$E66, 0))"),0.0) | H66: =IFERROR(__xludf.DUMMYFUNCTION("TO_PERCENT(IFERROR(($F66+$C66)/($E66+$B66), 0))"),0.0) | I66: {=INDEX('Season 1 - MatchHistory'!$G:$G,MATCH(1,('Season 1 - MatchHistory'!$B:$B=$A66)*('Season 1 - MatchHistory'!$G:$G<>""),0))} | J66: {=INDEX('Season 1 - MatchHistory'!$H:$H,MATCH(1,('Season 1 - MatchHistory'!$B:$B=$A66)*('Season 1 - MatchHistory'!$H:$H<>""),0))} | K66: {=INDEX('Season 1 - MatchHistory'!$J:$J,MATCH(1,('Season 1 - MatchHistory'!$B:$B=$A66)*('Season 1 - MatchHistory'!$J:$J<>""),0))}
A67: Sam A | B67: =COUNTIFS('Season 1 - MatchHistory'!$B:$B, $A67, 'Season 1 - MatchHistory'!$C:$C, "Town") | C67: =COUNTIFS('Season 1 - MatchHistory'!B:B, A67, 'Season 1 - MatchHistory'!C:C, "Town", 'Season 1 - MatchHistory'!D:D, "Win") | D67: =IFERROR(__xludf.DUMMYFUNCTION("IF(EQ($B67, 0), TO_PERCENT(0), TO_PERCENT($C67/$B67))"),0.0) | E67: =COUNTIFS('Season 1 - MatchHistory'!$B:$B, $A67, 'Season 1 - MatchHistory'!$C:$C, "Mafia") | F67: =COUNTIFS('Season 1 - MatchHistory'!$B:$B, $A67, 'Season 1 - MatchHistory'!$C:$C, "Mafia", 'Season 1 - MatchHistory'!$D:$D, "Win") | G67: =IFERROR(__xludf.DUMMYFUNCTION("TO_PERCENT(IFERROR($F67/$E67, 0))"),0.0) | H67: =IFERROR(__xludf.DUMMYFUNCTION("TO_PERCENT(IFERROR(($F67+$C67)/($E67+$B67), 0))"),0.0) | I67: {=INDEX('Season 1 - MatchHistory'!$G:$G,MATCH(1,('Season 1 - MatchHistory'!$B:$B=$A67)*('Season 1 - MatchHistory'!$G:$G<>""),0))} | J67: {=INDEX('Season 1 - MatchHistory'!$H:$H,MATCH(1,('Season 1 - MatchHistory'!$B:$B=$A67)*('Season 1 - MatchHistory'!$H:$H<>""),0))} | K67: {=INDEX('Season 1 - MatchHistory'!$J:$J,MATCH(1,('Season 1 - MatchHistory'!$B:$B=$A67)*('Season 1 - MatchHistory'!$J:$J<>""),0))}
A68: Coffee | B68: =COUNTIFS('Season 1 - MatchHistory'!$B:$B, $A68, 'Season 1 - MatchHistory'!$C:$C, "Town") | C68: =COUNTIFS('Season 1 - MatchHistory'!B:B, A68, 'Season 1 - MatchHistory'!C:C, "Town", 'Season 1 - MatchHistory'!D:D, "Win") | D68: =IFERROR(__xludf.DUMMYFUNCTION("IF(EQ($B68, 0), TO_PERCENT(0), TO_PERCENT($C68/$B68))"),1.0) | E68: =COUNTIFS('Season 1 - MatchHistory'!$B:$B, $A68, 'Season 1 - MatchHistory'!$C:$C, "Mafia") | F68: =COUNTIFS('Season 1 - MatchHistory'!$B:$B, $A68, 'Season 1 - MatchHistory'!$C:$C, "Mafia", 'Season 1 - MatchHistory'!$D:$D, "Win") | G68: =IFERROR(__xludf.DUMMYFUNCTION("TO_PERCENT(IFERROR($F68/$E68, 0))"),0.0) | H68: =IFERROR(__xludf.DUMMYFUNCTION("TO_PERCENT(IFERROR(($F68+$C68)/($E68+$B68), 0))"),0.3333333333333333) | I68: {=INDEX('Season 1 - MatchHistory'!$G:$G,MATCH(1,('Season 1 - MatchHistory'!$B:$B=$A68)*('Season 1 - MatchHistory'!$G:$G<>""),0))} | J68: {=INDEX('Season 1 - MatchHistory'!$H:$H,MATCH(1,('Season 1 - MatchHistory'!$B:$B=$A68)*('Season 1 - MatchHistory'!$H:$H<>""),0))} | K68: {=INDEX('Season 1 - MatchHistory'!$J:$J,MATCH(1,('Season 1 - MatchHistory'!$B:$B=$A68)*('Season 1 - MatchHistory'!$J:$J<>""),0))}
A69: Robin | B69: =COUNTIFS('Season 1 - MatchHistory'!$B:$B, $A69, 'Season 1 - MatchHistory'!$C:$C, "Town") | C69: =COUNTIFS('Season 1 - MatchHistory'!B:B, A69, 'Season 1 - MatchHistory'!C:C, "Town", 'Season 1 - MatchHistory'!D:D, "Win") | D69: =IFERROR(__xludf.DUMMYFUNCTION("IF(EQ($B69, 0), TO_PERCENT(0), TO_PERCENT($C69/$B69))"),0.0) | E69: =COUNTIFS('Season 1 - MatchHistory'!$B:$B, $A69, 'Season 1 - MatchHistory'!$C:$C, "Mafia") | F69: =COUNTIFS('Season 1 - MatchHistory'!$B:$B, $A69, 'Season 1 - MatchHistory'!$C:$C, "Mafia", 'Season 1 - MatchHistory'!$D:$D, "Win") | G69: =IFERROR(__xludf.DUMMYFUNCTION("TO_PERCENT(IFERROR($F69/$E69, 0))"),0.0) | H69: =IFERROR(__xludf.DUMMYFUNCTION("TO_PERCENT(IFERROR(($F69+$C69)/($E69+$B69), 0))"),0.0) | I69: {=INDEX('Season 1 - MatchHistory'!$G:$G,MATCH(1,('Season 1 - MatchHistory'!$B:$B=$A69)*('Season 1 - MatchHistory'!$G:$G<>""),0))} | J69: {=INDEX('Season 1 - MatchHistory'!$H:$H,MATCH(1,('Season 1 - MatchHistory'!$B:$B=$A69)*('Season 1 - MatchHistory'!$H:$H<>""),0))} | K69: {=INDEX('Season 1 - MatchHistory'!$J:$J,MATCH(1,('Season 1 - MatchHistory'!$B:$B=$A69)*('Season 1 - MatchHistory'!$J:$J<>""),0))}
A70: Lovely | B70: =COUNTIFS('Season 1 - MatchHistory'!$B:$B, $A70, 'Season 1 - MatchHistory'!$C:$C, "Town") | C70: =COUNTIFS('Season 1 - MatchHistory'!B:B, A70, 'Season 1 - MatchHistory'!C:C, "Town", 'Season 1 - MatchHistory'!D:D, "Win") | D70: =IFERROR(__xludf.DUMMYFUNCTION("IF(EQ($B70, 0), TO_PERCENT(0), TO_PERCENT($C70/$B70))"),0.0) | E70: =COUNTIFS('Season 1 - MatchHistory'!$B:$B, $A70, 'Season 1 - MatchHistory'!$C:$C, "Mafia") | F70: =COUNTIFS('Season 1 - MatchHistory'!$B:$B, $A70, 'Season 1 - MatchHistory'!$C:$C, "Mafia", 'Season 1 - MatchHistory'!$D:$D, "Win") | G70: =IFERROR(__xludf.DUMMYFUNCTION("TO_PERCENT(IFERROR($F70/$E70, 0))"),0.0) | H70: =IFERROR(__xludf.DUMMYFUNCTION("TO_PERCENT(IFERROR(($F70+$C70)/($E70+$B70), 0))"),0.0) | I70: {=INDEX('Season 1 - MatchHistory'!$G:$G,MATCH(1,('Season 1 - MatchHistory'!$B:$B=$A70)*('Season 1 - MatchHistory'!$G:$G<>""),0))} | J70: {=INDEX('Season 1 - MatchHistory'!$H:$H,MATCH(1,('Season 1 - MatchHistory'!$B:$B=$A70)*('Season 1 - MatchHistory'!$H:$H<>""),0))} | K70: {=INDEX('Season 1 - MatchHistory'!$J:$J,MATCH(1,('Season 1 - MatchHistory'!$B:$B=$A70)*('Season 1 - MatchHistory'!$J:$J<>""),0))}
A71: Demon | B71: =COUNTIFS('Season 1 - MatchHistory'!$B:$B, $A71, 'Season 1 - MatchHistory'!$C:$C, "Town") | C71: =COUNTIFS('Season 1 - MatchHistory'!B:B, A71, 'Season 1 - MatchHistory'!C:C, "Town", 'Season 1 - MatchHistory'!D:D, "Win") | D71: =IFERROR(__xludf.DUMMYFUNCTION("IF(EQ($B71, 0), TO_PERCENT(0), TO_PERCENT($C71/$B71))"),0.5) | E71: =COUNTIFS('Season 1 - MatchHistory'!$B:$B, $A71, 'Season 1 - MatchHistory'!$C:$C, "Mafia") | F71: =COUNTIFS('Season 1 - MatchHistory'!$B:$B, $A71, 'Season 1 - MatchHistory'!$C:$C, "Mafia", 'Season 1 - MatchHistory'!$D:$D, "Win") | G71: =IFERROR(__xludf.DUMMYFUNCTION("TO_PERCENT(IFERROR($F71/$E71, 0))"),0.0) | H71: =IFERROR(__xludf.DUMMYFUNCTION("TO_PERCENT(IFERROR(($F71+$C71)/($E71+$B71), 0))"),0.3333333333333333) | I71: {=INDEX('Season 1 - MatchHistory'!$G:$G,MATCH(1,('Season 1 - MatchHistory'!$B:$B=$A71)*('Season 1 - MatchHistory'!$G:$G<>""),0))} | J71: {=INDEX('Season 1 - MatchHistory'!$H:$H,MATCH(1,('Season 1 - MatchHistory'!$B:$B=$A71)*('Season 1 - MatchHistory'!$H:$H<>""),0))} | K71: {=INDEX('Season 1 - MatchHistory'!$J:$J,MATCH(1,('Season 1 - MatchHistory'!$B:$B=$A71)*('Season 1 - MatchHistory'!$J:$J<>""),0))}
A72: QE | B72: =COUNTIFS('Season 1 - MatchHistory'!$B:$B, $A72, 'Season 1 - MatchHistory'!$C:$C, "Town") | C72: =COUNTIFS('Season 1 - MatchHistory'!B:B, A72, 'Season 1 - MatchHistory'!C:C, "Town", 'Season 1 - MatchHistory'!D:D, "Win") | D72: =IFERROR(__xludf.DUMMYFUNCTION("IF(EQ($B72, 0), TO_PERCENT(0), TO_PERCENT($C72/$B72))"),0.2857142857142857) | E72: =COUNTIFS('Season 1 - MatchHistory'!$B:$B, $A72, 'Season 1 - MatchHistory'!$C:$C, "Mafia") | F72: =COUNTIFS('Season 1 - MatchHistory'!$B:$B, $A72, 'Season 1 - MatchHistory'!$C:$C, "Mafia", 'Season 1 - MatchHistory'!$D:$D, "Win") | G72: =IFERROR(__xludf.DUMMYFUNCTION("TO_PERCENT(IFERROR($F72/$E72, 0))"),0.0) | H72: =IFERROR(__xludf.DUMMYFUNCTION("TO_PERCENT(IFERROR(($F72+$C72)/($E72+$B72), 0))"),0.2857142857142857) | I72: {=INDEX('Season 1 - MatchHistory'!$G:$G,MATCH(1,('Season 1 - MatchHistory'!$B:$B=$A72)*('Season 1 - MatchHistory'!$G:$G<>""),0))} | J72: {=INDEX('Season 1 - MatchHistory'!$H:$H,MATCH(1,('Season 1 - MatchHistory'!$B:$B=$A72)*('Season 1 - MatchHistory'!$H:$H<>""),0))} | K72: {=INDEX('Season 1 - MatchHistory'!$J:$J,MATCH(1,('Season 1 - MatchHistory'!$B:$B=$A72)*('Season 1 - MatchHistory'!$J:$J<>""),0))}
A73: Ramza | B73: =COUNTIFS('Season 1 - MatchHistory'!$B:$B, $A73, 'Season 1 - MatchHistory'!$C:$C, "Town") | C73: =COUNTIFS('Season 1 - MatchHistory'!B:B, A73, 'Season 1 - MatchHistory'!C:C, "Town", 'Season 1 - MatchHistory'!D:D, "Win") | D73: =IFERROR(__xludf.DUMMYFUNCTION("IF(EQ($B73, 0), TO_PERCENT(0), TO_PERCENT($C73/$B73))"),0.0) | E73: =COUNTIFS('Season 1 - MatchHistory'!$B:$B, $A73, 'Season 1 - MatchHistory'!$C:$C, "Mafia") | F73: =COUNTIFS('Season 1 - MatchHistory'!$B:$B, $A73, 'Season 1 - MatchHistory'!$C:$C, "Mafia", 'Season 1 - MatchHistory'!$D:$D, "Win") | G73: =IFERROR(__xludf.DUMMYFUNCTION("TO_PERCENT(IFERROR($F73/$E73, 0))"),0.0) | H73: =IFERROR(__xludf.DUMMYFUNCTION("TO_PERCENT(IFERROR(($F73+$C73)/($E73+$B73), 0))"),0.0) | I73: {=INDEX('Season 1 - MatchHistory'!$G:$G,MATCH(1,('Season 1 - MatchHistory'!$B:$B=$A73)*('Season 1 - MatchHistory'!$G:$G<>""),0))} | J73: {=INDEX('Season 1 - MatchHistory'!$H:$H,MATCH(1,('Season 1 - MatchHistory'!$B:$B=$A73)*('Season 1 - MatchHistory'!$H:$H<>""),0))} | K73: {=INDEX('Season 1 - MatchHistory'!$J:$J,MATCH(1,('Season 1 - MatchHistory'!$B:$B=$A73)*('Season 1 - MatchHistory'!$J:$J<>""),0))}
A74: DoubleA | B74: =COUNTIFS('Season 1 - MatchHistory'!$B:$B, $A74, 'Season 1 - MatchHistory'!$C:$C, "Town") | C74: =COUNTIFS('Season 1 - MatchHistory'!B:B, A74, 'Season 1 - MatchHistory'!C:C, "Town", 'Season 1 - MatchHistory'!D:D, "Win") | D74: =IFERROR(__xludf.DUMMYFUNCTION("IF(EQ($B74, 0), TO_PERCENT(0), TO_PERCENT($C74/$B74))"),0.0) | E74: =COUNTIFS('Season 1 - MatchHistory'!$B:$B, $A74, 'Season 1 - MatchHistory'!$C:$C, "Mafia") | F74: =COUNTIFS('Season 1 - MatchHistory'!$B:$B, $A74, 'Season 1 - MatchHistory'!$C:$C, "Mafia", 'Season 1 - MatchHistory'!$D:$D, "Win") | G74: =IFERROR(__xludf.DUMMYFUNCTION("TO_PERCENT(IFERROR($F74/$E74, 0))"),0.0) | H74: =IFERROR(__xludf.DUMMYFUNCTION("TO_PERCENT(IFERROR(($F74+$C74)/($E74+$B74), 0))"),0.0) | I74: {=INDEX('Season 1 - MatchHistory'!$G:$G,MATCH(1,('Season 1 - MatchHistory'!$B:$B=$A74)*('Season 1 - MatchHistory'!$G:$G<>""),0))} | J74: {=INDEX('Season 1 - MatchHistory'!$H:$H,MATCH(1,('Season 1 - MatchHistory'!$B:$B=$A74)*('Season 1 - MatchHistory'!$H:$H<>""),0))} | K74: {=INDEX('Season 1 - MatchHistory'!$J:$J,MATCH(1,('Season 1 - MatchHistory'!$B:$B=$A74)*('Season 1 - MatchHistory'!$J:$J<>""),0))}
A75: Jerm | B75: =COUNTIFS('Season 1 - MatchHistory'!$B:$B, $A75, 'Season 1 - MatchHistory'!$C:$C, "Town") | C75: =COUNTIFS('Season 1 - MatchHistory'!B:B, A75, 'Season 1 - MatchHistory'!C:C, "Town", 'Season 1 - MatchHistory'!D:D, "Win") | D75: =IFERROR(__xludf.DUMMYFUNCTION("IF(EQ($B75, 0), TO_PERCENT(0), TO_PERCENT($C75/$B75))"),0.0) | E75: =COUNTIFS('Season 1 - MatchHistory'!$B:$B, $A75, 'Season 1 - MatchHistory'!$C:$C, "Mafia") | F75: =COUNTIFS('Season 1 - MatchHistory'!$B:$B, $A75, 'Season 1 - MatchHistory'!$C:$C, "Mafia", 'Season 1 - MatchHistory'!$D:$D, "Win") | G75: =IFERROR(__xludf.DUMMYFUNCTION("TO_PERCENT(IFERROR($F75/$E75, 0))"),0.0) | H75: =IFERROR(__xludf.DUMMYFUNCTION("TO_PERCENT(IFERROR(($F75+$C75)/($E75+$B75), 0))"),0.0) | I75: {=INDEX('Season 1 - MatchHistory'!$G:$G,MATCH(1,('Season 1 - MatchHistory'!$B:$B=$A75)*('Season 1 - MatchHistory'!$G:$G<>""),0))} | J75: {=INDEX('Season 1 - MatchHistory'!$H:$H,MATCH(1,('Season 1 - MatchHistory'!$B:$B=$A75)*('Season 1 - MatchHistory'!$H:$H<>""),0))} | K75: {=INDEX('Season 1 - MatchHistory'!$J:$J,MATCH(1,('Season 1 - MatchHistory'!$B:$B=$A75)*('Season 1 - MatchHistory'!$J:$J<>""),0))}
A76: Svaan | B76: =COUNTIFS('Season 1 - MatchHistory'!$B:$B, $A76, 'Season 1 - MatchHistory'!$C:$C, "Town") | C76: =COUNTIFS('Season 1 - MatchHistory'!B:B, A76, 'Season 1 - MatchHistory'!C:C, "Town", 'Season 1 - MatchHistory'!D:D, "Win") | D76: =IFERROR(__xludf.DUMMYFUNCTION("IF(EQ($B76, 0), TO_PERCENT(0), TO_PERCENT($C76/$B76))"),0.2) | E76: =COUNTIFS('Season 1 - MatchHistory'!$B:$B, $A76, 'Season 1 - MatchHistory'!$C:$C, "Mafia") | F76: =COUNTIFS('Season 1 - MatchHistory'!$B:$B, $A76, 'Season 1 - MatchHistory'!$C:$C, "Mafia", 'Season 1 - MatchHistory'!$D:$D, "Win") | G76: =IFERROR(__xludf.DUMMYFUNCTION("TO_PERCENT(IFERROR($F76/$E76, 0))"),0.5) | H76: =IFERROR(__xludf.DUMMYFUNCTION("TO_PERCENT(IFERROR(($F76+$C76)/($E76+$B76), 0))"),0.2857142857142857) | I76: {=INDEX('Season 1 - MatchHistory'!$G:$G,MATCH(1,('Season 1 - MatchHistory'!$B:$B=$A76)*('Season 1 - MatchHistory'!$G:$G<>""),0))} | J76: {=INDEX('Season 1 - MatchHistory'!$H:$H,MATCH(1,('Season 1 - MatchHistory'!$B:$B=$A76)*('Season 1 - MatchHistory'!$H:$H<>""),0))} | K76: {=INDEX('Season 1 - MatchHistory'!$J:$J,MATCH(1,('Season 1 - MatchHistory'!$B:$B=$A76)*('Season 1 - MatchHistory'!$J:$J<>""),0))}
A77: Danny | B77: =COUNTIFS('Season 1 - MatchHistory'!$B:$B, $A77, 'Season 1 - MatchHistory'!$C:$C, "Town") | C77: =COUNTIFS('Season 1 - MatchHistory'!B:B, A77, 'Season 1 - MatchHistory'!C:C, "Town", 'Season 1 - MatchHistory'!D:D, "Win") | D77: =IFERROR(__xludf.DUMMYFUNCTION("IF(EQ($B77, 0), TO_PERCENT(0), TO_PERCENT($C77/$B77))"),0.0) | E77: =COUNTIFS('Season 1 - MatchHistory'!$B:$B, $A77, 'Season 1 - MatchHistory'!$C:$C, "Mafia") | F77: =COUNTIFS('Season 1 - MatchHistory'!$B:$B, $A77, 'Season 1 - MatchHistory'!$C:$C, "Mafia", 'Season 1 - MatchHistory'!$D:$D, "Win") | G77: =IFERROR(__xludf.DUMMYFUNCTION("TO_PERCENT(IFERROR($F77/$E77, 0))"),0.0) | H77: =IFERROR(__xludf.DUMMYFUNCTION("TO_PERCENT(IFERROR(($F77+$C77)/($E77+$B77), 0))"),0.0) | I77: {=INDEX('Season 1 - MatchHistory'!$G:$G,MATCH(1,('Season 1 - MatchHistory'!$B:$B=$A77)*('Season 1 - MatchHistory'!$G:$G<>""),0))} | J77: {=INDEX('Season 1 - MatchHistory'!$H:$H,MATCH(1,('Season 1 - MatchHistory'!$B:$B=$A77)*('Season 1 - MatchHistory'!$H:$H<>""),0))} | K77: {=INDEX('Season 1 - MatchHistory'!$J:$J,MATCH(1,('Season 1 - MatchHistory'!$B:$B=$A77)*('Season 1 - MatchHistory'!$J:$J<>""),0))}
A78: Augi | B78: =COUNTIFS('Season 1 - MatchHistory'!$B:$B, $A78, 'Season 1 - MatchHistory'!$C:$C, "Town") | C78: =COUNTIFS('Season 1 - MatchHistory'!B:B, A78, 'Season 1 - MatchHistory'!C:C, "Town", 'Season 1 - MatchHistory'!D:D, "Win") | D78: =IFERROR(__xludf.DUMMYFUNCTION("IF(EQ($B78, 0), TO_PERCENT(0), TO_PERCENT($C78/$B78))"),0.0) | E78: =COUNTIFS('Season 1 - MatchHistory'!$B:$B, $A78, 'Season 1 - MatchHistory'!$C:$C, "Mafia") | F78: =COUNTIFS('Season 1 - MatchHistory'!$B:$B, $A78, 'Season 1 - MatchHistory'!$C:$C, "Mafia", 'Season 1 - MatchHistory'!$D:$D, "Win") | G78: =IFERROR(__xludf.DUMMYFUNCTION("TO_PERCENT(IFERROR($F78/$E78, 0))"),0.0) | H78: =IFERROR(__xludf.DUMMYFUNCTION("TO_PERCENT(IFERROR(($F78+$C78)/($E78+$B78), 0))"),0.0) | I78: {=INDEX('Season 1 - MatchHistory'!$G:$G,MATCH(1,('Season 1 - MatchHistory'!$B:$B=$A78)*('Season 1 - MatchHistory'!$G:$G<>""),0))} | J78: {=INDEX('Season 1 - MatchHistory'!$H:$H,MATCH(1,('Season 1 - MatchHistory'!$B:$B=$A78)*('Season 1 - MatchHistory'!$H:$H<>""),0))} | K78: {=INDEX('Season 1 - MatchHistory'!$J:$J,MATCH(1,('Season 1 - MatchHistory'!$B:$B=$A78)*('Season 1 - MatchHistory'!$J:$J<>""),0))}
A79: Raf | B79: =COUNTIFS('Season 1 - MatchHistory'!$B:$B, $A79, 'Season 1 - MatchHistory'!$C:$C, "Town") | C79: =COUNTIFS('Season 1 - MatchHistory'!B:B, A79, 'Season 1 - MatchHistory'!C:C, "Town", 'Season 1 - MatchHistory'!D:D, "Win") | D79: =IFERROR(__xludf.DUMMYFUNCTION("IF(EQ($B79, 0), TO_PERCENT(0), TO_PERCENT($C79/$B79))"),0.0) | E79: =COUNTIFS('Season 1 - MatchHistory'!$B:$B, $A79, 'Season 1 - MatchHistory'!$C:$C, "Mafia") | F79: =COUNTIFS('Season 1 - MatchHistory'!$B:$B, $A79, 'Season 1 - MatchHistory'!$C:$C, "Mafia", 'Season 1 - MatchHistory'!$D:$D, "Win") | G79: =IFERROR(__xludf.DUMMYFUNCTION("TO_PERCENT(IFERROR($F79/$E79, 0))"),0.0) | H79: =IFERROR(__xludf.DUMMYFUNCTION("TO_PERCENT(IFERROR(($F79+$C79)/($E79+$B79), 0))"),0.0) | I79: {=INDEX('Season 1 - MatchHistory'!$G:$G,MATCH(1,('Season 1 - MatchHistory'!$B:$B=$A79)*('Season 1 - MatchHistory'!$G:$G<>""),0))} | J79: {=INDEX('Season 1 - MatchHistory'!$H:$H,MATCH(1,('Season 1 - MatchHistory'!$B:$B=$A79)*('Season 1 - MatchHistory'!$H:$H<>""),0))} | K79: {=INDEX('Season 1 - MatchHistory'!$J:$J,MATCH(1,('Season 1 - MatchHistory'!$B:$B=$A79)*('Season 1 - MatchHistory'!$J:$J<>""),0))}
A80: Guy | B80: =COUNTIFS('Season 1 - MatchHistory'!$B:$B, $A80, 'Season 1 - MatchHistory'!$C:$C, "Town") | C80: =COUNTIFS('Season 1 - MatchHistory'!B:B, A80, 'Season 1 - MatchHistory'!C:C, "Town", 'Season 1 - MatchHistory'!D:D, "Win") | D80: =IFERROR(__xludf.DUMMYFUNCTION("IF(EQ($B80, 0), TO_PERCENT(0), TO_PERCENT($C80/$B80))"),0.0) | E80: =COUNTIFS('Season 1 - MatchHistory'!$B:$B, $A80, 'Season 1 - MatchHistory'!$C:$C, "Mafia") | F80: =COUNTIFS('Season 1 - MatchHistory'!$B:$B, $A80, 'Season 1 - MatchHistory'!$C:$C, "Mafia", 'Season 1 - MatchHistory'!$D:$D, "Win") | G80: =IFERROR(__xludf.DUMMYFUNCTION("TO_PERCENT(IFERROR($F80/$E80, 0))"),0.0) | H80: =IFERROR(__xludf.DUMMYFUNCTION("TO_PERCENT(IFERROR(($F80+$C80)/($E80+$B80), 0))"),0.0) | I80: {=INDEX('Season 1 - MatchHistory'!$G:$G,MATCH(1,('Season 1 - MatchHistory'!$B:$B=$A80)*('Season 1 - MatchHistory'!$G:$G<>""),0))} | J80: {=INDEX('Season 1 - MatchHistory'!$H:$H,MATCH(1,('Season 1 - MatchHistory'!$B:$B=$A80)*('Season 1 - MatchHistory'!$H:$H<>""),0))} | K80: {=INDEX('Season 1 - MatchHistory'!$J:$J,MATCH(1,('Season 1 - MatchHistory'!$B:$B=$A80)*('Season 1 - MatchHistory'!$J:$J<>""),0))}
A81: Wiggles | B81: =COUNTIFS('Season 1 - MatchHistory'!$B:$B, $A81, 'Season 1 - MatchHistory'!$C:$C, "Town") | C81: =COUNTIFS('Season 1 - MatchHistory'!B:B, A81, 'Season 1 - MatchHistory'!C:C, "Town", 'Season 1 - MatchHistory'!D:D, "Win") | D81: =IFERROR(__xludf.DUMMYFUNCTION("IF(EQ($B81, 0), TO_PERCENT(0), TO_PERCENT($C81/$B81))"),0.0) | E81: =COUNTIFS('Season 1 - MatchHistory'!$B:$B, $A81, 'Season 1 - MatchHistory'!$C:$C, "Mafia") | F81: =COUNTIFS('Season 1 - MatchHistory'!$B:$B, $A81, 'Season 1 - MatchHistory'!$C:$C, "Mafia", 'Season 1 - MatchHistory'!$D:$D, "Win") | G81: =IFERROR(__xludf.DUMMYFUNCTION("TO_PERCENT(IFERROR($F81/$E81, 0))"),0.0) | H81: =IFERROR(__xludf.DUMMYFUNCTION("TO_PERCENT(IFERROR(($F81+$C81)/($E81+$B81), 0))"),0.0) | I81: {=INDEX('Season 1 - MatchHistory'!$G:$G,MATCH(1,('Season 1 - MatchHistory'!$B:$B=$A81)*('Season 1 - MatchHistory'!$G:$G<>""),0))} | J81: {=INDEX('Season 1 - MatchHistory'!$H:$H,MATCH(1,('Season 1 - MatchHistory'!$B:$B=$A81)*('Season 1 - MatchHistory'!$H:$H<>""),0))} | K81: {=INDEX('Season 1 - MatchHistory'!$J:$J,MATCH(1,('Season 1 - MatchHistory'!$B:$B=$A81)*('Season 1 - MatchHistory'!$J:$J<>""),0))}
A82: Trump | B82: =COUNTIFS('Season 1 - MatchHistory'!$B:$B, $A82, 'Season 1 - MatchHistory'!$C:$C, "Town") | C82: =COUNTIFS('Season 1 - MatchHistory'!B:B, A82, 'Season 1 - MatchHistory'!C:C, "Town", 'Season 1 - MatchHistory'!D:D, "Win") | D82: =IFERROR(__xludf.DUMMYFUNCTION("IF(EQ($B82, 0), TO_PERCENT(0), TO_PERCENT($C82/$B82))"),0.2) | E82: =COUNTIFS('Season 1 - MatchHistory'!$B:$B, $A82, 'Season 1 - MatchHistory'!$C:$C, "Mafia") | F82: =COUNTIFS('Season 1 - MatchHistory'!$B:$B, $A82, 'Season 1 - MatchHistory'!$C:$C, "Mafia", 'Season 1 - MatchHistory'!$D:$D, "Win") | G82: =IFERROR(__xludf.DUMMYFUNCTION("TO_PERCENT(IFERROR($F82/$E82, 0))"),0.5) | H82: =IFERROR(__xludf.DUMMYFUNCTION("TO_PERCENT(IFERROR(($F82+$C82)/($E82+$B82), 0))"),0.2857142857142857) | I82: {=INDEX('Season 1 - MatchHistory'!$G:$G,MATCH(1,('Season 1 - MatchHistory'!$B:$B=$A82)*('Season 1 - MatchHistory'!$G:$G<>""),0))} | J82: {=INDEX('Season 1 - MatchHistory'!$H:$H,MATCH(1,('Season 1 - MatchHistory'!$B:$B=$A82)*('Season 1 - MatchHistory'!$H:$H<>""),0))} | K82: {=INDEX('Season 1 - MatchHistory'!$J:$J,MATCH(1,('Season 1 - MatchHistory'!$B:$B=$A82)*('Season 1 - MatchHistory'!$J:$J<>""),0))}
A83: Elmo | B83: =COUNTIFS('Season 1 - MatchHistory'!$B:$B, $A83, 'Season 1 - MatchHistory'!$C:$C, "Town") | C83: =COUNTIFS('Season 1 - MatchHistory'!B:B, A83, 'Season 1 - MatchHistory'!C:C, "Town", 'Season 1 - MatchHistory'!D:D, "Win") | D83: =IFERROR(__xludf.DUMMYFUNCTION("IF(EQ($B83, 0), TO_PERCENT(0), TO_PERCENT($C83/$B83))"),0.2) | E83: =COUNTIFS('Season 1 - MatchHistory'!$B:$B, $A83, 'Season 1 - MatchHistory'!$C:$C, "Mafia") | F83: =COUNTIFS('Season 1 - MatchHistory'!$B:$B, $A83, 'Season 1 - MatchHistory'!$C:$C, "Mafia", 'Season 1 - MatchHistory'!$D:$D, "Win") | G83: =IFERROR(__xludf.DUMMYFUNCTION("TO_PERCENT(IFERROR($F83/$E83, 0))"),0.0) | H83: =IFERROR(__xludf.DUMMYFUNCTION("TO_PERCENT(IFERROR(($F83+$C83)/($E83+$B83), 0))"),0.2) | I83: {=INDEX('Season 1 - MatchHistory'!$G:$G,MATCH(1,('Season 1 - MatchHistory'!$B:$B=$A83)*('Season 1 - MatchHistory'!$G:$G<>""),0))} | J83: {=INDEX('Season 1 - MatchHistory'!$H:$H,MATCH(1,('Season 1 - MatchHistory'!$B:$B=$A83)*('Season 1 - MatchHistory'!$H:$H<>""),0))} | K83: {=INDEX('Season 1 - MatchHistory'!$J:$J,MATCH(1,('Season 1 - MatchHistory'!$B:$B=$A83)*('Season 1 - MatchHistory'!$J:$J<>""),0))}
A84: Paradox | B84: =COUNTIFS('Season 1 - MatchHistory'!$B:$B, $A84, 'Season 1 - MatchHistory'!$C:$C, "Town") | C84: =COUNTIFS('Season 1 - MatchHistory'!B:B, A84, 'Season 1 - MatchHistory'!C:C, "Town", 'Season 1 - MatchHistory'!D:D, "Win") | D84: =IFERROR(__xludf.DUMMYFUNCTION("IF(EQ($B84, 0), TO_PERCENT(0), TO_PERCENT($C84/$B84))"),0.0) | E84: =COUNTIFS('Season 1 - MatchHistory'!$B:$B, $A84, 'Season 1 - MatchHistory'!$C:$C, "Mafia") | F84: =COUNTIFS('Season 1 - MatchHistory'!$B:$B, $A84, 'Season 1 - MatchHistory'!$C:$C, "Mafia", 'Season 1 - MatchHistory'!$D:$D, "Win") | G84: =IFERROR(__xludf.DUMMYFUNCTION("TO_PERCENT(IFERROR($F84/$E84, 0))"),0.0) | H84: =IFERROR(__xludf.DUMMYFUNCTION("TO_PERCENT(IFERROR(($F84+$C84)/($E84+$B84), 0))"),0.0) | I84: {=INDEX('Season 1 - MatchHistory'!$G:$G,MATCH(1,('Season 1 - MatchHistory'!$B:$B=$A84)*('Season 1 - MatchHistory'!$G:$G<>""),0))} | J84: {=INDEX('Season 1 - MatchHistory'!$H:$H,MATCH(1,('Season 1 - MatchHistory'!$B:$B=$A84)*('Season 1 - MatchHistory'!$H:$H<>""),0))} | K84: {=INDEX('Season 1 - MatchHistory'!$J:$J,MATCH(1,('Season 1 - MatchHistory'!$B:$B=$A84)*('Season 1 - MatchHistory'!$J:$J<>""),0))}
A85: Ghostie | B85: =COUNTIFS('Season 1 - MatchHistory'!$B:$B, $A85, 'Season 1 - MatchHistory'!$C:$C, "Town") | C85: =COUNTIFS('Season 1 - MatchHistory'!B:B, A85, 'Season 1 - MatchHistory'!C:C, "Town", 'Season 1 - MatchHistory'!D:D, "Win") | D85: =IFERROR(__xludf.DUMMYFUNCTION("IF(EQ($B85, 0), TO_PERCENT(0), TO_PERCENT($C85/$B85))"),0.0) | E85: =COUNTIFS('Season 1 - MatchHistory'!$B:$B, $A85, 'Season 1 - MatchHistory'!$C:$C, "Mafia") | F85: =COUNTIFS('Season 1 - MatchHistory'!$B:$B, $A85, 'Season 1 - MatchHistory'!$C:$C, "Mafia", 'Season 1 - MatchHistory'!$D:$D, "Win") | G85: =IFERROR(__xludf.DUMMYFUNCTION("TO_PERCENT(IFERROR($F85/$E85, 0))"),0.0) | H85: =IFERROR(__xludf.DUMMYFUNCTION("TO_PERCENT(IFERROR(($F85+$C85)/($E85+$B85), 0))"),0.0) | I85: {=INDEX('Season 1 - MatchHistory'!$G:$G,MATCH(1,('Season 1 - MatchHistory'!$B:$B=$A85)*('Season 1 - MatchHistory'!$G:$G<>""),0))} | J85: {=INDEX('Season 1 - MatchHistory'!$H:$H,MATCH(1,('Season 1 - MatchHistory'!$B:$B=$A85)*('Season 1 - MatchHistory'!$H:$H<>""),0))} | K85: {=INDEX('Season 1 - MatchHistory'!$J:$J,MATCH(1,('Season 1 - MatchHistory'!$B:$B=$A85)*('Season 1 - MatchHistory'!$J:$J<>""),0))}
A86: Ragsy | B86: =COUNTIFS('Season 1 - MatchHistory'!$B:$B, $A86, 'Season 1 - MatchHistory'!$C:$C, "Town") | C86: =COUNTIFS('Season 1 - MatchHistory'!B:B, A86, 'Season 1 - MatchHistory'!C:C, "Town", 'Season 1 - MatchHistory'!D:D, "Win") | D86: =IFERROR(__xludf.DUMMYFUNCTION("IF(EQ($B86, 0), TO_PERCENT(0), TO_PERCENT($C86/$B86))"),0.0) | E86: =COUNTIFS('Season 1 - MatchHistory'!$B:$B, $A86, 'Season 1 - MatchHistory'!$C:$C, "Mafia") | F86: =COUNTIFS('Season 1 - MatchHistory'!$B:$B, $A86, 'Season 1 - MatchHistory'!$C:$C, "Mafia", 'Season 1 - MatchHistory'!$D:$D, "Win") | G86: =IFERROR(__xludf.DUMMYFUNCTION("TO_PERCENT(IFERROR($F86/$E86, 0))"),0.0) | H86: =IFERROR(__xludf.DUMMYFUNCTION("TO_PERCENT(IFERROR(($F86+$C86)/($E86+$B86), 0))"),0.0) | I86: {=INDEX('Season 1 - MatchHistory'!$G:$G,MATCH(1,('Season 1 - MatchHistory'!$B:$B=$A86)*('Season 1 - MatchHistory'!$G:$G<>""),0))} | J86: {=INDEX('Season 1 - MatchHistory'!$H:$H,MATCH(1,('Season 1 - MatchHistory'!$B:$B=$A86)*('Season 1 - MatchHistory'!$H:$H<>""),0))} | K86: {=INDEX('Season 1 - MatchHistory'!$J:$J,MATCH(1,('Season 1 - MatchHistory'!$B:$B=$A86)*('Season 1 - MatchHistory'!$J:$J<>""),0))}
A87: Justice | B87: =COUNTIFS('Season 1 - MatchHistory'!$B:$B, $A87, 'Season 1 - MatchHistory'!$C:$C, "Town") | C87: =COUNTIFS('Season 1 - MatchHistory'!B:B, A87, 'Season 1 - MatchHistory'!C:C, "Town", 'Season 1 - MatchHistory'!D:D, "Win") | D87: =IFERROR(__xludf.DUMMYFUNCTION("IF(EQ($B87, 0), TO_PERCENT(0), TO_PERCENT($C87/$B87))"),0.25) | E87: =COUNTIFS('Season 1 - MatchHistory'!$B:$B, $A87, 'Season 1 - MatchHistory'!$C:$C, "Mafia") | F87: =COUNTIFS('Season 1 - MatchHistory'!$B:$B, $A87, 'Season 1 - MatchHistory'!$C:$C, "Mafia", 'Season 1 - MatchHistory'!$D:$D, "Win") | G87: =IFERROR(__xludf.DUMMYFUNCTION("TO_PERCENT(IFERROR($F87/$E87, 0))"),0.6) | H87: =IFERROR(__xludf.DUMMYFUNCTION("TO_PERCENT(IFERROR(($F87+$C87)/($E87+$B87), 0))"),0.3333333333333333) | I87: {=INDEX('Season 1 - MatchHistory'!$G:$G,MATCH(1,('Season 1 - MatchHistory'!$B:$B=$A87)*('Season 1 - MatchHistory'!$G:$G<>""),0))} | J87: {=INDEX('Season 1 - MatchHistory'!$H:$H,MATCH(1,('Season 1 - MatchHistory'!$B:$B=$A87)*('Season 1 - MatchHistory'!$H:$H<>""),0))} | K87: {=INDEX('Season 1 - MatchHistory'!$J:$J,MATCH(1,('Season 1 - MatchHistory'!$B:$B=$A87)*('Season 1 - MatchHistory'!$J:$J<>""),0))}
